id_Inscrit_site,study_level,domaine_etude,profile,Region,Departement,score_fraicheur,score_intention,score_engagement,score_total,lead_class,a_visite_salon,est_venu_salon,nb_salons,nb_emails_ouverts,nb_emails_cliques,nb_campagnes_recues,a_utilise_agent,nb_conversations,optin_letudiant_actuel,optin_commercial_actuel,Proba_CSP_Plus,Proba_CSP_Moins,ACTIF
7650042,Terminale,"Droit, science politique, administration publique",Lycéen,Île-de-France,Seine-et-Marne (77),30,40,25,95,A,1,1,1,55,8,273,1,1,True,True,0.27184150698278664,0.7281584930172134,Toujours inscrit
6694587,Terminale,Sport,_ETUDIANT / ÉLÈVE,Nouvelle-Aquitaine,Landes (40),30,30,30,90,A,1,1,3,465,114,316,0,0,True,False,0.11509194673430564,0.8849080532656943,Toujours inscrit
7735115,Première,"Sciences de la Terre (environnement, agriculture, agronomie ...)",Parent,Occitanie,Aveyron (12),30,30,30,90,A,1,1,2,8,4,55,0,0,True,False,0.13467603211009174,0.8653239678899083,Toujours inscrit
6010399,Terminale,Sport,Parent,Grand Est,Haut-Rhin (68),30,30,30,90,A,1,1,2,348,44,372,0,0,False,False,0.21028858218318694,0.7897114178168131,Toujours inscrit
3432227,CAP/BEP,"Communication, information, journalisme","En recherche d'emploi, de stage / Jeune diplômé",,,30,30,30,90,A,1,1,3,885,57,309,0,0,True,True,,,Toujours inscrit
3958574,Terminale,"International, études à l'étranger",Parent,,,30,30,30,90,A,1,1,15,15,15,1,0,0,False,False,,,Toujours inscrit
5665200,Première,"Digital, Informatique, multimédia",Lycéen,,,30,30,30,90,A,1,1,5,1795,345,456,0,0,True,False,,,Toujours inscrit
5730690,Première,"Sciences de la Terre (environnement, agriculture, agronomie ...)",_ETUDIANT / ÉLÈVE,,,30,30,30,90,A,1,1,6,306,18,330,0,0,True,True,,,Toujours inscrit
7142638,Terminale,Technologie industrielle,Lycéen,Auvergne-Rhône-Alpes,Ain (01),30,30,30,90,A,1,1,2,188,8,347,0,0,True,True,0.135800387760263,0.864199612239737,Toujours inscrit
4887914,Terminale,Luxe,Lycéen,Provence-Alpes-Côte d'Azur,Alpes-Maritimes (06),30,30,30,90,A,1,1,3,183,3,65,0,0,False,False,0.24227920227920227,0.7577207977207977,Toujours inscrit
6971872,Première,"Santé, paramédical",Lycéen,Provence-Alpes-Côte d'Azur,Alpes-Maritimes (06),30,30,30,90,A,1,1,3,585,6,209,0,0,True,False,0.1819503683598294,0.8180496316401706,Toujours inscrit
7928649,Première,"Droit, science politique, administration publique",Parent,Provence-Alpes-Côte d'Azur,Alpes-Maritimes (06),30,30,30,90,A,1,1,2,160,8,87,0,0,True,True,0.17853703145216993,0.8214629685478301,Toujours inscrit
8728014,Terminale technologique,"Lettres, langues et sciences humaines",_ETUDIANT / ÉLÈVE,Provence-Alpes-Côte d'Azur,Alpes-Maritimes (06),30,30,30,90,A,1,1,3,48,6,54,0,0,True,True,0.16624411445128576,0.8337558855487143,Toujours inscrit
6455501,Première,Sport,Parent,Provence-Alpes-Côte d'Azur,Alpes-Maritimes (06),30,30,30,90,A,1,1,2,58,8,110,0,0,True,True,0.15675735579320663,0.8432426442067934,Toujours inscrit
6443832,Première technologique,"Sciences de la Terre (environnement, agriculture, agronomie ...)",Lycéen,Provence-Alpes-Côte d'Azur,Bouches-du-Rhône (13),30,30,30,90,A,1,1,3,516,9,245,0,0,True,True,0.2395397598656416,0.7604602401343584,Toujours inscrit
7808122,Première,"Sciences de la matière (chimie, physique, matériaux, optique…)",Parent,Provence-Alpes-Côte d'Azur,Bouches-du-Rhône (13),30,30,30,90,A,1,1,4,25,5,90,0,0,True,False,0.1982573726541555,0.8017426273458444,Toujours inscrit
6934207,Terminale,Sport,Parent,Provence-Alpes-Côte d'Azur,Bouches-du-Rhône (13),30,30,30,90,A,1,1,2,116,22,227,0,0,True,True,0.12553614093669938,0.8744638590633006,Toujours inscrit
6007666,Terminale,"Sciences de la matière (chimie, physique, matériaux, optique…)",Parent,Nouvelle-Aquitaine,Charente-Maritime (17),30,30,30,90,A,1,1,8,112,24,39,0,0,True,,0.15893043933054393,0.841069560669456,Toujours inscrit
6610761,Terminale,"Architecture, géographie, aménagement",_ETUDIANT / ÉLÈVE,Bretagne,Côtes d'Armor (22),30,30,30,90,A,1,1,2,255,6,93,0,0,True,False,0.15396538362180315,0.8460346163781969,Toujours inscrit
5283900,Terminale,"Energie, électricité",Parent,Nouvelle-Aquitaine,Deux-Sèvres (79),30,30,30,90,A,1,1,3,15,3,66,0,0,True,False,0.11375432525951557,0.8862456747404844,Toujours inscrit
6143064,Terminale technologique,Technologie industrielle,Parent,Nouvelle-Aquitaine,Deux-Sèvres (79),30,30,30,90,A,1,1,2,328,4,247,0,0,True,False,0.07633863965267727,0.9236613603473227,Toujours inscrit
6342452,Seconde Générale et Technologique,"Commerce, vente, marketing",_ETUDIANT / ÉLÈVE,Auvergne-Rhône-Alpes,Drôme (26),30,30,30,90,A,1,1,5,10,5,2,0,0,False,False,0.20827101405922824,0.7917289859407718,Toujours inscrit
7828887,Première,"Action sociale, animation, sciences sociales",Parent,Île-de-France,Essonne (91),30,30,30,90,A,1,1,4,32,4,59,0,0,True,True,0.16960390856744023,0.8303960914325598,Toujours inscrit
7942616,Seconde Générale et Technologique,Technologie industrielle,Lycéen,Île-de-France,Essonne (91),30,30,30,90,A,1,1,2,92,4,176,0,0,True,True,0.3217678645187939,0.6782321354812061,Toujours inscrit
8549661,Première,"International, études à l'étranger",Lycéen,Île-de-France,Essonne (91),30,35,25,90,A,1,0,1,38,4,73,1,2,True,False,0.28355635039759847,0.7164436496024016,Toujours inscrit
6532427,Seconde Générale et Technologique,"Sciences de la vie (biologie, biotechnologies...)",Collégien,Normandie,Eure (27),30,30,30,90,A,1,1,2,360,8,184,0,0,True,False,0.13559501722767028,0.8644049827723297,Toujours inscrit
5972209,Terminale,"Architecture, géographie, aménagement",Parent,Bretagne,Finistère (29),30,30,30,90,A,1,1,2,204,10,105,0,0,True,False,0.14924903074467044,0.8507509692553296,Toujours inscrit
8138074,Bac +5 et au delà,"Banque, assurance, finance, immobilier",_ETUDIANT / ÉLÈVE,Occitanie,Gard (30),30,30,30,90,A,1,1,2,14,6,76,0,0,True,False,0.1356842545510577,0.8643157454489423,Toujours inscrit
3094224,Terminale,Economie,Lycéen,Occitanie,Gard (30),30,30,30,90,A,1,1,7,2230,20,272,0,0,True,False,0.14157877916267178,0.8584212208373282,Toujours inscrit
6288923,Bac+1,"International, études à l'étranger",_ETUDIANT / ÉLÈVE,Nouvelle-Aquitaine,Gironde (33),30,30,30,90,A,1,1,2,928,6,506,0,0,True,True,0.2072480181200453,0.7927519818799547,Toujours inscrit
4942784,Première,"Commerce, vente, marketing",_ETUDIANT / ÉLÈVE,Nouvelle-Aquitaine,Gironde (33),30,30,30,90,A,1,1,6,1494,168,466,0,0,True,True,0.20372535917139994,0.7962746408286001,Toujours inscrit
7762381,Terminale Pro,"Communication, information, journalisme",_ETUDIANT / ÉLÈVE,Occitanie,Haute-Garonne (31),30,30,30,90,A,1,1,3,84,6,29,0,0,False,False,0.21565372312426612,0.7843462768757339,Toujours inscrit
7066811,Bac+2,"Communication, information, journalisme",_ETUDIANT / ÉLÈVE,Occitanie,Haute-Garonne (31),30,30,30,90,A,1,1,2,30,4,201,0,0,True,False,0.24108351876927817,0.7589164812307219,Toujours inscrit
5976929,3ème,"Action sociale, animation, sciences sociales",Parent,Auvergne-Rhône-Alpes,Haute-Savoie (74),30,30,30,90,A,1,1,4,1048,44,274,0,0,True,True,0.21303962922460032,0.7869603707753997,Toujours inscrit
6103501,Terminale,"International, études à l'étranger",_ETUDIANT / ÉLÈVE,Auvergne-Rhône-Alpes,Haute-Savoie (74),30,30,30,90,A,1,1,3,39,6,229,0,0,True,True,0.16314569987733407,0.8368543001226659,Toujours inscrit
7240604,Terminale,Economie,Lycéen,Île-de-France,Hauts-de-Seine (92),30,30,30,90,A,1,1,2,144,12,352,0,0,True,True,0.3781813068718237,0.6218186931281763,Toujours inscrit
6024570,Terminale,"Action sociale, animation, sciences sociales",Parent,Île-de-France,Hauts-de-Seine (92),30,30,30,90,A,1,1,10,506,11,375,0,0,True,False,0.10813891362422083,0.8918610863757792,Toujours inscrit
8280068,Première,"Communication, information, journalisme",Lycéen,Île-de-France,Hauts-de-Seine (92),30,30,30,90,A,1,1,2,58,14,121,0,0,True,False,0.27706531464360273,0.7229346853563973,Toujours inscrit
5978980,5ème,"Architecture, géographie, aménagement",Parent,Île-de-France,Hauts-de-Seine (92),30,30,30,90,A,1,1,4,1948,12,527,0,0,True,True,0.37117499727757813,0.6288250027224219,Toujours inscrit
6400583,Terminale technologique,Sport,_ETUDIANT / ÉLÈVE,Île-de-France,Hauts-de-Seine (92),30,30,30,90,A,1,1,2,82,8,423,0,0,True,True,0.397253140662631,0.602746859337369,Toujours inscrit
6462280,Bac +5 et au delà,"International, études à l'étranger",_ETUDIANT / ÉLÈVE,Île-de-France,Hauts-de-Seine (92),30,30,30,90,A,1,1,3,489,9,319,0,0,True,False,0.2586796350805346,0.7413203649194654,Toujours inscrit
6414703,Première,Economie,Lycéen,Île-de-France,Hauts-de-Seine (92),30,30,30,90,A,1,1,2,186,4,300,0,0,True,False,0.41394405295750586,0.5860559470424941,Toujours inscrit
6029501,Seconde Générale et Technologique,"Transport, logistique",Parent,Île-de-France,Hauts-de-Seine (92),30,30,30,90,A,1,1,5,190,65,40,0,0,False,False,0.43824520231651465,0.5617547976834854,Toujours inscrit
6330126,Bac+1,"International, études à l'étranger",Etudiant,Occitanie,Hérault (34),30,30,30,90,A,1,1,2,660,38,438,0,0,True,False,0.17950108177149857,0.8204989182285014,Toujours inscrit
8196870,Première,"Armée, défense, sécurité",Lycéen,Occitanie,Hérault (34),30,30,30,90,A,1,1,2,90,10,137,0,0,True,True,0.24783246631986128,0.7521675336801387,Toujours inscrit
5729898,Terminale Pro,"Digital, Informatique, multimédia",Parent,Occitanie,Hérault (34),30,30,30,90,A,1,1,5,145,20,151,0,0,True,True,0.17471761595770247,0.8252823840422975,Toujours inscrit
5511162,Seconde Générale et Technologique,"Communication, information, journalisme",Lycéen,Bretagne,Ille-et-Vilaine (35),30,30,30,90,A,1,1,4,20,4,21,0,0,True,False,0.08909952606635071,0.9109004739336493,Toujours inscrit
6977799,4ème,"Arts, audiovisuel, culture",Parent,Bretagne,Ille-et-Vilaine (35),30,30,30,90,A,1,1,2,69,3,23,0,0,True,False,0.1413793103448276,0.8586206896551725,Toujours inscrit
6529430,Bac+4,"Education, formation",Etudiant,Bretagne,Ille-et-Vilaine (35),30,30,30,90,A,1,1,3,864,48,308,0,0,True,True,0.20305434804517694,0.796945651954823,Toujours inscrit
7879683,Terminale Pro,"Droit, science politique, administration publique",Lycéen,Bretagne,Ille-et-Vilaine (35),30,30,30,90,A,1,1,2,88,6,178,0,0,True,True,0.20305434804517694,0.796945651954823,Toujours inscrit
6962659,Terminale,"Banque, assurance, finance, immobilier",Lycéen,Auvergne-Rhône-Alpes,Isère (38),30,30,30,90,A,1,1,2,152,10,111,0,0,True,False,0.28579976067012364,0.7142002393298763,Toujours inscrit
7923237,Terminale technologique,"Commerce, vente, marketing",_ETUDIANT / ÉLÈVE,Auvergne-Rhône-Alpes,Isère (38),30,30,30,90,A,1,1,2,266,4,207,0,0,True,True,0.16754280564734153,0.8324571943526584,Toujours inscrit
5388697,Première technologique,"Mécanique, aéronautique, automobile",_ETUDIANT / ÉLÈVE,Auvergne-Rhône-Alpes,Isère (38),30,30,30,90,A,1,1,2,128,6,252,0,0,True,True,0.1245272039569392,0.8754727960430608,Toujours inscrit
7061346,Terminale technologique,"Comptabilité, gestion, ressources humaines",Lycéen,Auvergne-Rhône-Alpes,Isère (38),30,30,30,90,A,1,1,4,76,4,23,0,0,True,True,0.23117129959610358,0.7688287004038964,Toujours inscrit
5358518,Bac+1,Economie,Etudiant,Auvergne-Rhône-Alpes,Isère (38),30,30,30,90,A,1,1,3,123,6,68,0,0,False,True,0.23902151488358384,0.7609784851164162,Toujours inscrit
6143848,Terminale,"Communication, information, journalisme",Parent,Auvergne-Rhône-Alpes,Loire (42),30,30,30,90,A,1,1,2,98,6,256,0,0,True,True,0.14455213903743316,0.8554478609625669,Toujours inscrit
6290029,Première,"Arts, audiovisuel, culture",_ETUDIANT / ÉLÈVE,Auvergne-Rhône-Alpes,Loire (42),30,30,30,90,A,1,1,3,933,9,325,0,0,True,True,0.13762465468936738,0.8623753453106326,Toujours inscrit
6129916,Première,"Sciences de la matière (chimie, physique, matériaux, optique…)",Parent,Auvergne-Rhône-Alpes,Loire (42),30,30,30,90,A,1,1,3,252,9,164,0,0,True,True,0.14455213903743316,0.8554478609625669,Toujours inscrit
4956405,Première,"Santé, paramédical",Parent,Pays de la Loire,Loire-Atlantique (44),30,30,30,90,A,1,1,2,72,8,141,0,0,True,True,0.13536394589123033,0.8646360541087696,Toujours inscrit
6953324,Terminale,"Santé, paramédical",_ETUDIANT / ÉLÈVE,Pays de la Loire,Loire-Atlantique (44),30,30,30,90,A,1,1,4,132,12,260,0,0,True,False,0.2488021502863153,0.7511978497136848,Toujours inscrit
6829615,Première,"Sciences de la Terre (environnement, agriculture, agronomie ...)",Parent,Pays de la Loire,Loire-Atlantique (44),30,30,30,90,A,1,1,3,116,12,100,0,0,True,True,0.1963337330820627,0.8036662669179373,Toujours inscrit
6966278,Terminale,"Sciences de la Terre (environnement, agriculture, agronomie ...)",_ETUDIANT / ÉLÈVE,Pays de la Loire,Loire-Atlantique (44),30,30,30,90,A,1,1,2,182,18,251,0,0,True,False,0.21627598407784165,0.7837240159221583,Toujours inscrit
5394066,Seconde Générale et Technologique,"Sciences de la matière (chimie, physique, matériaux, optique…)",Lycéen,Pays de la Loire,Loire-Atlantique (44),30,30,30,90,A,1,1,4,224,8,184,0,0,True,True,0.24259931489339945,0.7574006851066005,Toujours inscrit
7027954,Terminale,"Armée, défense, sécurité",Parent,Pays de la Loire,Loire-Atlantique (44),30,30,30,90,A,1,1,2,78,10,52,0,0,False,True,0.23244402813032358,0.7675559718696764,Toujours inscrit
6045280,Première technologique,"Digital, Informatique, multimédia",_ETUDIANT / ÉLÈVE,Bretagne,Morbihan (56),30,30,30,90,A,1,1,3,375,6,380,0,0,True,True,0.20308166409861325,0.7969183359013867,Toujours inscrit
7381987,Première technologique,"Sciences de la vie (biologie, biotechnologies...)",Lycéen,Hauts-de-France,Nord (59),30,30,30,90,A,1,1,3,12,3,63,0,0,True,True,0.18106312292358803,0.8189368770764119,Toujours inscrit
8171260,6ème,"Banque, assurance, finance, immobilier",Parent,Hauts-de-France,Nord (59),30,30,30,90,A,1,1,2,200,6,116,0,0,True,False,0.3021839841164792,0.6978160158835208,Toujours inscrit
5981423,Terminale technologique,"Action sociale, animation, sciences sociales",Parent,Hauts-de-France,Nord (59),30,30,30,90,A,1,1,3,759,9,308,0,0,True,True,0.10699068662569285,0.8930093133743071,Toujours inscrit
7845713,Bac+3,"Cosmétique, esthétique, soins personnels",Etudiant,Hauts-de-France,Nord (59),30,30,30,90,A,1,1,2,36,4,107,0,0,False,False,0.18487312867853567,0.8151268713214643,Toujours inscrit
7744813,Première,"Sciences de la matière (chimie, physique, matériaux, optique…)",_ETUDIANT / ÉLÈVE,Hauts-de-France,Nord (59),30,30,30,90,A,1,1,4,172,12,169,0,0,True,False,0.22390396659707723,0.7760960334029228,Toujours inscrit
6381720,Première,"Sciences de la matière (chimie, physique, matériaux, optique…)",_ETUDIANT / ÉLÈVE,Hauts-de-France,Nord (59),30,30,30,90,A,1,1,2,686,4,416,0,0,True,False,0.11187026347822672,0.8881297365217733,Toujours inscrit
6374713,Première technologique,Sport,_ETUDIANT / ÉLÈVE,Hauts-de-France,Nord (59),30,30,30,90,A,1,1,3,234,3,306,0,0,True,False,0.09711599066487232,0.9028840093351277,Toujours inscrit
7037480,Terminale,"Digital, Informatique, multimédia",Parent,Hauts-de-France,Nord (59),30,30,30,90,A,1,1,2,8,4,42,0,0,True,True,0.07923458540042523,0.9207654145995747,Toujours inscrit
8190118,Bac+1,"Sciences de la vie (biologie, biotechnologies...)",Etudiant,Hauts-de-France,Nord (59),30,30,30,90,A,1,1,2,62,4,143,0,0,True,False,0.08470178553139189,0.9152982144686082,Toujours inscrit
6915809,Terminale Pro,"Comptabilité, gestion, ressources humaines",Lycéen,Hauts-de-France,Nord (59),30,30,30,90,A,1,1,2,106,12,158,0,0,True,True,0.137374239224941,0.862625760775059,Toujours inscrit
7694435,Terminale,"Droit, science politique, administration publique",Parent,Hauts-de-France,Nord (59),30,30,30,90,A,1,1,2,54,14,121,0,0,True,False,0.11608736296422198,0.883912637035778,Toujours inscrit
8211815,Bac+2,"Digital, Informatique, multimédia",_ETUDIANT / ÉLÈVE,Hauts-de-France,Oise (60),30,30,30,90,A,1,1,3,27,3,12,0,0,False,True,0.07961488613219773,0.9203851138678023,Toujours inscrit
6263145,Seconde Générale et Technologique,"Energie, électricité",Lycéen,Hauts-de-France,Oise (60),30,30,30,90,A,1,1,5,45,5,23,0,0,True,True,0.1256135833266275,0.8743864166733725,Toujours inscrit
5963718,Première,"Arts, audiovisuel, culture",_ETUDIANT / ÉLÈVE,Île-de-France,Paris (75),30,30,30,90,A,1,1,2,860,8,466,0,0,True,True,0.46251625401374624,0.5374837459862537,Toujours inscrit
6778750,Terminale,Sport,Parent,Île-de-France,Paris (75),30,30,30,90,A,1,1,2,310,30,249,0,0,True,False,0.4814926498303807,0.5185073501696194,Toujours inscrit
6024521,Terminale,"Mécanique, aéronautique, automobile",Parent,Île-de-France,Paris (75),30,30,30,90,A,1,1,6,2022,270,359,0,0,True,False,0.4317053710158317,0.5682946289841683,Toujours inscrit
6019889,Seconde Générale et Technologique,"Vétérinaire, soins aux animaux",_ETUDIANT / ÉLÈVE,Île-de-France,Paris (75),30,30,30,90,A,1,1,2,358,38,347,0,0,False,False,0.4322079396718236,0.5677920603281764,Toujours inscrit
6398621,Première,"Electronique, automatique",Parent,Île-de-France,Paris (75),30,30,30,90,A,1,1,2,138,10,210,0,0,True,False,0.3368189898567395,0.6631810101432605,Toujours inscrit
5418406,Première,"Génie civil, bâtiment",Parent,Île-de-France,Paris (75),30,30,30,90,A,1,1,6,1038,24,205,0,0,True,False,0.4251233327242828,0.5748766672757172,Toujours inscrit
6983058,Terminale,"Santé, paramédical",Parent,Hauts-de-France,Pas-de-Calais (62),30,30,30,90,A,1,1,2,254,40,244,0,0,True,False,0.11595726046593098,0.884042739534069,Toujours inscrit
8219585,Seconde Générale et Technologique,"Action sociale, animation, sciences sociales",Parent,Auvergne-Rhône-Alpes,Puy-de-Dôme (63),30,30,30,90,A,1,1,2,26,6,59,0,0,True,True,0.16474309471167578,0.8352569052883242,Toujours inscrit
8121955,Terminale Pro,Sport,Parent,Nouvelle-Aquitaine,Pyrénées-Atlantiques (64),30,30,30,90,A,1,1,2,36,6,23,0,0,False,False,0.1789715034392401,0.8210284965607599,Toujours inscrit
8124768,Première technologique,"Energie, électricité",_ETUDIANT / ÉLÈVE,Auvergne-Rhône-Alpes,Rhône (69),30,30,30,90,A,1,1,2,46,4,115,0,0,True,False,0.23341192320646684,0.7665880767935331,Toujours inscrit
7168244,Bac+1,"Commerce, vente, marketing",Etudiant,Auvergne-Rhône-Alpes,Rhône (69),30,30,30,90,A,1,1,3,39,3,130,0,0,True,True,0.26157407407407407,0.7384259259259259,Toujours inscrit
7856163,Première,"Communication, information, journalisme",Lycéen,Auvergne-Rhône-Alpes,Rhône (69),30,30,30,90,A,1,1,2,22,4,55,0,0,True,False,0.29559529122963624,0.7044047087703638,Toujours inscrit
6257307,Seconde Générale et Technologique,"Action sociale, animation, sciences sociales",Parent,Auvergne-Rhône-Alpes,Rhône (69),30,30,30,90,A,1,1,4,392,60,208,0,0,True,True,0.2763890687734749,0.7236109312265251,Toujours inscrit
7643569,Terminale,Sport,Lycéen,Auvergne-Rhône-Alpes,Savoie (73),30,30,30,90,A,1,1,4,488,28,130,0,0,True,,0.1579697747362418,0.8420302252637581,Toujours inscrit
8200014,3ème,Technologie industrielle,Parent,Auvergne-Rhône-Alpes,Savoie (73),30,30,30,90,A,1,1,2,24,4,92,0,0,False,False,0.16801816412585144,0.8319818358741485,Toujours inscrit
5968912,Première,"Commerce, vente, marketing",Parent,Normandie,Seine-Maritime (76),30,30,30,90,A,1,1,6,1842,426,494,0,0,True,True,0.10341798434754831,0.8965820156524517,Toujours inscrit
6260155,Terminale,"Droit, science politique, administration publique",_ETUDIANT / ÉLÈVE,Normandie,Seine-Maritime (76),30,30,30,90,A,1,1,2,704,8,371,0,0,True,True,0.06751620836127878,0.9324837916387212,Toujours inscrit
6028961,Terminale,"Arts, audiovisuel, culture",Lycéen,Île-de-France,Seine-St-Denis (93),30,30,30,90,A,1,1,4,292,8,378,0,0,True,False,0.15633070364736265,0.8436692963526373,Toujours inscrit
7083384,6ème,"Communication, information, journalisme",Parent,Hauts-de-France,Somme (80),30,30,30,90,A,1,1,3,207,3,287,0,0,True,True,0.14587525150905434,0.8541247484909457,Toujours inscrit
7142669,Première,"International, études à l'étranger",Parent,Hauts-de-France,Somme (80),30,30,30,90,A,1,1,4,496,4,137,0,0,True,False,0.1436077057793345,0.8563922942206655,Toujours inscrit
7403866,Bac+2,"Comptabilité, gestion, ressources humaines",_ETUDIANT / ÉLÈVE,Île-de-France,Val-D'Oise (95),30,30,30,90,A,1,1,3,474,6,198,0,0,True,True,0.13691020221638295,0.863089797783617,Toujours inscrit
4968741,Terminale Pro,"Droit, science politique, administration publique",Lycéen,Île-de-France,Val-D'Oise (95),30,30,30,90,A,1,1,3,1344,9,493,0,0,True,True,0.09233152594887684,0.9076684740511232,Toujours inscrit
5170659,Première,"Lettres, langues et sciences humaines",Parent,Île-de-France,Val-D'Oise (95),30,30,30,90,A,1,1,2,80,6,149,0,0,True,True,0.22121655796619194,0.7787834420338081,Toujours inscrit
6017557,Première technologique,Sport,Parent,Île-de-France,Val-D'Oise (95),30,30,30,90,A,1,1,10,144,48,254,0,0,True,False,0.20614275640523388,0.7938572435947662,Toujours inscrit
5220936,Terminale,"Lettres, langues et sciences humaines",Lycéen,Île-de-France,Val-de-Marne (94),30,30,30,90,A,1,1,3,555,12,639,0,0,True,True,0.34788858049167326,0.6521114195083267,Toujours inscrit
6792830,Terminale Pro,"Tourisme, hôtellerie, restauration",Parent,Provence-Alpes-Côte d'Azur,Var (83),30,30,30,90,A,1,1,3,501,36,209,0,0,True,True,0.18733723958333334,0.8126627604166666,Toujours inscrit
8098414,Terminale technologique,"Sciences de la matière (chimie, physique, matériaux, optique…)",Parent,Provence-Alpes-Côte d'Azur,Var (83),30,30,30,90,A,1,1,2,34,4,115,0,0,True,True,0.17738693467336683,0.8226130653266331,Toujours inscrit
8959451,Seconde Pro,"Architecture, géographie, aménagement",Lycéen,Provence-Alpes-Côte d'Azur,Vaucluse (84),30,30,30,90,A,1,1,2,14,6,26,0,0,True,True,0.11096297194109447,0.8890370280589055,Toujours inscrit
6820277,Terminale,Sport,Parent,Provence-Alpes-Côte d'Azur,Vaucluse (84),30,30,30,90,A,1,1,3,8,4,20,0,0,True,True,0.15004226542688082,0.8499577345731192,Toujours inscrit
6987617,Terminale technologique,"Comptabilité, gestion, ressources humaines",Lycéen,Pays de la Loire,Vendée (85),30,30,30,90,A,1,1,2,26,8,196,0,0,True,False,0.09461077844311377,0.9053892215568863,Toujours inscrit
6386743,Terminale,"Commerce, vente, marketing",Parent,Île-de-France,Yvelines (78),30,30,30,90,A,1,1,5,700,25,253,0,0,True,False,0.34417703446869263,0.6558229655313074,Toujours inscrit
5484456,Seconde Générale et Technologique,"Sciences de la vie (biologie, biotechnologies...)",_ETUDIANT / ÉLÈVE,Île-de-France,Yvelines (78),30,30,30,90,A,1,1,3,750,15,282,0,0,True,False,0.3639374805920712,0.6360625194079288,Toujours inscrit
7228485,Première,"Sciences de la vie (biologie, biotechnologies...)",Parent,Île-de-France,Yvelines (78),30,30,30,90,A,1,1,4,28,24,126,0,0,True,True,0.23636142230881638,0.7636385776911836,Toujours inscrit
6918513,Première Pro,"Digital, Informatique, multimédia",Lycéen,Île-de-France,Yvelines (78),30,30,30,90,A,1,1,4,416,20,242,0,0,True,False,0.4229714470075819,0.5770285529924182,Toujours inscrit
8824923,Terminale,"Sciences de la matière (chimie, physique, matériaux, optique…)",Lycéen,Bourgogne-Franche-Comté,Saône-et-Loire (71),30,30,25,85,A,1,1,1,38,5,40,0,0,True,False,0.17804790847336432,0.8219520915266357,Toujours inscrit
6164798,Terminale,"Commerce, vente, marketing",Parent,Grand Est,Aube (10),30,30,25,85,A,1,1,1,270,3,280,0,0,False,False,0.18490801371998752,0.8150919862800124,Toujours inscrit
6972828,Terminale,"Mécanique, aéronautique, automobile",Lycéen,Bourgogne-Franche-Comté,Jura (39),30,30,25,85,A,1,1,1,223,5,273,0,0,True,True,0.15496971856074102,0.845030281439259,Toujours inscrit
7716643,5ème,"Cosmétique, esthétique, soins personnels",Parent,Bourgogne-Franche-Comté,Yonne (89),30,30,25,85,A,1,1,2,254,2,154,0,0,True,True,0.12392805646201716,0.8760719435379829,Toujours inscrit
6201165,3ème,"Commerce, vente, marketing",Collégien,Auvergne-Rhône-Alpes,Haute-Loire (43),30,30,25,85,A,1,1,2,30,2,15,0,0,True,True,0.15334800377239863,0.8466519962276013,Toujours inscrit
8754720,Bac+3,"Action sociale, animation, sciences sociales",_ETUDIANT / ÉLÈVE,Centre-Val de Loire,Eure-et-Loir (28),30,25,30,85,A,1,0,2,62,8,32,0,0,True,False,0.1837313432835821,0.8162686567164179,Toujours inscrit
8014456,Première,"Action sociale, animation, sciences sociales",Lycéen,Centre-Val de Loire,Cher (18),30,25,30,85,A,1,0,2,86,4,152,0,0,True,False,0.172147001934236,0.8278529980657641,Toujours inscrit
6736694,Première,"Energie, électricité",_ETUDIANT / ÉLÈVE,,,30,30,25,85,A,1,1,2,34,2,177,0,0,True,True,,,Toujours inscrit
2981105,Seconde Générale et Technologique,"Armée, défense, sécurité",Parent,,,30,30,25,85,A,1,1,1,51,6,166,0,0,True,False,,,Toujours inscrit
5913451,Première,"Santé, paramédical",_ETUDIANT / ÉLÈVE,,,30,30,25,85,A,1,1,1,204,3,211,0,0,True,True,,,Toujours inscrit
8229504,Bac+3,"Armée, défense, sécurité",_ETUDIANT / ÉLÈVE,,,30,25,30,85,A,1,0,2,62,4,134,0,0,True,,,,Toujours inscrit
3737555,Terminale,"Santé, paramédical",Parent,,,30,25,30,85,A,1,0,2,96,4,225,0,0,True,True,,,Toujours inscrit
3152741,3ème,"Sciences de la matière (chimie, physique, matériaux, optique…)",_ETUDIANT / ÉLÈVE,,,30,25,30,85,A,1,0,3,624,3,215,0,0,True,True,,,Toujours inscrit
8903086,Seconde Générale et Technologique,Luxe,Parent,Auvergne-Rhône-Alpes,Ain (01),30,30,25,85,A,1,1,2,22,2,11,0,0,True,True,0.15344908493664947,0.8465509150633506,Toujours inscrit
6297289,Première,"Banque, assurance, finance, immobilier",_ETUDIANT / ÉLÈVE,Auvergne-Rhône-Alpes,Ain (01),30,30,25,85,A,1,1,1,118,3,141,0,0,True,False,0.14182344428364688,0.8581765557163531,Toujours inscrit
6978765,Première technologique,"Santé, paramédical",Parent,Auvergne-Rhône-Alpes,Ain (01),30,25,30,85,A,1,0,2,294,48,154,0,0,True,True,0.13153846153846155,0.8684615384615385,Toujours inscrit
5226895,Terminale Pro,"Sciences de la vie (biologie, biotechnologies...)",Lycéen,Provence-Alpes-Côte d'Azur,Alpes-Maritimes (06),30,30,25,85,A,1,1,1,25,3,421,0,0,True,True,0.1575735158128352,0.8424264841871648,Toujours inscrit
5305941,Terminale,"Lettres, langues et sciences humaines",Parent,Grand Est,Bas-Rhin (67),30,30,25,85,A,1,1,1,149,16,163,0,0,True,False,0.12279801607662048,0.8772019839233796,Toujours inscrit
7259616,Bac+3,"Electronique, automatique",_ETUDIANT / ÉLÈVE,Grand Est,Bas-Rhin (67),30,25,30,85,A,1,0,2,46,4,52,0,0,True,True,0.1939254953201248,0.8060745046798752,Toujours inscrit
7227238,Terminale,Luxe,Lycéen,Provence-Alpes-Côte d'Azur,Bouches-du-Rhône (13),30,30,25,85,A,1,1,2,468,2,265,0,0,True,True,0.2867573705771231,0.7132426294228769,Toujours inscrit
7858974,Première,"Santé, paramédical",Lycéen,Provence-Alpes-Côte d'Azur,Bouches-du-Rhône (13),30,30,25,85,A,1,1,1,133,3,151,0,0,True,True,0.1982573726541555,0.8017426273458444,Toujours inscrit
6952415,Première,"Architecture, géographie, aménagement",Parent,Provence-Alpes-Côte d'Azur,Bouches-du-Rhône (13),30,25,30,85,A,1,0,5,200,20,175,0,0,True,True,0.1848967152048764,0.8151032847951236,Toujours inscrit
6578963,Terminale,"Droit, science politique, administration publique",Lycéen,Bretagne,Côtes d'Armor (22),30,30,25,85,A,1,1,2,66,2,129,0,0,False,False,0.1653363740022805,0.8346636259977195,Toujours inscrit
7223682,Première,"Architecture, géographie, aménagement",_ETUDIANT / ÉLÈVE,Bretagne,Côtes d'Armor (22),30,30,25,85,A,1,1,1,149,5,177,0,0,True,True,0.16575682382133994,0.8342431761786601,Toujours inscrit
7321225,Première,"International, études à l'étranger",Lycéen,Bretagne,Côtes d'Armor (22),30,25,30,85,A,1,0,2,330,10,274,0,0,True,True,0.2826197757390418,0.7173802242609582,Toujours inscrit
8708004,Bac+2,"Commerce, vente, marketing",Etudiant,Bretagne,Côtes d'Armor (22),30,30,25,85,A,1,1,2,32,2,33,0,0,True,False,0.21293375394321767,0.7870662460567823,Toujours inscrit
7305084,Terminale,"Droit, science politique, administration publique",Parent,Île-de-France,Essonne (91),30,30,25,85,A,1,1,1,167,6,212,0,0,True,True,0.2773911314376616,0.7226088685623384,Toujours inscrit
6863676,Bac+3,"Communication, information, journalisme",_ETUDIANT / ÉLÈVE,Île-de-France,Essonne (91),30,30,25,85,A,1,1,2,474,2,429,0,0,True,True,0.18317513778322106,0.816824862216779,Toujours inscrit
8952450,Bac+4,"Transport, logistique",Etudiant,Île-de-France,Essonne (91),30,25,30,85,A,1,0,3,15,3,28,0,0,True,True,0.15671424410136905,0.843285755898631,Toujours inscrit
8326437,Terminale,"Communication, information, journalisme",Parent,Île-de-France,Essonne (91),30,30,25,85,A,1,1,1,8,4,76,0,0,True,True,0.1913690476190476,0.8086309523809524,Toujours inscrit
6373963,Bac+1,"Energie, électricité",Etudiant,Île-de-France,Essonne (91),30,25,30,85,A,1,0,2,110,4,267,0,0,True,False,0.3938730853391685,0.6061269146608315,Toujours inscrit
7385960,Seconde Générale et Technologique,"Santé, paramédical",_ETUDIANT / ÉLÈVE,Normandie,Eure (27),30,30,25,85,A,1,1,2,10,2,92,0,0,True,True,0.13559501722767028,0.8644049827723297,Toujours inscrit
9002358,Bac+2,"International, études à l'étranger",_ETUDIANT / ÉLÈVE,Bretagne,Finistère (29),30,30,25,85,A,1,1,1,17,4,17,0,0,True,False,0.11698068208919628,0.8830193179108037,Toujours inscrit
6265741,Terminale,"Architecture, géographie, aménagement",Lycéen,Nouvelle-Aquitaine,Gironde (33),30,30,25,85,A,1,1,1,88,3,107,0,0,True,True,0.20997229916897506,0.7900277008310249,Toujours inscrit
5489085,Bac+1,"Droit, science politique, administration publique",Lycéen,Nouvelle-Aquitaine,Gironde (33),30,30,25,85,A,1,1,1,150,9,64,0,0,False,False,0.12400906002265005,0.8759909399773499,Toujours inscrit
4639685,Terminale,"Architecture, géographie, aménagement",Parent,Nouvelle-Aquitaine,Gironde (33),30,30,25,85,A,1,1,1,170,7,232,0,0,True,True,0.13988964621876016,0.8601103537812399,Toujours inscrit
6297803,Première,Luxe,Lycéen,Nouvelle-Aquitaine,Gironde (33),30,30,25,85,A,1,1,1,114,8,266,0,0,False,False,0.25357273726639795,0.746427262733602,Toujours inscrit
6574300,Terminale,"Droit, science politique, administration publique",Parent,Auvergne-Rhône-Alpes,Haute-Savoie (74),30,30,25,85,A,1,1,1,112,4,119,0,0,True,False,0.1945239068246833,0.8054760931753168,Toujours inscrit
8255481,Terminale Pro,"Génie civil, bâtiment",Lycéen,Île-de-France,Hauts-de-Seine (92),30,25,30,85,A,1,0,2,130,12,145,0,0,True,True,0.41144564106595394,0.5885543589340461,Toujours inscrit
8284388,Terminale technologique,"International, études à l'étranger",Lycéen,Île-de-France,Hauts-de-Seine (92),30,30,25,85,A,1,1,1,35,14,165,0,0,True,False,0.36889922995955904,0.631100770040441,Toujours inscrit
7654622,Terminale technologique,Luxe,_ETUDIANT / ÉLÈVE,Île-de-France,Hauts-de-Seine (92),30,25,30,85,A,1,0,2,254,4,313,0,0,True,True,0.2586796350805346,0.7413203649194654,Toujours inscrit
5458232,Première technologique,"Sciences de la vie (biologie, biotechnologies...)",Lycéen,Île-de-France,Hauts-de-Seine (92),30,30,25,85,A,1,1,2,474,2,247,0,0,True,True,0.3781813068718237,0.6218186931281763,Toujours inscrit
5973270,Terminale,"Transport, logistique",Parent,Île-de-France,Hauts-de-Seine (92),30,25,30,85,A,1,0,4,90,15,143,0,0,True,True,0.36889922995955904,0.631100770040441,Toujours inscrit
7242633,Terminale,"Architecture, géographie, aménagement",_ETUDIANT / ÉLÈVE,Occitanie,Hérault (34),30,30,25,85,A,1,1,1,51,5,51,0,0,False,False,0.17950108177149857,0.8204989182285014,Toujours inscrit
6878841,Terminale,Sport,Lycéen,Occitanie,Hérault (34),30,30,25,85,A,1,1,1,292,27,310,0,0,True,True,0.163,0.837,Toujours inscrit
4914613,Bac+2,"Electronique, automatique",_ETUDIANT / ÉLÈVE,Bretagne,Ille-et-Vilaine (35),30,30,25,85,A,1,1,1,34,4,65,0,0,False,True,0.17127882599580713,0.8287211740041929,Toujours inscrit
7008772,Première,"Arts, audiovisuel, culture",_ETUDIANT / ÉLÈVE,Auvergne-Rhône-Alpes,Isère (38),30,30,25,85,A,1,1,2,100,2,310,0,0,True,True,0.2351944345344274,0.7648055654655725,Toujours inscrit
7246939,Première technologique,Sport,Lycéen,Auvergne-Rhône-Alpes,Isère (38),30,30,25,85,A,1,1,1,125,3,194,0,0,True,True,0.1556094335463963,0.8443905664536037,Toujours inscrit
7843506,Terminale,"Arts, audiovisuel, culture",_ETUDIANT / ÉLÈVE,Auvergne-Rhône-Alpes,Isère (38),30,30,25,85,A,1,1,2,60,2,215,0,0,True,False,0.221239967430499,0.778760032569501,Toujours inscrit
4847434,Première,"Sciences de la matière (chimie, physique, matériaux, optique…)",Lycéen,Auvergne-Rhône-Alpes,Loire (42),30,30,25,85,A,1,1,1,24,9,280,0,0,True,True,0.14694148936170212,0.8530585106382979,Toujours inscrit
8548009,Terminale,"Cosmétique, esthétique, soins personnels",Parent,Pays de la Loire,Loire-Atlantique (44),30,30,25,85,A,1,1,1,49,5,50,0,0,True,False,0.23244402813032358,0.7675559718696764,Toujours inscrit
6207370,Terminale technologique,Sport,_ETUDIANT / ÉLÈVE,Pays de la Loire,Loire-Atlantique (44),30,30,25,85,A,1,1,1,91,3,407,0,0,True,True,0.23244402813032358,0.7675559718696764,Toujours inscrit
6205292,Terminale,"Electronique, automatique",Lycéen,Pays de la Loire,Loire-Atlantique (44),30,30,25,85,A,1,1,1,49,4,409,0,0,True,True,0.23244402813032358,0.7675559718696764,Toujours inscrit
7973717,Première,"Banque, assurance, finance, immobilier",Lycéen,Pays de la Loire,Loire-Atlantique (44),30,30,25,85,A,1,1,2,176,2,164,0,0,True,True,0.24796362947527942,0.7520363705247206,Toujours inscrit
7030013,Première,Sport,Lycéen,Pays de la Loire,Loire-Atlantique (44),30,30,25,85,A,1,1,1,259,5,268,0,0,True,True,0.23244402813032358,0.7675559718696764,Toujours inscrit
5137998,3ème,"Santé, paramédical",Collégien,Pays de la Loire,Loire-Atlantique (44),30,30,25,85,A,1,1,2,248,2,170,0,0,False,False,0.29200026036581395,0.707999739634186,Toujours inscrit
6220487,Terminale,"International, études à l'étranger",Lycéen,Centre-Val de Loire,Loiret (45),30,30,25,85,A,1,1,1,53,11,199,0,0,True,False,0.26554578707565935,0.7344542129243407,Toujours inscrit
7057794,Terminale,"Commerce, vente, marketing",Lycéen,Centre-Val de Loire,Loiret (45),30,30,25,85,A,1,1,1,12,3,107,0,0,True,True,0.1850961861164436,0.8149038138835564,Toujours inscrit
6172907,3ème,"Arts, audiovisuel, culture",Parent,Normandie,Manche (50),30,30,25,85,A,1,1,2,16,2,37,0,0,True,False,0.11578947368421053,0.8842105263157894,Toujours inscrit
5541905,Première,Economie,Parent,Hauts-de-France,Nord (59),30,30,25,85,A,1,1,1,177,11,180,0,0,False,False,0.15645246946362187,0.8435475305363781,Toujours inscrit
8197300,Terminale,"International, études à l'étranger",_ETUDIANT / ÉLÈVE,Hauts-de-France,Nord (59),30,30,25,85,A,1,1,2,70,2,163,0,0,True,False,0.21324309428281882,0.7867569057171812,Toujours inscrit
6943265,Première,"International, études à l'étranger",Lycéen,Île-de-France,Paris (75),30,30,25,85,A,1,1,2,38,2,24,0,0,False,True,0.4322079396718236,0.5677920603281764,Toujours inscrit
5471328,Terminale,"Electronique, automatique",Lycéen,Île-de-France,Paris (75),30,25,30,85,A,1,0,3,408,168,591,0,0,True,True,0.4317053710158317,0.5682946289841683,Toujours inscrit
6779272,Terminale Pro,"Banque, assurance, finance, immobilier",_ETUDIANT / ÉLÈVE,Île-de-France,Paris (75),30,30,25,85,A,1,1,2,102,2,137,0,0,True,True,0.4317053710158317,0.5682946289841683,Toujours inscrit
7855653,Première,"Armée, défense, sécurité",_ETUDIANT / ÉLÈVE,Île-de-France,Paris (75),30,30,25,85,A,1,1,2,20,2,33,0,0,True,False,0.4477847040686373,0.5522152959313626,Toujours inscrit
6027111,Bac+2,"Sciences de la matière (chimie, physique, matériaux, optique…)",Parent,Île-de-France,Paris (75),30,25,30,85,A,1,0,3,1140,102,400,0,0,True,True,0.4814926498303807,0.5185073501696194,Toujours inscrit
6840987,Terminale,"Armée, défense, sécurité",Lycéen,Île-de-France,Paris (75),30,25,30,85,A,1,0,3,84,9,144,0,0,True,False,0.47446373850868234,0.5255362614913177,Toujours inscrit
6947029,Terminale technologique,"Communication, information, journalisme",Lycéen,Hauts-de-France,Pas-de-Calais (62),30,30,25,85,A,1,1,1,34,4,128,0,0,False,False,0.17251461988304093,0.827485380116959,Toujours inscrit
8086817,5ème,"Sciences de la matière (chimie, physique, matériaux, optique…)",Parent,Auvergne-Rhône-Alpes,Puy-de-Dôme (63),30,30,25,85,A,1,1,1,69,3,73,0,0,True,False,0.22123687281213536,0.7787631271878647,Toujours inscrit
7848194,Terminale Pro,"Education, formation",_ETUDIANT / ÉLÈVE,Nouvelle-Aquitaine,Pyrénées-Atlantiques (64),30,30,25,85,A,1,1,1,100,6,123,0,0,False,False,0.13730794200389526,0.8626920579961047,Toujours inscrit
7124185,Bac +5 et au delà,Sport,Parent,Auvergne-Rhône-Alpes,Rhône (69),30,30,25,85,A,1,1,1,52,3,98,0,0,True,True,0.22381448671182907,0.7761855132881709,Toujours inscrit
8569503,Terminale Pro,"Commerce, vente, marketing",Lycéen,Auvergne-Rhône-Alpes,Rhône (69),30,30,25,85,A,1,1,1,57,3,61,0,0,True,False,0.26157407407407407,0.7384259259259259,Toujours inscrit
6861341,Terminale,"Sciences de la vie (biologie, biotechnologies...)",_ETUDIANT / ÉLÈVE,Auvergne-Rhône-Alpes,Rhône (69),30,25,30,85,A,1,0,2,410,4,248,0,0,True,True,0.18114105812792752,0.8188589418720725,Toujours inscrit
6304872,Terminale,"Lettres, langues et sciences humaines",Parent,Auvergne-Rhône-Alpes,Rhône (69),30,30,25,85,A,1,1,1,209,6,250,0,0,True,True,0.2211204759543877,0.7788795240456123,Toujours inscrit
7679463,Seconde Générale et Technologique,"Architecture, géographie, aménagement",Parent,Auvergne-Rhône-Alpes,Savoie (73),30,30,25,85,A,1,1,2,22,2,79,0,0,True,False,0.2130051773433274,0.7869948226566726,Toujours inscrit
8695934,Première,Economie,Parent,Auvergne-Rhône-Alpes,Savoie (73),30,30,25,85,A,1,1,2,16,2,10,0,0,False,False,0.16917204045980977,0.8308279595401902,Toujours inscrit
4932757,Terminale,"International, études à l'étranger",Professionnel dans l'enseignement supérieur,Normandie,Seine-Maritime (76),30,25,30,85,A,1,0,2,224,184,413,0,0,True,True,0.19503981203498238,0.8049601879650177,Toujours inscrit
6994385,Première,"Lettres, langues et sciences humaines",Lycéen,Normandie,Seine-Maritime (76),30,30,25,85,A,1,1,1,172,6,214,0,0,True,False,0.12699944842801986,0.8730005515719801,Toujours inscrit
5119842,Terminale,"Tourisme, hôtellerie, restauration",_ETUDIANT / ÉLÈVE,Normandie,Seine-Maritime (76),30,30,25,85,A,1,1,2,104,2,52,0,0,True,False,0.1018221480816117,0.8981778519183883,Toujours inscrit
7277115,Bac+3,"Digital, Informatique, multimédia",Parent,Île-de-France,Seine-St-Denis (93),30,30,25,85,A,1,1,1,112,4,176,0,0,False,True,0.23049660411459877,0.7695033958854012,Toujours inscrit
8636132,Première,Economie,Parent,Île-de-France,Seine-St-Denis (93),30,30,25,85,A,1,1,1,14,4,57,0,0,True,True,0.09754631593833969,0.9024536840616603,Toujours inscrit
8964004,Bac+3,"Education, formation",_ETUDIANT / ÉLÈVE,Île-de-France,Seine-et-Marne (77),30,30,25,85,A,1,1,2,48,2,24,0,0,True,True,0.2288135593220339,0.7711864406779662,Toujours inscrit
7075205,Terminale,"Sciences de la vie (biologie, biotechnologies...)",Lycéen,Île-de-France,Seine-et-Marne (77),30,25,30,85,A,1,0,2,106,4,72,0,0,True,True,0.24947959091320482,0.7505204090867952,Toujours inscrit
6281800,Première,"Sciences de la vie (biologie, biotechnologies...)",Parent,Hauts-de-France,Somme (80),30,30,25,85,A,1,1,1,109,24,193,0,0,False,False,0.33073550901120313,0.6692644909887969,Toujours inscrit
6003774,Première,"Energie, électricité",_ETUDIANT / ÉLÈVE,Hauts-de-France,Somme (80),30,30,25,85,A,1,1,1,450,40,400,0,0,True,True,0.14587525150905434,0.8541247484909457,Toujours inscrit
7165368,Terminale,"Lettres, langues et sciences humaines",_ETUDIANT / ÉLÈVE,Hauts-de-France,Somme (80),30,30,25,85,A,1,1,1,76,5,213,0,0,True,False,0.14587525150905434,0.8541247484909457,Toujours inscrit
8081544,Première,"Lettres, langues et sciences humaines",_ETUDIANT / ÉLÈVE,Île-de-France,Val-D'Oise (95),30,30,25,85,A,1,1,4,4,4,3,0,0,False,False,0.16202821197102554,0.8379717880289744,Toujours inscrit
7999009,3ème,Technologie industrielle,Parent,Île-de-France,Val-D'Oise (95),30,30,25,85,A,1,1,1,51,8,112,0,0,True,False,0.29304000626321147,0.7069599937367885,Toujours inscrit
7346277,Terminale,"Digital, Informatique, multimédia",Lycéen,Île-de-France,Val-D'Oise (95),30,25,30,85,A,1,0,2,542,4,302,0,0,True,True,0.2136267644770479,0.7863732355229521,Toujours inscrit
6461139,3ème,"Armée, défense, sécurité",Parent,Île-de-France,Val-D'Oise (95),30,30,25,85,A,1,1,1,82,5,164,0,0,True,False,0.1805714708165453,0.8194285291834547,Toujours inscrit
6407464,Terminale,"Communication, information, journalisme",Parent,Île-de-France,Val-de-Marne (94),30,30,25,85,A,1,1,2,468,2,257,0,0,True,True,0.25415676959619954,0.7458432304038005,Toujours inscrit
6212847,Terminale,Economie,_ETUDIANT / ÉLÈVE,Île-de-France,Val-de-Marne (94),30,25,30,85,A,1,0,2,502,12,268,0,0,True,False,0.45192889103881967,0.5480711089611803,Toujours inscrit
5845161,Seconde Générale et Technologique,"Communication, information, journalisme",Parent,Île-de-France,Val-de-Marne (94),30,25,30,85,A,1,0,2,792,14,411,0,0,True,True,0.3429161645722155,0.6570838354277845,Toujours inscrit
6823993,Terminale,"Armée, défense, sécurité",Lycéen,Île-de-France,Val-de-Marne (94),30,30,25,85,A,1,1,2,500,2,290,0,0,True,True,0.15862438883502156,0.8413756111649784,Toujours inscrit
5639154,Première,"Arts, audiovisuel, culture",_ETUDIANT / ÉLÈVE,Île-de-France,Val-de-Marne (94),30,30,25,85,A,1,1,1,54,9,436,0,0,True,False,0.17776203966005666,0.8222379603399433,Toujours inscrit
8049079,Bac+2,"Architecture, géographie, aménagement",Etudiant,Provence-Alpes-Côte d'Azur,Var (83),30,30,25,85,A,1,1,1,13,3,20,0,0,False,False,0.16150766526706375,0.8384923347329363,Toujours inscrit
6929192,Seconde Générale et Technologique,"Tourisme, hôtellerie, restauration",Parent,Provence-Alpes-Côte d'Azur,Var (83),30,25,30,85,A,1,0,2,150,8,160,0,0,True,True,0.17738693467336683,0.8226130653266331,Toujours inscrit
4642727,Bac+2,"Education, formation",_ETUDIANT / ÉLÈVE,Nouvelle-Aquitaine,Vienne (86),30,30,25,85,A,1,1,1,471,5,558,0,0,True,True,0.16355086022751736,0.8364491397724827,Toujours inscrit
7775275,Première,Technologie industrielle,Lycéen,Île-de-France,Yvelines (78),30,30,25,85,A,1,1,2,356,2,188,0,0,True,True,0.31056511056511055,0.6894348894348894,Toujours inscrit
7769000,Terminale,"Communication, information, journalisme",Lycéen,Île-de-France,Yvelines (78),30,30,25,85,A,1,1,1,236,4,144,0,0,True,False,0.3673042383394745,0.6326957616605254,Toujours inscrit
7702136,Terminale,Economie,Parent,Nouvelle-Aquitaine,Landes (40),30,30,20,80,A,1,1,1,7,1,64,0,0,True,True,0.1410386965376782,0.8589613034623218,Toujours inscrit
6357508,Première,"Lettres, langues et sciences humaines",Parent,Auvergne-Rhône-Alpes,Haute-Loire (43),30,25,25,80,A,1,0,1,62,4,149,0,0,True,False,0.10093167701863354,0.8990683229813664,Toujours inscrit
7205388,Terminale technologique,"Digital, Informatique, multimédia",Parent,Nouvelle-Aquitaine,Charente (16),30,30,20,80,A,1,1,1,6,2,63,0,0,True,False,0.1518987341772152,0.8481012658227848,Toujours inscrit
6212482,Bac+2,"Comptabilité, gestion, ressources humaines",_ETUDIANT / ÉLÈVE,Occitanie,Aude (11),30,30,20,80,A,1,1,2,6,0,3,0,0,False,False,0.140634820867379,0.859365179132621,Toujours inscrit
6918571,Terminale,"Mécanique, aéronautique, automobile",Lycéen,Hauts-de-France,Aisne (02),30,30,20,80,A,1,1,2,18,0,55,0,0,False,True,0.11045760615638313,0.8895423938436169,Toujours inscrit
8262569,Bac+4,"Armée, défense, sécurité",Parent,Bourgogne-Franche-Comté,Saône-et-Loire (71),30,25,25,80,A,1,0,1,20,3,61,0,0,True,True,0.1806687739144901,0.8193312260855099,Toujours inscrit
6265325,5ème,"International, études à l'étranger",Parent,Centre-Val de Loire,Loir-et-Cher (41),30,25,25,80,A,1,0,2,110,2,205,0,0,True,True,0.1704361873990307,0.8295638126009693,Toujours inscrit
5970303,3ème,"Droit, science politique, administration publique",Parent,Grand Est,Ardennes (08),30,30,20,80,A,1,1,2,96,0,55,0,0,False,True,0.08295583238958097,0.9170441676104191,Toujours inscrit
6360817,Terminale,"Action sociale, animation, sciences sociales",_ETUDIANT / ÉLÈVE,Auvergne-Rhône-Alpes,Haute-Loire (43),30,25,25,80,A,1,0,1,454,3,485,0,0,True,True,0.13233779608650875,0.8676622039134912,Toujours inscrit
4606321,Terminale,"Droit, science politique, administration publique",Lycéen,Bourgogne-Franche-Comté,Côte-d'Or (21),30,30,20,80,A,1,1,2,502,0,310,0,0,True,False,0.13267936417012746,0.8673206358298725,Toujours inscrit
7832184,Première,"Education, formation",Parent,Auvergne-Rhône-Alpes,Allier (03),30,25,25,80,A,1,0,1,42,14,131,0,0,True,True,0.12792236435818263,0.8720776356418174,Toujours inscrit
7734822,4ème,Sport,Parent,Occitanie,Tarn (81),30,25,25,80,A,1,0,2,26,2,135,0,0,True,False,0.19635479951397328,0.8036452004860267,Toujours inscrit
6877583,Seconde Générale et Technologique,"Education, formation",Parent,Hauts-de-France,Aisne (02),30,30,20,80,A,1,1,1,18,1,141,0,0,True,True,0.10401142573273721,0.8959885742672627,Toujours inscrit
8341950,Bac+2,"Communication, information, journalisme",Etudiant,Nouvelle-Aquitaine,Lot-et-Garonne (47),30,30,20,80,A,1,1,1,100,2,134,0,0,True,True,0.12267807029266337,0.8773219297073366,Toujours inscrit
6438345,Bac+3,"Vétérinaire, soins aux animaux",_ETUDIANT / ÉLÈVE,Provence-Alpes-Côte d'Azur,Alpes-de-Haute-Provence (04),30,30,20,80,A,1,1,1,22,1,86,0,0,True,True,0.18108516714261716,0.8189148328573829,Toujours inscrit
7164221,Terminale,"Comptabilité, gestion, ressources humaines",Parent,Bourgogne-Franche-Comté,Saône-et-Loire (71),30,30,20,80,A,1,1,2,2,2,2,0,0,False,False,0.12304407503431447,0.8769559249656855,Toujours inscrit
6585892,3ème,"Digital, Informatique, multimédia",_ETUDIANT / ÉLÈVE,Auvergne-Rhône-Alpes,Allier (03),30,30,20,80,A,1,1,2,6,0,15,0,0,True,True,0.15360915492957747,0.8463908450704225,Toujours inscrit
4864747,Terminale,"Génie civil, bâtiment",Lycéen,Provence-Alpes-Côte d'Azur,Alpes-de-Haute-Provence (04),30,25,25,80,A,1,0,1,113,27,434,0,0,True,True,0.13234069137859225,0.8676593086214077,Toujours inscrit
4103393,3ème,"Sciences de la Terre (environnement, agriculture, agronomie ...)",Collégien,,,30,30,20,80,A,1,1,3,8,0,2,0,0,False,False,,,Toujours inscrit
3714494,3ème,"Lettres, langues et sciences humaines",Parent,,,30,25,25,80,A,1,0,1,28,4,395,0,0,True,True,,,Toujours inscrit
5695057,Première,"Droit, science politique, administration publique",Parent,,,30,30,20,80,A,1,1,2,10,0,29,0,0,True,True,,,Toujours inscrit
5915228,Seconde Générale et Technologique,"Architecture, géographie, aménagement",Lycéen,,,30,30,20,80,A,1,1,4,472,0,154,0,0,True,True,,,Toujours inscrit
8879923,Terminale technologique,"Vétérinaire, soins aux animaux",_ETUDIANT / ÉLÈVE,,,30,30,20,80,A,1,1,1,28,1,30,0,0,True,True,,,Toujours inscrit
8393359,Seconde Générale et Technologique,"Droit, science politique, administration publique",_ETUDIANT / ÉLÈVE,,,30,30,20,80,A,1,1,1,50,1,115,0,0,True,True,,,Toujours inscrit
7205984,Première,Sport,_ETUDIANT / ÉLÈVE,,,30,30,20,80,A,1,1,1,98,1,114,0,0,True,False,,,Toujours inscrit
7217393,Première,"Digital, Informatique, multimédia",_ETUDIANT / ÉLÈVE,,,30,30,20,80,A,1,1,1,41,2,238,0,0,True,True,,,Toujours inscrit
6098589,Terminale,Economie,_ETUDIANT / ÉLÈVE,,,30,30,20,80,A,1,1,1,243,2,386,0,0,True,True,,,Toujours inscrit
4079716,Terminale,"Arts, audiovisuel, culture",Lycéen,,,30,30,20,80,A,1,1,1,194,1,275,0,0,True,True,,,Toujours inscrit
6397160,Première,"International, études à l'étranger",Parent,,,30,30,20,80,A,1,1,1,21,1,227,0,0,True,True,,,Toujours inscrit
5981911,Seconde Générale et Technologique,"Sciences de la vie (biologie, biotechnologies...)",_ETUDIANT / ÉLÈVE,,,30,30,20,80,A,1,1,3,15,0,121,0,0,True,True,,,Toujours inscrit
7076294,Bac +5 et au delà,"Sciences de la matière (chimie, physique, matériaux, optique…)",_ETUDIANT / ÉLÈVE,,,30,30,20,80,A,1,1,2,8,0,8,0,0,False,False,,,Toujours inscrit
6403259,Bac+2,"Digital, Informatique, multimédia",Etudiant,,,30,25,25,80,A,1,0,1,15,4,158,0,0,True,True,,,Toujours inscrit
6379595,Première,"Sciences de la vie (biologie, biotechnologies...)",_ETUDIANT / ÉLÈVE,,,30,30,20,80,A,1,1,5,10,0,3,0,0,False,False,,,Toujours inscrit
5327452,Première,"Mécanique, aéronautique, automobile",Lycéen,Auvergne-Rhône-Alpes,Ain (01),30,30,20,80,A,1,1,4,204,0,322,0,0,True,True,0.2087389983643586,0.7912610016356414,Toujours inscrit
8859349,Terminale technologique,"Génie civil, bâtiment",Lycéen,Auvergne-Rhône-Alpes,Ain (01),30,30,20,80,A,1,1,1,34,1,35,0,0,True,False,0.148661800486618,0.851338199513382,Toujours inscrit
7480831,Bac+2,"Communication, information, journalisme",_ETUDIANT / ÉLÈVE,Provence-Alpes-Côte d'Azur,Alpes-Maritimes (06),30,30,20,80,A,1,1,1,48,1,128,0,0,True,False,0.17853703145216993,0.8214629685478301,Toujours inscrit
8227230,Bac+3,"Mécanique, aéronautique, automobile",Parent,Provence-Alpes-Côte d'Azur,Alpes-Maritimes (06),30,25,25,80,A,1,0,1,25,5,148,0,0,True,True,0.24227920227920227,0.7577207977207977,Toujours inscrit
6098200,4ème,"Secretariat, assistant de gestion",Parent,Provence-Alpes-Côte d'Azur,Alpes-Maritimes (06),30,25,25,80,A,1,0,1,97,10,148,0,0,True,True,0.25703703703703706,0.7429629629629629,Toujours inscrit
4691368,Bac+2,"Commerce, vente, marketing",Etudiant,Provence-Alpes-Côte d'Azur,Alpes-Maritimes (06),30,30,20,80,A,1,1,1,17,2,168,0,0,True,True,0.1818021978021978,0.8181978021978022,Toujours inscrit
7990414,Seconde Générale et Technologique,"Droit, science politique, administration publique",_ETUDIANT / ÉLÈVE,Provence-Alpes-Côte d'Azur,Alpes-Maritimes (06),30,30,20,80,A,1,1,3,6,0,2,0,0,False,False,0.16624411445128576,0.8337558855487143,Toujours inscrit
7073028,Terminale,"Sciences de la vie (biologie, biotechnologies...)",_ETUDIANT / ÉLÈVE,Provence-Alpes-Côte d'Azur,Alpes-Maritimes (06),30,25,25,80,A,1,0,1,78,6,105,0,0,True,True,0.30471798510109965,0.6952820148989003,Toujours inscrit
7928379,Terminale technologique,"Tourisme, hôtellerie, restauration",_ETUDIANT / ÉLÈVE,Provence-Alpes-Côte d'Azur,Alpes-Maritimes (06),30,30,20,80,A,1,1,2,394,0,207,0,0,True,True,0.17853703145216993,0.8214629685478301,Toujours inscrit
8683421,3ème,Sport,_ETUDIANT / ÉLÈVE,Provence-Alpes-Côte d'Azur,Alpes-Maritimes (06),30,30,20,80,A,1,1,1,11,1,13,0,0,True,True,0.17853703145216993,0.8214629685478301,Toujours inscrit
7840688,Première,"Sciences de la vie (biologie, biotechnologies...)",Lycéen,Provence-Alpes-Côte d'Azur,Alpes-Maritimes (06),30,30,20,80,A,1,1,2,2,2,4,0,0,False,False,0.16584717607973423,0.8341528239202658,Toujours inscrit
8730531,Première,"Arts, audiovisuel, culture",Parent,Provence-Alpes-Côte d'Azur,Alpes-Maritimes (06),30,30,20,80,A,1,1,1,12,1,36,0,0,True,False,0.25703703703703706,0.7429629629629629,Toujours inscrit
8212781,Terminale technologique,Sport,Lycéen,Provence-Alpes-Côte d'Azur,Bouches-du-Rhône (13),30,30,20,80,A,1,1,2,6,0,2,0,0,False,False,0.20021004391827382,0.7997899560817262,Toujours inscrit
6127626,Seconde Générale et Technologique,Sport,Lycéen,Provence-Alpes-Côte d'Azur,Bouches-du-Rhône (13),30,30,20,80,A,1,1,3,66,0,142,0,0,True,True,0.20979899497487436,0.7902010050251256,Toujours inscrit
6277254,Terminale technologique,"International, études à l'étranger",Lycéen,Provence-Alpes-Côte d'Azur,Bouches-du-Rhône (13),30,30,20,80,A,1,1,1,58,1,356,0,0,False,False,0.24201557787413808,0.7579844221258619,Toujours inscrit
8526252,Terminale,"Sciences de la matière (chimie, physique, matériaux, optique…)",_ETUDIANT / ÉLÈVE,Provence-Alpes-Côte d'Azur,Bouches-du-Rhône (13),30,30,20,80,A,1,1,5,95,0,86,0,0,True,True,0.10499326246444078,0.8950067375355593,Toujours inscrit
6936073,Première,"Commerce, vente, marketing",Lycéen,Provence-Alpes-Côte d'Azur,Bouches-du-Rhône (13),30,30,20,80,A,1,1,1,166,1,268,0,0,True,True,0.1991031784411131,0.8008968215588869,Toujours inscrit
7849798,Terminale,"Arts, audiovisuel, culture",Parent,Provence-Alpes-Côte d'Azur,Bouches-du-Rhône (13),30,30,20,80,A,1,1,2,24,0,184,0,0,True,True,0.13161211212915971,0.8683878878708403,Toujours inscrit
7271725,Terminale,"Santé, paramédical",_ETUDIANT / ÉLÈVE,Provence-Alpes-Côte d'Azur,Bouches-du-Rhône (13),30,30,20,80,A,1,1,2,344,0,181,0,0,True,False,0.24201557787413808,0.7579844221258619,Toujours inscrit
8786789,Terminale,"International, études à l'étranger",Parent,Provence-Alpes-Côte d'Azur,Bouches-du-Rhône (13),30,30,20,80,A,1,1,2,2,2,1,0,0,False,False,0.20694690141240557,0.7930530985875944,Toujours inscrit
6042396,Bac+1,"Mécanique, aéronautique, automobile",Etudiant,Provence-Alpes-Côte d'Azur,Bouches-du-Rhône (13),30,30,20,80,A,1,1,6,6,0,1,0,0,False,False,0.2711038961038961,0.7288961038961039,Toujours inscrit
8208381,Terminale,Sport,Parent,Provence-Alpes-Côte d'Azur,Bouches-du-Rhône (13),30,30,20,80,A,1,1,4,24,0,152,0,0,True,True,0.119291104050834,0.880708895949166,Toujours inscrit
7225539,Seconde Générale et Technologique,Technologie industrielle,Lycéen,Nouvelle-Aquitaine,Charente-Maritime (17),30,30,20,80,A,1,1,2,16,0,9,0,0,False,True,0.13366268697680803,0.866337313023192,Toujours inscrit
8656293,Terminale,"Santé, paramédical",Lycéen,Nouvelle-Aquitaine,Charente-Maritime (17),30,30,20,80,A,1,1,2,110,0,58,0,0,True,True,0.16440359306454982,0.8355964069354502,Toujours inscrit
8049371,Terminale,"Banque, assurance, finance, immobilier",Lycéen,Nouvelle-Aquitaine,Charente-Maritime (17),30,30,20,80,A,1,1,1,6,1,59,0,0,False,False,0.13418598078010174,0.8658140192198982,Toujours inscrit
6185069,Terminale,"Commerce, vente, marketing",Lycéen,Nouvelle-Aquitaine,Deux-Sèvres (79),30,30,20,80,A,1,1,4,8,0,4,0,0,False,False,0.11161800486618005,0.88838199513382,Toujours inscrit
7914408,Seconde Générale et Technologique,"Droit, science politique, administration publique",Parent,Nouvelle-Aquitaine,Deux-Sèvres (79),30,30,20,80,A,1,1,1,31,2,123,0,0,True,True,0.1261741558771262,0.8738258441228738,Toujours inscrit
8171180,Seconde Générale et Technologique,Sport,Parent,Bourgogne-Franche-Comté,Doubs (25),30,30,20,80,A,1,1,1,54,1,54,0,0,True,False,0.12803426939552595,0.871965730604474,Toujours inscrit
7715072,Bac+2,"Commerce, vente, marketing",_ETUDIANT / ÉLÈVE,Bourgogne-Franche-Comté,Doubs (25),30,30,20,80,A,1,1,4,144,0,158,0,0,True,False,0.13874841972187105,0.861251580278129,Toujours inscrit
8742698,Première,"Commerce, vente, marketing",_ETUDIANT / ÉLÈVE,Auvergne-Rhône-Alpes,Drôme (26),30,30,20,80,A,1,1,2,80,0,41,0,0,True,True,0.17294807370184254,0.8270519262981575,Toujours inscrit
7655246,Terminale,"Lettres, langues et sciences humaines",Lycéen,Île-de-France,Essonne (91),30,30,20,80,A,1,1,4,120,0,212,0,0,True,False,0.20394182716603965,0.7960581728339604,Toujours inscrit
6466139,Terminale technologique,Sport,Lycéen,Île-de-France,Essonne (91),30,30,20,80,A,1,1,2,222,0,122,0,0,True,True,0.39433042762028964,0.6056695723797103,Toujours inscrit
7780394,Première,Economie,Lycéen,Île-de-France,Essonne (91),30,30,20,80,A,1,1,2,74,0,187,0,0,True,True,0.18604651162790697,0.813953488372093,Toujours inscrit
7758583,Terminale,"Sciences de la vie (biologie, biotechnologies...)",_ETUDIANT / ÉLÈVE,Île-de-France,Essonne (91),30,30,20,80,A,1,1,1,103,2,112,0,0,True,False,0.1343401389181225,0.8656598610818775,Toujours inscrit
8519652,Terminale technologique,"Commerce, vente, marketing",Lycéen,Île-de-France,Essonne (91),30,25,25,80,A,1,0,2,148,2,78,0,0,True,False,0.409324686940966,0.590675313059034,Toujours inscrit
7307361,Terminale,"Commerce, vente, marketing",Lycéen,Île-de-France,Essonne (91),30,30,20,80,A,1,1,1,206,1,313,0,0,True,True,0.20939954395743604,0.790600456042564,Toujours inscrit
6388792,Terminale technologique,"Communication, information, journalisme",Lycéen,Île-de-France,Essonne (91),30,30,20,80,A,1,1,1,30,2,136,0,0,True,True,0.2609162840675979,0.7390837159324021,Toujours inscrit
7779409,Terminale technologique,"Santé, paramédical",_ETUDIANT / ÉLÈVE,Île-de-France,Essonne (91),30,25,25,80,A,1,0,2,102,2,236,0,0,True,True,0.28355635039759847,0.7164436496024016,Toujours inscrit
7905455,Seconde Générale et Technologique,"Mécanique, aéronautique, automobile",Lycéen,Normandie,Eure (27),30,30,20,80,A,1,1,3,6,0,2,0,0,False,,0.17220372600410852,0.8277962739958915,Toujours inscrit
6026855,Terminale,"Communication, information, journalisme",_ETUDIANT / ÉLÈVE,Normandie,Eure (27),30,30,20,80,A,1,1,2,368,0,333,0,0,True,True,0.17220372600410852,0.8277962739958915,Toujours inscrit
6798362,Première,"Droit, science politique, administration publique",Lycéen,Occitanie,Gard (30),30,30,20,80,A,1,1,4,208,0,261,0,0,True,True,0.1989176187612748,0.8010823812387252,Toujours inscrit
6226963,Terminale technologique,"Comptabilité, gestion, ressources humaines",Lycéen,Occitanie,Gard (30),30,30,20,80,A,1,1,2,16,0,205,0,0,True,True,0.22123134968273023,0.7787686503172697,Toujours inscrit
8715480,Terminale,"Armée, défense, sécurité",Lycéen,Occitanie,Gard (30),30,30,20,80,A,1,1,3,117,0,56,0,0,True,True,0.3087509349289454,0.6912490650710545,Toujours inscrit
8957377,Première,"Sciences de la Terre (environnement, agriculture, agronomie ...)",Parent,Occitanie,Gard (30),30,30,20,80,A,1,1,1,11,1,13,0,0,True,True,0.1803392177223953,0.8196607822776047,Toujours inscrit
7657676,Terminale,"Commerce, vente, marketing",Lycéen,Occitanie,Gard (30),30,30,20,80,A,1,1,3,6,0,5,0,0,False,False,0.12421493370551291,0.875785066294487,Toujours inscrit
8079918,Première,"Banque, assurance, finance, immobilier",Parent,Occitanie,Gard (30),30,25,25,80,A,1,0,2,90,2,426,0,0,True,True,0.1554140127388535,0.8445859872611465,Toujours inscrit
7008273,Première,"Commerce, vente, marketing",_ETUDIANT / ÉLÈVE,Nouvelle-Aquitaine,Gironde (33),30,30,20,80,A,1,1,3,6,0,2,0,0,False,False,0.2089252625077208,0.7910747374922792,Toujours inscrit
4941665,Terminale,"Banque, assurance, finance, immobilier",Lycéen,Nouvelle-Aquitaine,Gironde (33),30,30,20,80,A,1,1,1,13,1,23,0,0,True,True,0.11055606678059682,0.8894439332194032,Toujours inscrit
8090595,Première,"Santé, paramédical",Lycéen,Nouvelle-Aquitaine,Gironde (33),30,30,20,80,A,1,1,3,81,0,132,0,0,True,True,0.19846456443119093,0.8015354355688091,Toujours inscrit
8700090,Terminale technologique,"International, études à l'étranger",Lycéen,Nouvelle-Aquitaine,Gironde (33),30,30,20,80,A,1,1,3,27,0,58,0,0,True,False,0.17434507678410116,0.8256549232158988,Toujours inscrit
6238507,Terminale,"Banque, assurance, finance, immobilier",Lycéen,Nouvelle-Aquitaine,Gironde (33),30,30,20,80,A,1,1,3,831,0,398,0,0,True,False,0.22802520559649686,0.7719747944035031,Toujours inscrit
6468467,Bac+2,"Sciences de la matière (chimie, physique, matériaux, optique…)",_ETUDIANT / ÉLÈVE,Nouvelle-Aquitaine,Gironde (33),30,30,20,80,A,1,1,1,20,1,164,0,0,False,False,0.21128617575318082,0.7887138242468191,Toujours inscrit
8340232,Bac+2,"Secretariat, assistant de gestion","En recherche d'emploi, de stage / Jeune diplômé",Nouvelle-Aquitaine,Gironde (33),30,25,25,80,A,1,0,1,77,3,88,0,0,True,True,0.23857588135345284,0.7614241186465471,Toujours inscrit
7130334,Première,"Armée, défense, sécurité",_ETUDIANT / ÉLÈVE,Nouvelle-Aquitaine,Gironde (33),30,30,20,80,A,1,1,2,12,0,14,0,0,False,True,0.14316079019754938,0.8568392098024507,Toujours inscrit
8902414,Première,"Sciences de la matière (chimie, physique, matériaux, optique…)",Lycéen,Nouvelle-Aquitaine,Gironde (33),30,30,20,80,A,1,1,1,16,1,16,0,0,True,False,0.22802520559649686,0.7719747944035031,Toujours inscrit
6129928,Seconde Générale et Technologique,"Droit, science politique, administration publique",Lycéen,Nouvelle-Aquitaine,Gironde (33),30,30,20,80,A,1,1,5,2058,0,304,0,0,True,True,0.23857588135345284,0.7614241186465471,Toujours inscrit
5910296,Première,"Mécanique, aéronautique, automobile",Lycéen,Nouvelle-Aquitaine,Gironde (33),30,30,20,80,A,1,1,5,6,0,1,0,0,False,False,0.2470173080154596,0.7529826919845404,Toujours inscrit
7203569,Première,"Armée, défense, sécurité",Parent,Nouvelle-Aquitaine,Gironde (33),30,30,20,80,A,1,1,1,90,1,99,0,0,True,False,0.2089252625077208,0.7910747374922792,Toujours inscrit
8645785,Terminale Pro,"Action sociale, animation, sciences sociales",Lycéen,Nouvelle-Aquitaine,Gironde (33),30,30,20,80,A,1,1,2,22,0,50,0,0,True,True,0.2072480181200453,0.7927519818799547,Toujours inscrit
5530248,Terminale,"Génie civil, bâtiment",Lycéen,Nouvelle-Aquitaine,Gironde (33),30,30,20,80,A,1,1,1,116,2,360,0,0,True,True,0.2215422276621787,0.7784577723378213,Toujours inscrit
6467648,Bac+1,"Banque, assurance, finance, immobilier","En recherche d'emploi, de stage / Jeune diplômé",Nouvelle-Aquitaine,Gironde (33),30,30,20,80,A,1,1,1,29,1,187,0,0,True,True,0.13399418902751667,0.8660058109724833,Toujours inscrit
5065847,5ème,"Sciences de la vie (biologie, biotechnologies...)",Parent,Nouvelle-Aquitaine,Gironde (33),30,30,20,80,A,1,1,1,63,2,117,0,0,True,False,0.12325106115390662,0.8767489388460934,Toujours inscrit
6110420,Terminale,"Sciences de la matière (chimie, physique, matériaux, optique…)",_ETUDIANT / ÉLÈVE,Nouvelle-Aquitaine,Gironde (33),30,30,20,80,A,1,1,2,32,0,177,0,0,True,True,0.19683481701285854,0.8031651829871415,Toujours inscrit
5974975,Seconde Générale et Technologique,"Mécanique, aéronautique, automobile",_ETUDIANT / ÉLÈVE,Occitanie,Haute-Garonne (31),30,30,20,80,A,1,1,2,10,0,14,0,0,False,True,0.2611582146856503,0.7388417853143497,Toujours inscrit
8302054,Bac+3,"Communication, information, journalisme",_ETUDIANT / ÉLÈVE,Occitanie,Haute-Garonne (31),30,30,20,80,A,1,1,3,15,0,109,0,0,True,False,0.22782084409991388,0.7721791559000861,Toujours inscrit
5994132,Terminale,"Commerce, vente, marketing",Parent,Occitanie,Haute-Garonne (31),30,30,20,80,A,1,1,1,60,2,438,0,0,False,False,0.24108351876927817,0.7589164812307219,Toujours inscrit
8582940,Terminale,"Sciences de la Terre (environnement, agriculture, agronomie ...)",Parent,Occitanie,Haute-Garonne (31),30,30,20,80,A,1,1,1,15,1,43,0,0,True,False,0.2065516546955763,0.7934483453044238,Toujours inscrit
6183369,Terminale,"Tourisme, hôtellerie, restauration",Lycéen,Occitanie,Haute-Garonne (31),30,30,20,80,A,1,1,5,15,0,3,0,0,False,False,0.2611582146856503,0.7388417853143497,Toujours inscrit
5977549,Terminale Générale Agricole,"Cosmétique, esthétique, soins personnels",Lycéen,Occitanie,Haute-Garonne (31),30,30,20,80,A,1,1,1,130,2,157,0,0,False,False,0.22612869745718733,0.7738713025428127,Toujours inscrit
7762178,Terminale,Sport,Lycéen,Auvergne-Rhône-Alpes,Haute-Savoie (74),30,30,20,80,A,1,1,1,155,1,162,0,0,True,False,0.1580246913580247,0.8419753086419753,Toujours inscrit
6290559,Terminale,"Communication, information, journalisme",Lycéen,Auvergne-Rhône-Alpes,Haute-Savoie (74),30,30,20,80,A,1,1,1,368,2,532,0,0,True,True,0.20073999587458746,0.7992600041254125,Toujours inscrit
7773567,Terminale,"Action sociale, animation, sciences sociales",Lycéen,Auvergne-Rhône-Alpes,Haute-Savoie (74),30,30,20,80,A,1,1,1,212,2,223,0,0,True,True,0.13243121108656356,0.8675687889134365,Toujours inscrit
8880035,Première,Luxe,Parent,Auvergne-Rhône-Alpes,Haute-Savoie (74),30,30,20,80,A,1,1,3,6,0,41,0,0,True,False,0.16246539414250327,0.8375346058574967,Toujours inscrit
7784592,Première,Luxe,Parent,Auvergne-Rhône-Alpes,Haute-Savoie (74),30,25,25,80,A,1,0,1,82,3,87,0,0,True,False,0.20073999587458746,0.7992600041254125,Toujours inscrit
7772015,5ème,"Comptabilité, gestion, ressources humaines",Parent,Auvergne-Rhône-Alpes,Haute-Savoie (74),30,25,25,80,A,1,0,1,21,8,177,0,0,True,False,0.17763851470071454,0.8223614852992854,Toujours inscrit
8541644,Bac+2,"Energie, électricité",_ETUDIANT / ÉLÈVE,Auvergne-Rhône-Alpes,Haute-Savoie (74),30,30,20,80,A,1,1,7,238,0,66,0,0,True,True,0.17763851470071454,0.8223614852992854,Toujours inscrit
7791808,Terminale,"Droit, science politique, administration publique",_ETUDIANT / ÉLÈVE,Île-de-France,Hauts-de-Seine (92),30,30,20,80,A,1,1,2,8,0,6,0,0,True,False,0.3945911607223886,0.6054088392776114,Toujours inscrit
6104609,Terminale,"Action sociale, animation, sciences sociales",Parent,Île-de-France,Hauts-de-Seine (92),30,25,25,80,A,1,0,2,798,2,458,0,0,True,True,0.33152022315202234,0.6684797768479777,Toujours inscrit
8257296,Seconde Générale et Technologique,"Architecture, géographie, aménagement",Lycéen,Île-de-France,Hauts-de-Seine (92),30,30,20,80,A,1,1,2,6,0,126,0,0,True,True,0.3084548282803636,0.6915451717196365,Toujours inscrit
9010205,Première,"Cosmétique, esthétique, soins personnels",Lycéen,Île-de-France,Hauts-de-Seine (92),30,30,20,80,A,1,1,1,5,5,29,0,0,True,True,0.41144564106595394,0.5885543589340461,Toujours inscrit
6029440,Terminale,"Communication, information, journalisme",Parent,Île-de-France,Hauts-de-Seine (92),30,25,25,80,A,1,0,2,570,2,449,0,0,True,True,0.4243122501763461,0.5756877498236539,Toujours inscrit
8258393,Première,Economie,Lycéen,Île-de-France,Hauts-de-Seine (92),30,25,25,80,A,1,0,1,33,4,33,0,0,False,False,0.4747342809578691,0.5252657190421309,Toujours inscrit
7341159,Terminale,"Commerce, vente, marketing",Parent,Île-de-France,Hauts-de-Seine (92),30,30,20,80,A,1,1,3,6,0,3,0,0,False,False,0.2586796350805346,0.7413203649194654,Toujours inscrit
6412494,Terminale technologique,"Comptabilité, gestion, ressources humaines",Parent,Île-de-France,Hauts-de-Seine (92),30,30,20,80,A,1,1,1,310,2,347,0,0,True,True,0.265477515852655,0.734522484147345,Toujours inscrit
6764260,Terminale,Luxe,_ETUDIANT / ÉLÈVE,Île-de-France,Hauts-de-Seine (92),30,30,20,80,A,1,1,4,12,0,18,0,0,True,False,0.19307177958591798,0.806928220414082,Toujours inscrit
6410659,Terminale,"International, études à l'étranger",Lycéen,Île-de-France,Hauts-de-Seine (92),30,30,20,80,A,1,1,2,632,0,479,0,0,True,True,0.17129959610358755,0.8287004038964124,Toujours inscrit
7407863,Terminale technologique,"Banque, assurance, finance, immobilier",Lycéen,Occitanie,Hérault (34),30,25,25,80,A,1,0,1,69,3,156,0,0,True,True,0.17950108177149857,0.8204989182285014,Toujours inscrit
8518622,Terminale,"Education, formation",Lycéen,Occitanie,Hérault (34),30,30,20,80,A,1,1,2,176,0,97,0,0,True,True,0.2689842687900563,0.7310157312099437,Toujours inscrit
7742795,Première,"Droit, science politique, administration publique",Lycéen,Occitanie,Hérault (34),30,30,20,80,A,1,1,2,2,2,1,0,0,False,False,0.2651882221393962,0.7348117778606038,Toujours inscrit
7292186,Terminale,"Santé, paramédical",Lycéen,Occitanie,Hérault (34),30,30,20,80,A,1,1,2,528,0,276,0,0,True,True,0.3107894736842105,0.6892105263157895,Toujours inscrit
7713128,Première,"Banque, assurance, finance, immobilier",Lycéen,Occitanie,Hérault (34),30,30,20,80,A,1,1,2,10,0,70,0,0,True,False,0.27328543435662966,0.7267145656433703,Toujours inscrit
6289887,Terminale,"Sciences de la Terre (environnement, agriculture, agronomie ...)",Parent,Occitanie,Hérault (34),30,25,25,80,A,1,0,1,97,5,282,0,0,True,True,0.11681148635338921,0.8831885136466108,Toujours inscrit
6150208,Terminale,Sport,_ETUDIANT / ÉLÈVE,Occitanie,Hérault (34),30,30,20,80,A,1,1,3,297,0,103,0,0,True,True,0.23288672350791717,0.7671132764920828,Toujours inscrit
6262268,Terminale technologique,"Commerce, vente, marketing",Parent,Bretagne,Ille-et-Vilaine (35),30,25,25,80,A,1,0,1,195,3,205,0,0,True,True,0.1974402996722335,0.8025597003277665,Toujours inscrit
6172059,3ème,"Architecture, géographie, aménagement",_ETUDIANT / ÉLÈVE,Bretagne,Ille-et-Vilaine (35),30,30,20,80,A,1,1,2,1132,0,289,0,0,True,True,0.1069026265214606,0.8930973734785393,Toujours inscrit
8645254,3ème,"Action sociale, animation, sciences sociales",_ETUDIANT / ÉLÈVE,Bretagne,Ille-et-Vilaine (35),30,25,25,80,A,1,0,2,3,3,1,0,0,False,False,0.15061837455830387,0.8493816254416962,Toujours inscrit
5546390,Première,"International, études à l'étranger",Lycéen,Bretagne,Ille-et-Vilaine (35),30,30,20,80,A,1,1,1,170,1,302,0,0,True,True,0.20305434804517694,0.796945651954823,Toujours inscrit
8891213,Terminale,Economie,Lycéen,Bretagne,Ille-et-Vilaine (35),30,30,20,80,A,1,1,1,17,1,39,0,0,True,False,0.18932931928416122,0.8106706807158388,Toujours inscrit
7864862,Première,"Communication, information, journalisme",Parent,Bretagne,Ille-et-Vilaine (35),30,30,20,80,A,1,1,4,100,0,33,0,0,False,True,0.20305434804517694,0.796945651954823,Toujours inscrit
6156675,Terminale Pro,"Digital, Informatique, multimédia",Parent,Bretagne,Ille-et-Vilaine (35),30,25,25,80,A,1,0,2,76,2,169,0,0,False,False,0.15265430530861063,0.8473456946913894,Toujours inscrit
8902058,Terminale,Sport,_ETUDIANT / ÉLÈVE,Bretagne,Ille-et-Vilaine (35),30,30,20,80,A,1,1,1,28,1,31,0,0,True,False,0.11545226130653266,0.8845477386934674,Toujours inscrit
7152110,Seconde Générale et Technologique,Technologie industrielle,_ETUDIANT / ÉLÈVE,Centre-Val de Loire,Indre-et-Loire (37),30,30,20,80,A,1,1,2,16,0,133,0,0,True,True,0.26263591826980526,0.7373640817301947,Toujours inscrit
8288888,Bac+1,Technologie industrielle,_ETUDIANT / ÉLÈVE,Auvergne-Rhône-Alpes,Isère (38),30,30,20,80,A,1,1,1,43,1,79,0,0,True,False,0.26145900581020015,0.7385409941897999,Toujours inscrit
6430519,Bac+3,"Sciences de la matière (chimie, physique, matériaux, optique…)",Etudiant,Auvergne-Rhône-Alpes,Isère (38),30,30,20,80,A,1,1,2,366,0,283,0,0,True,True,0.2117310443490701,0.7882689556509299,Toujours inscrit
7041803,Terminale,Economie,_ETUDIANT / ÉLÈVE,Auvergne-Rhône-Alpes,Isère (38),30,30,20,80,A,1,1,1,11,2,141,0,0,False,False,0.221239967430499,0.778760032569501,Toujours inscrit
7743442,Terminale,"Sciences de la matière (chimie, physique, matériaux, optique…)",Lycéen,Auvergne-Rhône-Alpes,Isère (38),30,30,20,80,A,1,1,2,144,0,205,0,0,True,False,0.18374535040653084,0.8162546495934692,Toujours inscrit
6985484,Terminale,"Génie civil, bâtiment",Lycéen,Auvergne-Rhône-Alpes,Isère (38),30,30,20,80,A,1,1,1,173,1,315,0,0,True,True,0.23902151488358384,0.7609784851164162,Toujours inscrit
6297807,Bac+1,"Communication, information, journalisme",Etudiant,Auvergne-Rhône-Alpes,Isère (38),30,30,20,80,A,1,1,1,111,1,430,0,0,True,True,0.1556094335463963,0.8443905664536037,Toujours inscrit
6144125,Première,"Sciences de la vie (biologie, biotechnologies...)",_ETUDIANT / ÉLÈVE,Auvergne-Rhône-Alpes,Isère (38),30,30,20,80,A,1,1,2,34,0,18,0,0,True,True,0.16364990689013034,0.8363500931098696,Toujours inscrit
7019050,Première,Economie,Lycéen,Auvergne-Rhône-Alpes,Loire (42),30,25,25,80,A,1,0,2,16,2,251,0,0,True,False,0.15397350993377484,0.8460264900662252,Toujours inscrit
6793317,Terminale technologique,"Banque, assurance, finance, immobilier",Lycéen,Auvergne-Rhône-Alpes,Loire (42),30,30,20,80,A,1,1,1,60,1,95,0,0,True,True,0.13762465468936738,0.8623753453106326,Toujours inscrit
6489603,Bac+1,Sport,Etudiant,Auvergne-Rhône-Alpes,Loire (42),30,30,20,80,A,1,1,2,288,0,226,0,0,True,True,0.14455213903743316,0.8554478609625669,Toujours inscrit
7010533,Terminale technologique,"Armée, défense, sécurité",_ETUDIANT / ÉLÈVE,Auvergne-Rhône-Alpes,Loire (42),30,30,20,80,A,1,1,1,21,1,66,0,0,False,False,0.23067065356685176,0.7693293464331482,Toujours inscrit
7920669,Terminale technologique,"Vétérinaire, soins aux animaux",Parent,Auvergne-Rhône-Alpes,Loire (42),30,30,20,80,A,1,1,1,11,1,96,0,0,True,True,0.15397350993377484,0.8460264900662252,Toujours inscrit
6201525,Seconde Générale et Technologique,Technologie industrielle,Lycéen,Pays de la Loire,Loire-Atlantique (44),30,30,20,80,A,1,1,4,16,0,79,0,0,True,True,0.24259931489339945,0.7574006851066005,Toujours inscrit
6147965,Première,"Digital, Informatique, multimédia",Parent,Pays de la Loire,Loire-Atlantique (44),30,30,20,80,A,1,1,2,2,2,240,0,0,True,False,0.146924466163816,0.853075533836184,Toujours inscrit
6002818,Bac+2,Technologie industrielle,_ETUDIANT / ÉLÈVE,Pays de la Loire,Loire-Atlantique (44),30,30,20,80,A,1,1,2,6,0,3,0,0,False,False,0.23244402813032358,0.7675559718696764,Toujours inscrit
4950777,3ème,Technologie industrielle,_ETUDIANT / ÉLÈVE,Pays de la Loire,Loire-Atlantique (44),30,30,20,80,A,1,1,1,6,2,53,0,0,True,True,0.14153965634404428,0.8584603436559557,Toujours inscrit
4717166,Seconde Générale et Technologique,Economie,Lycéen,Pays de la Loire,Loire-Atlantique (44),30,30,20,80,A,1,1,3,6,0,2,0,0,False,False,0.24259931489339945,0.7574006851066005,Toujours inscrit
7952219,Première,"Commerce, vente, marketing",_ETUDIANT / ÉLÈVE,Pays de la Loire,Loire-Atlantique (44),30,30,20,80,A,1,1,3,42,0,164,0,0,True,True,0.1455567702639388,0.8544432297360612,Toujours inscrit
7016222,Terminale technologique,"Santé, paramédical",_ETUDIANT / ÉLÈVE,Pays de la Loire,Loire-Atlantique (44),30,30,20,80,A,1,1,2,6,0,19,0,0,False,True,0.1963337330820627,0.8036662669179373,Toujours inscrit
5413791,Seconde Générale et Technologique,"Droit, science politique, administration publique",_ETUDIANT / ÉLÈVE,Pays de la Loire,Loire-Atlantique (44),30,30,20,80,A,1,1,2,58,0,37,0,0,True,True,0.16593921117371638,0.8340607888262837,Toujours inscrit
6810880,Terminale technologique,"Commerce, vente, marketing",_ETUDIANT / ÉLÈVE,Pays de la Loire,Loire-Atlantique (44),30,30,20,80,A,1,1,2,8,0,6,0,0,False,True,0.15452143526804737,0.8454785647319526,Toujours inscrit
5199982,Première,Economie,Lycéen,Pays de la Loire,Loire-Atlantique (44),30,25,25,80,A,1,0,1,97,7,109,0,0,False,False,0.14153965634404428,0.8584603436559557,Toujours inscrit
4951225,Terminale,Economie,Parent,Pays de la Loire,Loire-Atlantique (44),30,30,20,80,A,1,1,3,81,0,214,0,0,True,True,0.23244402813032358,0.7675559718696764,Toujours inscrit
6290334,Seconde Générale et Technologique,"International, études à l'étranger",Parent,Pays de la Loire,Loire-Atlantique (44),30,30,20,80,A,1,1,4,16,0,9,0,0,False,False,0.1455567702639388,0.8544432297360612,Toujours inscrit
7010325,Seconde Générale et Technologique,"Arts, audiovisuel, culture",Lycéen,Pays de la Loire,Loire-Atlantique (44),30,30,20,80,A,1,1,3,297,0,214,0,0,True,True,0.23244402813032358,0.7675559718696764,Toujours inscrit
7043085,Terminale technologique,"Tourisme, hôtellerie, restauration",_ETUDIANT / ÉLÈVE,Centre-Val de Loire,Loiret (45),30,30,20,80,A,1,1,1,220,1,286,0,0,True,False,0.1447831573354586,0.8552168426645415,Toujours inscrit
5443128,Première,"Sciences de la Terre (environnement, agriculture, agronomie ...)",_ETUDIANT / ÉLÈVE,Centre-Val de Loire,Loiret (45),30,30,20,80,A,1,1,2,10,0,6,0,0,False,True,0.1850961861164436,0.8149038138835564,Toujours inscrit
7059464,Terminale,"Arts, audiovisuel, culture",_ETUDIANT / ÉLÈVE,Centre-Val de Loire,Loiret (45),30,30,20,80,A,1,1,1,55,1,139,0,0,True,True,0.1850961861164436,0.8149038138835564,Toujours inscrit
6037353,Bac+1,"Arts, audiovisuel, culture",_ETUDIANT / ÉLÈVE,Bretagne,Morbihan (56),30,30,20,80,A,1,1,1,297,1,315,0,0,True,True,0.13283208020050125,0.8671679197994987,Toujours inscrit
7264249,Seconde Générale et Technologique,"Sciences de la vie (biologie, biotechnologies...)",_ETUDIANT / ÉLÈVE,Hauts-de-France,Nord (59),30,30,20,80,A,1,1,2,34,0,19,0,0,True,True,0.14720496894409937,0.8527950310559006,Toujours inscrit
6322838,Première,"Droit, science politique, administration publique",Lycéen,Hauts-de-France,Nord (59),30,30,20,80,A,1,1,2,9,0,68,0,0,True,False,0.14597941642162407,0.854020583578376,Toujours inscrit
6371470,Seconde Générale et Technologique,Sport,_ETUDIANT / ÉLÈVE,Hauts-de-France,Nord (59),30,30,20,80,A,1,1,3,33,0,59,0,0,True,True,0.11608736296422198,0.883912637035778,Toujours inscrit
6370786,Terminale technologique,Luxe,Lycéen,Hauts-de-France,Nord (59),30,30,20,80,A,1,1,1,161,2,294,0,0,True,True,0.12757722890718456,0.8724227710928154,Toujours inscrit
6375544,Terminale,"Droit, science politique, administration publique",Lycéen,Hauts-de-France,Nord (59),30,30,20,80,A,1,1,1,170,1,439,0,0,True,True,0.14597941642162407,0.854020583578376,Toujours inscrit
6214592,Seconde Générale et Technologique,"Arts, audiovisuel, culture",Parent,Hauts-de-France,Nord (59),30,30,20,80,A,1,1,2,86,0,57,0,0,True,False,0.0791866028708134,0.9208133971291866,Toujours inscrit
8931541,Seconde Générale et Technologique,"Tourisme, hôtellerie, restauration",_ETUDIANT / ÉLÈVE,Hauts-de-France,Nord (59),30,30,20,80,A,1,1,2,48,0,24,0,0,True,False,0.2781159420289855,0.7218840579710145,Toujours inscrit
7169581,Bac+2,Sport,"En recherche d'emploi, de stage / Jeune diplômé",Hauts-de-France,Nord (59),30,30,20,80,A,1,1,3,90,0,204,0,0,True,True,0.11740623349181194,0.8825937665081881,Toujours inscrit
6334062,Terminale,"Action sociale, animation, sciences sociales",_ETUDIANT / ÉLÈVE,Hauts-de-France,Nord (59),30,25,25,80,A,1,0,1,164,4,475,0,0,True,True,0.0858250276854928,0.9141749723145072,Toujours inscrit
8307788,Bac+2,"Commerce, vente, marketing",_ETUDIANT / ÉLÈVE,Hauts-de-France,Nord (59),30,30,20,80,A,1,1,2,150,0,77,0,0,False,False,0.22774659182036888,0.7722534081796311,Toujours inscrit
8941969,Terminale technologique,"International, études à l'étranger",Lycéen,Hauts-de-France,Nord (59),30,30,20,80,A,1,1,1,50,2,51,0,0,True,True,0.10380862448851118,0.8961913755114889,Toujours inscrit
4903629,Seconde Générale et Technologique,"International, études à l'étranger",Lycéen,Hauts-de-France,Nord (59),30,30,20,80,A,1,1,3,24,0,250,0,0,True,True,0.15645246946362187,0.8435475305363781,Toujours inscrit
7734974,Première,"Droit, science politique, administration publique",_ETUDIANT / ÉLÈVE,Hauts-de-France,Nord (59),30,30,20,80,A,1,1,3,132,0,205,0,0,True,True,0.305203007518797,0.694796992481203,Toujours inscrit
8556968,Première,"Santé, paramédical",_ETUDIANT / ÉLÈVE,Hauts-de-France,Nord (59),30,30,20,80,A,1,1,2,62,0,43,0,0,True,True,0.14431934493346982,0.8556806550665302,Toujours inscrit
7839458,Première,"Cosmétique, esthétique, soins personnels",_ETUDIANT / ÉLÈVE,Hauts-de-France,Nord (59),30,30,20,80,A,1,1,3,42,0,164,0,0,False,False,0.10012919896640828,0.8998708010335917,Toujours inscrit
5261942,CAP/BEP,"Sciences de la vie (biologie, biotechnologies...)",Lycéen,Hauts-de-France,Nord (59),30,30,20,80,A,1,1,6,660,0,144,0,0,True,True,0.08470178553139189,0.9152982144686082,Toujours inscrit
8223297,Bac+3,"Droit, science politique, administration publique",_ETUDIANT / ÉLÈVE,Hauts-de-France,Nord (59),30,30,20,80,A,1,1,2,28,0,15,0,0,True,True,0.21324309428281882,0.7867569057171812,Toujours inscrit
6931318,Terminale,Sport,_ETUDIANT / ÉLÈVE,Hauts-de-France,Nord (59),30,30,20,80,A,1,1,2,98,0,136,0,0,True,True,0.11709132550815918,0.8829086744918409,Toujours inscrit
4516689,Bac+2,"Tourisme, hôtellerie, restauration",Etudiant,Hauts-de-France,Nord (59),30,30,20,80,A,1,1,3,6,0,2,0,0,False,False,0.09711599066487232,0.9028840093351277,Toujours inscrit
6459490,Bac+1,"Action sociale, animation, sciences sociales",_ETUDIANT / ÉLÈVE,Hauts-de-France,Nord (59),30,25,25,80,A,1,0,1,160,15,320,0,0,True,False,0.16235906331309627,0.8376409366869038,Toujours inscrit
6477424,Bac+4,"Commerce, vente, marketing",_ETUDIANT / ÉLÈVE,Hauts-de-France,Nord (59),30,30,20,80,A,1,1,2,190,0,357,0,0,True,True,0.24942263279445728,0.7505773672055427,Toujours inscrit
7420833,Bac+1,"Santé, paramédical",Etudiant,Hauts-de-France,Nord (59),30,30,20,80,A,1,1,2,256,0,231,0,0,True,True,0.10527601367855398,0.894723986321446,Toujours inscrit
8654881,Terminale,"Sciences de la vie (biologie, biotechnologies...)",Lycéen,Hauts-de-France,Nord (59),30,30,20,80,A,1,1,1,50,1,52,0,0,True,False,0.08322663252240717,0.9167733674775929,Toujours inscrit
7293719,Seconde Générale et Technologique,"Sciences de la vie (biologie, biotechnologies...)",Parent,Hauts-de-France,Nord (59),30,30,20,80,A,1,1,3,18,0,133,0,0,True,True,0.10972850678733032,0.8902714932126696,Toujours inscrit
7205642,Première technologique,"Comptabilité, gestion, ressources humaines",Lycéen,Hauts-de-France,Oise (60),30,30,20,80,A,1,1,2,402,0,259,0,0,True,True,0.2,0.8,Toujours inscrit
6007239,Bac+3,"Commerce, vente, marketing",_ETUDIANT / ÉLÈVE,Hauts-de-France,Oise (60),30,30,20,80,A,1,1,1,276,1,343,0,0,True,True,0.3469387755102041,0.6530612244897959,Toujours inscrit
9051745,Terminale technologique,"Commerce, vente, marketing",_ETUDIANT / ÉLÈVE,Hauts-de-France,Oise (60),30,30,20,80,A,1,1,3,21,0,26,0,0,True,True,0.1256135833266275,0.8743864166733725,Toujours inscrit
8136684,Seconde Générale et Technologique,Sport,_ETUDIANT / ÉLÈVE,Hauts-de-France,Oise (60),30,25,25,80,A,1,0,1,25,6,96,0,0,True,True,0.15096359743040685,0.8490364025695931,Toujours inscrit
6866486,Bac+1,"International, études à l'étranger",Etudiant,Île-de-France,Paris (75),30,30,20,80,A,1,1,2,156,0,127,0,0,True,False,0.43072624678146854,0.5692737532185315,Toujours inscrit
5209575,Terminale,Economie,Parent,Île-de-France,Paris (75),30,25,25,80,A,1,0,1,254,5,333,0,0,True,True,0.4910950884328588,0.5089049115671412,Toujours inscrit
5925902,Terminale,Luxe,_ETUDIANT / ÉLÈVE,Île-de-France,Paris (75),30,30,20,80,A,1,1,1,176,2,569,0,0,True,True,0.4322079396718236,0.5677920603281764,Toujours inscrit
7727948,Bac+1,"Commerce, vente, marketing",_ETUDIANT / ÉLÈVE,Île-de-France,Paris (75),30,30,20,80,A,1,1,2,6,0,3,0,0,False,False,0.4487578747176988,0.5512421252823012,Toujours inscrit
7675419,Première,"Communication, information, journalisme",_ETUDIANT / ÉLÈVE,Île-de-France,Paris (75),30,30,20,80,A,1,1,5,50,0,181,0,0,True,True,0.4814926498303807,0.5185073501696194,Toujours inscrit
7850895,Bac +5 et au delà,"Santé, paramédical",_ETUDIANT / ÉLÈVE,Île-de-France,Paris (75),30,25,25,80,A,1,0,2,248,2,128,0,0,True,True,0.43072624678146854,0.5692737532185315,Toujours inscrit
6372465,Terminale,Economie,Lycéen,Hauts-de-France,Pas-de-Calais (62),30,25,25,80,A,1,0,1,426,4,456,0,0,True,False,0.08051376880403818,0.9194862311959618,Toujours inscrit
8192358,Bac+3,Sport,_ETUDIANT / ÉLÈVE,Hauts-de-France,Pas-de-Calais (62),30,30,20,80,A,1,1,2,180,0,93,0,0,True,False,0.10053020064455764,0.8994697993554424,Toujours inscrit
7692251,Terminale technologique,"Action sociale, animation, sciences sociales",Parent,Hauts-de-France,Pas-de-Calais (62),30,25,25,80,A,1,0,2,170,2,120,0,0,True,False,0.09393346379647749,0.9060665362035225,Toujours inscrit
5999931,Terminale,"Digital, Informatique, multimédia",_ETUDIANT / ÉLÈVE,Hauts-de-France,Pas-de-Calais (62),30,30,20,80,A,1,1,2,54,0,222,0,0,True,True,0.2078194088899232,0.7921805911100768,Toujours inscrit
7742915,Première,"Sciences de la matière (chimie, physique, matériaux, optique…)",_ETUDIANT / ÉLÈVE,Hauts-de-France,Pas-de-Calais (62),30,30,20,80,A,1,1,3,462,0,181,0,0,True,False,0.174781919111816,0.8252180808881839,Toujours inscrit
6003056,Première,"Education, formation",Lycéen,Hauts-de-France,Pas-de-Calais (62),30,30,20,80,A,1,1,3,246,0,90,0,0,True,True,0.07369942196531792,0.9263005780346821,Toujours inscrit
7957197,Seconde Générale et Technologique,"Arts, audiovisuel, culture",_ETUDIANT / ÉLÈVE,Auvergne-Rhône-Alpes,Puy-de-Dôme (63),30,30,20,80,A,1,1,2,24,0,120,0,0,True,False,0.16474309471167578,0.8352569052883242,Toujours inscrit
6862561,Seconde Générale et Technologique,"Commerce, vente, marketing",_ETUDIANT / ÉLÈVE,Nouvelle-Aquitaine,Pyrénées-Atlantiques (64),30,30,20,80,A,1,1,1,76,1,228,0,0,True,True,0.16067011702105546,0.8393298829789445,Toujours inscrit
7958231,Terminale,Luxe,Lycéen,Nouvelle-Aquitaine,Pyrénées-Atlantiques (64),30,30,20,80,A,1,1,1,120,2,145,0,0,True,False,0.14934246081787064,0.8506575391821294,Toujours inscrit
6274226,Bac+3,"Commerce, vente, marketing",Parent,Auvergne-Rhône-Alpes,Rhône (69),30,30,20,80,A,1,1,5,6,0,3,0,0,False,False,0.3822156073075352,0.6177843926924649,Toujours inscrit
7137161,Terminale,Economie,Lycéen,Auvergne-Rhône-Alpes,Rhône (69),30,30,20,80,A,1,1,1,11,1,86,0,0,True,True,0.3822156073075352,0.6177843926924649,Toujours inscrit
8610007,Première,"Action sociale, animation, sciences sociales",Parent,Auvergne-Rhône-Alpes,Rhône (69),30,30,20,80,A,1,1,1,28,2,31,0,0,True,True,0.1661087102075598,0.8338912897924402,Toujours inscrit
7140844,Bac+1,"International, études à l'étranger",Etudiant,Auvergne-Rhône-Alpes,Rhône (69),30,30,20,80,A,1,1,3,6,0,5,0,0,False,False,0.24462818183333612,0.7553718181666639,Toujours inscrit
7419039,Bac+3,"Action sociale, animation, sciences sociales",Etudiant,Auvergne-Rhône-Alpes,Rhône (69),30,30,20,80,A,1,1,1,107,2,305,0,0,True,True,0.07769642951880737,0.9223035704811926,Toujours inscrit
6844534,Terminale,"Santé, paramédical",_ETUDIANT / ÉLÈVE,Auvergne-Rhône-Alpes,Rhône (69),30,30,20,80,A,1,1,3,174,0,144,0,0,True,False,0.2534259984338293,0.7465740015661707,Toujours inscrit
6201673,Terminale,Economie,_ETUDIANT / ÉLÈVE,Auvergne-Rhône-Alpes,Rhône (69),30,30,20,80,A,1,1,4,204,0,73,0,0,False,True,0.11952565457320653,0.8804743454267935,Toujours inscrit
7209584,Terminale Pro,"Banque, assurance, finance, immobilier",Lycéen,Auvergne-Rhône-Alpes,Rhône (69),30,30,20,80,A,1,1,2,238,0,174,0,0,True,False,0.1736092544070727,0.8263907455929272,Toujours inscrit
6135886,Terminale,"Santé, paramédical",_ETUDIANT / ÉLÈVE,Auvergne-Rhône-Alpes,Rhône (69),30,30,20,80,A,1,1,3,21,0,143,0,0,True,True,0.19324523349129855,0.8067547665087015,Toujours inscrit
8086498,Première,"Tourisme, hôtellerie, restauration",Lycéen,Auvergne-Rhône-Alpes,Rhône (69),30,30,20,80,A,1,1,2,6,0,29,0,0,True,True,0.1936645657690104,0.8063354342309896,Toujours inscrit
8341070,Bac+4,"Comptabilité, gestion, ressources humaines",_ETUDIANT / ÉLÈVE,Auvergne-Rhône-Alpes,Rhône (69),30,25,25,80,A,1,0,1,69,5,406,0,0,True,True,0.19324523349129855,0.8067547665087015,Toujours inscrit
6165271,Première,Sport,Lycéen,Auvergne-Rhône-Alpes,Rhône (69),30,30,20,80,A,1,1,3,1144,0,333,0,0,True,True,0.2918954743419807,0.7081045256580193,Toujours inscrit
8697494,Terminale,"Armée, défense, sécurité",Lycéen,Auvergne-Rhône-Alpes,Rhône (69),30,30,20,80,A,1,1,2,18,0,59,0,0,True,True,0.23341192320646684,0.7665880767935331,Toujours inscrit
6668815,Bac+3,"Education, formation",Parent,Auvergne-Rhône-Alpes,Savoie (73),30,25,25,80,A,1,0,1,13,5,205,0,0,True,,0.12897526501766785,0.8710247349823321,Toujours inscrit
6171087,Bac+1,"Armée, défense, sécurité",Etudiant,Normandie,Seine-Maritime (76),30,25,25,80,A,1,0,1,15,5,111,0,0,True,True,0.10805121908437117,0.8919487809156288,Toujours inscrit
8125831,3ème,"Energie, électricité",Parent,Normandie,Seine-Maritime (76),30,30,20,80,A,1,1,1,70,2,94,0,0,True,False,0.34268917124976295,0.657310828750237,Toujours inscrit
7081770,Première,Economie,Lycéen,Normandie,Seine-Maritime (76),30,30,20,80,A,1,1,2,10,0,67,0,0,True,True,0.2369774919614148,0.7630225080385852,Toujours inscrit
6858881,Terminale,"Commerce, vente, marketing",Lycéen,Normandie,Seine-Maritime (76),30,30,20,80,A,1,1,2,296,0,298,0,0,True,True,0.10805121908437117,0.8919487809156288,Toujours inscrit
7657298,Terminale Pro,"Sciences de la matière (chimie, physique, matériaux, optique…)",Lycéen,Île-de-France,Seine-St-Denis (93),30,30,20,80,A,1,1,3,300,0,377,0,0,True,True,0.09754631593833969,0.9024536840616603,Toujours inscrit
5955329,Terminale,"Commerce, vente, marketing",Lycéen,Île-de-France,Seine-St-Denis (93),30,30,20,80,A,1,1,1,99,1,111,0,0,True,False,0.2795056362895559,0.7204943637104441,Toujours inscrit
7690298,Première,"Droit, science politique, administration publique",Parent,Île-de-France,Seine-et-Marne (77),30,30,20,80,A,1,1,1,23,1,66,0,0,True,False,0.17164053751399777,0.8283594624860022,Toujours inscrit
7767837,Bac +5 et au delà,"Architecture, géographie, aménagement",Lycéen,Île-de-France,Seine-et-Marne (77),30,25,25,80,A,1,0,1,133,6,144,0,0,True,False,0.1695438482472887,0.8304561517527114,Toujours inscrit
6838302,Première,"International, études à l'étranger",Lycéen,Île-de-France,Seine-et-Marne (77),30,30,20,80,A,1,1,3,51,0,394,0,0,True,True,0.3923214285714286,0.6076785714285714,Toujours inscrit
7855119,Terminale,"Tourisme, hôtellerie, restauration",_ETUDIANT / ÉLÈVE,Île-de-France,Seine-et-Marne (77),30,25,25,80,A,1,0,1,232,10,247,0,0,True,True,0.20193587416817907,0.798064125831821,Toujours inscrit
6831241,Terminale,"Vétérinaire, soins aux animaux",_ETUDIANT / ÉLÈVE,Île-de-France,Seine-et-Marne (77),30,30,20,80,A,1,1,4,8,0,3,0,0,False,False,0.17164053751399777,0.8283594624860022,Toujours inscrit
8198469,Bac +5 et au delà,"Mécanique, aéronautique, automobile",_ETUDIANT / ÉLÈVE,Île-de-France,Seine-et-Marne (77),30,30,20,80,A,1,1,2,26,0,84,0,0,True,True,0.2193146417445483,0.7806853582554517,Toujours inscrit
7168472,Terminale technologique,Economie,Lycéen,Hauts-de-France,Somme (80),30,30,20,80,A,1,1,2,58,0,196,0,0,True,False,0.043859649122807015,0.956140350877193,Toujours inscrit
8117425,Terminale,Sport,Lycéen,Hauts-de-France,Somme (80),30,30,20,80,A,1,1,1,30,1,150,0,0,True,True,0.12390082168084186,0.8760991783191582,Toujours inscrit
6015062,Bac+1,"Lettres, langues et sciences humaines",Etudiant,Île-de-France,Val-D'Oise (95),30,30,20,80,A,1,1,3,129,0,378,0,0,True,False,0.08062011204171057,0.9193798879582894,Toujours inscrit
6114990,Première,Economie,_ETUDIANT / ÉLÈVE,Île-de-France,Val-D'Oise (95),30,30,20,80,A,1,1,3,128,0,114,0,0,True,True,0.18215899259828897,0.8178410074017111,Toujours inscrit
7328811,Première,"Santé, paramédical",Lycéen,Île-de-France,Val-D'Oise (95),30,30,20,80,A,1,1,3,30,0,39,0,0,True,False,0.16043785935426802,0.839562140645732,Toujours inscrit
8646291,Seconde Générale et Technologique,"Sciences de la Terre (environnement, agriculture, agronomie ...)",Parent,Île-de-France,Val-D'Oise (95),30,30,20,80,A,1,1,1,15,2,32,0,0,True,True,0.1957018747142204,0.8042981252857796,Toujours inscrit
7347983,Bac+3,Sport,Parent,Île-de-France,Val-de-Marne (94),30,30,20,80,A,1,1,1,168,1,176,0,0,True,True,0.24060069723786537,0.7593993027621346,Toujours inscrit
6896297,Seconde Générale et Technologique,Technologie industrielle,Lycéen,Île-de-France,Val-de-Marne (94),30,30,20,80,A,1,1,5,35,0,52,0,0,True,True,0.3429161645722155,0.6570838354277845,Toujours inscrit
6023490,Seconde Pro,Luxe,_ETUDIANT / ÉLÈVE,Île-de-France,Val-de-Marne (94),30,30,20,80,A,1,1,2,50,0,41,0,0,False,True,0.45192889103881967,0.5480711089611803,Toujours inscrit
6963673,Seconde Générale et Technologique,Economie,Lycéen,Île-de-France,Val-de-Marne (94),30,30,20,80,A,1,1,2,2,2,1,0,0,False,False,0.07275103463297757,0.9272489653670224,Toujours inscrit
7714976,Terminale,Luxe,_ETUDIANT / ÉLÈVE,Île-de-France,Val-de-Marne (94),30,30,20,80,A,1,1,3,159,0,77,0,0,True,True,0.45192889103881967,0.5480711089611803,Toujours inscrit
6267799,Terminale Pro,"Commerce, vente, marketing",_ETUDIANT / ÉLÈVE,Provence-Alpes-Côte d'Azur,Var (83),30,30,20,80,A,1,1,2,70,0,46,0,0,False,True,0.18733723958333334,0.8126627604166666,Toujours inscrit
7312166,Bac+3,"Commerce, vente, marketing",Etudiant,Provence-Alpes-Côte d'Azur,Var (83),30,30,20,80,A,1,1,1,215,1,284,0,0,True,True,0.28921722728701665,0.7107827727129833,Toujours inscrit
6954908,Première technologique,Luxe,_ETUDIANT / ÉLÈVE,Provence-Alpes-Côte d'Azur,Vaucluse (84),30,30,20,80,A,1,1,2,22,0,113,0,0,True,True,0.1941584519897773,0.8058415480102227,Toujours inscrit
5161975,Bac+4,"Communication, information, journalisme",_ETUDIANT / ÉLÈVE,Provence-Alpes-Côte d'Azur,Vaucluse (84),30,30,20,80,A,1,1,2,38,0,424,0,0,True,True,0.14105580802184184,0.8589441919781582,Toujours inscrit
3400231,Première,"International, études à l'étranger",Parent,Provence-Alpes-Côte d'Azur,Vaucluse (84),30,30,20,80,A,1,1,2,2,2,2,0,0,False,False,0.11096297194109447,0.8890370280589055,Toujours inscrit
4851694,Seconde Générale et Technologique,Economie,_ETUDIANT / ÉLÈVE,Provence-Alpes-Côte d'Azur,Vaucluse (84),30,25,25,80,A,1,0,1,107,34,494,0,0,True,True,0.12505562972852693,0.8749443702714731,Toujours inscrit
8059531,Première,"Santé, paramédical",Parent,Pays de la Loire,Vendée (85),30,25,25,80,A,1,0,1,32,5,97,0,0,True,True,0.14040432013292717,0.8595956798670729,Toujours inscrit
7866153,Première,"Commerce, vente, marketing",_ETUDIANT / ÉLÈVE,Nouvelle-Aquitaine,Vienne (86),30,30,20,80,A,1,1,1,22,1,56,0,0,True,False,0.15843780135004823,0.8415621986499517,Toujours inscrit
6317955,Seconde Générale et Technologique,Sport,Lycéen,Nouvelle-Aquitaine,Vienne (86),30,30,20,80,A,1,1,3,102,0,297,0,0,True,False,0.14228038424056802,0.857719615759432,Toujours inscrit
7272215,Bac+2,"Commerce, vente, marketing",Etudiant,Nouvelle-Aquitaine,Vienne (86),30,30,20,80,A,1,1,2,118,0,106,0,0,True,True,0.19381620383624393,0.8061837961637561,Toujours inscrit
8629745,5ème,"Architecture, géographie, aménagement",Parent,Île-de-France,Yvelines (78),30,30,20,80,A,1,1,1,27,1,43,0,0,True,True,0.4130253270247704,0.5869746729752296,Toujours inscrit
7830963,Terminale,"Communication, information, journalisme",_ETUDIANT / ÉLÈVE,Île-de-France,Yvelines (78),30,30,20,80,A,1,1,1,157,1,261,0,0,True,True,0.3673042383394745,0.6326957616605254,Toujours inscrit
5476425,Première,"Santé, paramédical",Parent,Île-de-France,Yvelines (78),30,25,25,80,A,1,0,1,164,5,166,0,0,True,False,0.20862239841427155,0.7913776015857285,Toujours inscrit
4619270,3ème,"International, études à l'étranger",_ETUDIANT / ÉLÈVE,Île-de-France,Yvelines (78),30,30,20,80,A,1,1,3,105,0,51,0,0,True,True,0.27610333692142086,0.7238966630785791,Toujours inscrit
8914679,Terminale,"Communication, information, journalisme",Parent,Île-de-France,Yvelines (78),30,30,20,80,A,1,1,2,42,0,21,0,0,True,False,0.3346953277669213,0.6653046722330787,Toujours inscrit
6407888,Terminale,"Digital, Informatique, multimédia",Parent,Île-de-France,Yvelines (78),30,30,20,80,A,1,1,5,10,0,340,0,0,True,True,0.2104905623756611,0.7895094376243389,Toujours inscrit
6155864,Terminale,"International, études à l'étranger",Lycéen,Île-de-France,Yvelines (78),30,30,20,80,A,1,1,2,218,0,153,0,0,False,False,0.17285766826038984,0.8271423317396102,Toujours inscrit
8134408,Seconde Générale et Technologique,Technologie industrielle,Lycéen,Auvergne-Rhône-Alpes,Ardèche (07),30,30,15,75,A,1,1,1,21,0,22,0,0,True,True,0.17625231910946196,0.8237476808905381,Toujours inscrit
8376782,6ème,"Mécanique, aéronautique, automobile",Parent,Guadeloupe,Guadeloupe (971),30,25,20,75,A,0,0,0,65,4,71,0,0,True,False,0.19778368219817252,0.8022163178018274,Toujours inscrit
7767677,Première,Je ne sais pas quoi faire,_ETUDIANT / ÉLÈVE,Hauts-de-France,Aisne (02),30,15,30,75,A,1,1,4,396,16,157,0,0,True,False,0.11279826464208242,0.8872017353579176,Toujours inscrit
6781218,Bac+3,Luxe,_ETUDIANT / ÉLÈVE,Centre-Val de Loire,Eure-et-Loir (28),30,25,20,75,A,1,0,1,122,1,206,0,0,True,True,0.1656552034164981,0.8343447965835019,Toujours inscrit
7326708,Bac+2,"Sciences de la vie (biologie, biotechnologies...)","En recherche d'emploi, de stage / Jeune diplômé",Auvergne-Rhône-Alpes,Ardèche (07),30,30,15,75,A,1,1,2,2,0,2,0,0,False,False,0.11758241758241758,0.8824175824175824,Toujours inscrit
7841790,Terminale,"Sciences de la matière (chimie, physique, matériaux, optique…)",Lycéen,Nouvelle-Aquitaine,Landes (40),30,30,15,75,A,1,1,2,4,0,3,0,0,False,False,0.23429381199811053,0.7657061880018895,Toujours inscrit
7115827,Première,"Droit, science politique, administration publique",Parent,Bourgogne-Franche-Comté,Saône-et-Loire (71),30,30,15,75,A,1,1,4,4,0,35,0,0,True,True,0.13270397182547447,0.8672960281745256,Toujours inscrit
8676505,Première,Technologie industrielle,Lycéen,Auvergne-Rhône-Alpes,Haute-Loire (43),30,30,15,75,A,1,1,2,2,0,2,0,0,False,False,0.1455357142857143,0.8544642857142857,Toujours inscrit
9002047,Première Pro,Luxe,Lycéen,Occitanie,Pyrénées-Orientales (66),30,30,15,75,A,1,1,1,21,0,22,0,0,True,False,0.1241671714112659,0.8758328285887341,Toujours inscrit
7303040,Première,Technologie industrielle,_ETUDIANT / ÉLÈVE,,Corse (20),30,25,20,75,A,1,0,1,112,1,152,0,0,True,True,0.14424070247933884,0.8557592975206612,Toujours inscrit
6131136,Terminale,"Sciences de la matière (chimie, physique, matériaux, optique…)",_ETUDIANT / ÉLÈVE,Occitanie,Gers (32),30,25,20,75,A,0,0,0,20,3,263,0,0,True,True,0.09515260323159784,0.9048473967684022,Toujours inscrit
8510688,Bac +5 et au delà,"Architecture, géographie, aménagement",_ETUDIANT / ÉLÈVE,Grand Est,Meurthe-et-Moselle (54),30,25,20,75,A,0,0,0,32,6,74,0,0,True,True,0.13217982545159326,0.8678201745484068,Toujours inscrit
8707120,Terminale,"Droit, science politique, administration publique",_ETUDIANT / ÉLÈVE,Provence-Alpes-Côte d'Azur,Alpes-de-Haute-Provence (04),30,30,15,75,A,1,1,1,29,0,46,0,0,True,False,0.1316504854368932,0.8683495145631068,Toujours inscrit
8037485,Terminale,"Architecture, géographie, aménagement",_ETUDIANT / ÉLÈVE,Nouvelle-Aquitaine,Corrèze (19),30,30,15,75,A,1,1,1,166,0,185,0,0,True,True,0.14223665823167278,0.8577633417683272,Toujours inscrit
7126568,Première,"International, études à l'étranger",Parent,Hauts-de-France,Aisne (02),30,25,20,75,A,1,0,1,7,2,28,0,0,True,False,0.1177481736140954,0.8822518263859046,Toujours inscrit
5523658,Terminale,"Armée, défense, sécurité",Parent,Hauts-de-France,Aisne (02),30,30,15,75,A,1,1,1,143,0,230,0,0,True,True,0.08764327648867766,0.9123567235113224,Toujours inscrit
5273405,Première,Economie,Lycéen,Martinique,Martinique (972),30,25,20,75,A,0,0,0,9,4,176,0,0,True,False,0.19819324430479182,0.8018067556952082,Toujours inscrit
5780182,Terminale,"Génie civil, bâtiment",Parent,Hauts-de-France,Aisne (02),30,30,15,75,A,1,1,1,101,0,123,0,0,True,True,0.10939122227465786,0.8906087777253422,Toujours inscrit
7699357,Terminale,"Education, formation",Parent,Grand Est,Marne (51),30,30,15,75,A,1,1,1,49,0,143,0,0,True,False,0.24283054003724394,0.7571694599627561,Toujours inscrit
6152351,Terminale,"Armée, défense, sécurité",Parent,Occitanie,Lozère (48),30,30,15,75,A,1,1,3,3,0,31,0,0,True,False,0.14621190942130277,0.8537880905786972,Toujours inscrit
6167216,Terminale,"Commerce, vente, marketing",_ETUDIANT / ÉLÈVE,Nouvelle-Aquitaine,Haute-Vienne (87),30,30,15,75,A,1,1,2,3,0,1,0,0,False,False,0.1475714928659182,0.8524285071340818,Toujours inscrit
8810269,Première,"International, études à l'étranger",Parent,Nouvelle-Aquitaine,Lot-et-Garonne (47),30,30,15,75,A,1,1,1,35,0,37,0,0,True,True,0.10062446778313937,0.8993755322168606,Toujours inscrit
3986423,Bac+1,"Lettres, langues et sciences humaines",Etudiant,Grand Est,Marne (51),30,25,20,75,A,1,0,1,86,1,114,0,0,False,True,0.1447296058661778,0.8552703941338222,Toujours inscrit
8794375,Bac+3,"Commerce, vente, marketing",_ETUDIANT / ÉLÈVE,Grand Est,Ardennes (08),30,35,10,75,A,0,0,0,13,0,29,1,1,True,False,0.10438556418455916,0.8956144358154409,Toujours inscrit
7248877,Seconde Générale et Technologique,"Digital, Informatique, multimédia",Lycéen,Nouvelle-Aquitaine,Charente (16),30,30,15,75,A,1,1,1,32,0,63,0,0,True,True,0.13354139290407357,0.8664586070959264,Toujours inscrit
7419849,Terminale,"Communication, information, journalisme",Lycéen,Grand Est,Meurthe-et-Moselle (54),30,25,20,75,A,0,0,0,34,3,192,0,0,True,True,0.13308872581721148,0.8669112741827886,Toujours inscrit
8403478,3ème,"Transport, logistique",Collégien,Nouvelle-Aquitaine,Landes (40),30,25,20,75,A,0,0,0,36,6,51,0,0,True,False,0.13004772885718882,0.8699522711428112,Toujours inscrit
6118084,Première Pro,"Commerce, vente, marketing",Lycéen,Centre-Val de Loire,Eure-et-Loir (28),30,30,15,75,A,1,1,5,5,0,1,0,0,False,False,0.1656552034164981,0.8343447965835019,Toujours inscrit
8366972,3ème,"Santé, paramédical",_ETUDIANT / ÉLÈVE,Pays de la Loire,Mayenne (53),30,25,20,75,A,0,0,0,6,3,33,0,0,True,False,0.1513672867744231,0.8486327132255769,Toujours inscrit
5105169,Bac+4,Economie,_ETUDIANT / ÉLÈVE,Grand Est,Aube (10),30,25,20,75,A,1,0,1,94,2,342,0,0,True,True,0.1576137418755803,0.8423862581244197,Toujours inscrit
6156594,Terminale technologique,Economie,Lycéen,Nouvelle-Aquitaine,Corrèze (19),30,30,15,75,A,1,1,1,295,0,401,0,0,True,True,0.11406096361848574,0.8859390363815143,Toujours inscrit
5984038,Terminale,"Lettres, langues et sciences humaines",_ETUDIANT / ÉLÈVE,Grand Est,Marne (51),30,30,15,75,A,1,1,1,58,0,306,0,0,True,True,0.24283054003724394,0.7571694599627561,Toujours inscrit
9057188,Terminale Pro,"Tourisme, hôtellerie, restauration",Parent,Centre-Val de Loire,Eure-et-Loir (28),30,30,15,75,A,1,1,1,1,1,1,0,0,False,False,0.1837313432835821,0.8162686567164179,Toujours inscrit
8578735,3ème,"Mécanique, aéronautique, automobile",Parent,Occitanie,Pyrénées-Orientales (66),30,25,20,75,A,1,0,1,9,2,28,0,0,True,True,0.12767503490724647,0.8723249650927536,Toujours inscrit
7346410,Première,"Commerce, vente, marketing",_ETUDIANT / ÉLÈVE,Occitanie,Pyrénées-Orientales (66),30,30,15,75,A,1,1,1,171,0,235,0,0,True,True,0.12767503490724647,0.8723249650927536,Toujours inscrit
6597097,Seconde Générale et Technologique,"Architecture, géographie, aménagement",_ETUDIANT / ÉLÈVE,Auvergne-Rhône-Alpes,Ardèche (07),30,30,15,75,A,1,1,2,2,0,1,0,0,False,False,0.17385957720911166,0.8261404227908883,Toujours inscrit
8175135,Première,"Tourisme, hôtellerie, restauration",_ETUDIANT / ÉLÈVE,Bourgogne-Franche-Comté,Haute-Saône (70),30,25,20,75,A,1,0,1,89,1,133,0,0,True,True,0.131875,0.868125,Toujours inscrit
7248877,Seconde Générale et Technologique,"International, études à l'étranger",Lycéen,Nouvelle-Aquitaine,Charente (16),30,30,15,75,A,1,1,1,32,0,63,0,0,True,True,0.13354139290407357,0.8664586070959264,Toujours inscrit
8572589,Terminale,"Architecture, géographie, aménagement",Parent,Bourgogne-Franche-Comté,Territoire de Belfort (90),30,30,15,75,A,1,1,1,6,0,43,0,0,True,,0.1777993684721885,0.8222006315278115,Toujours inscrit
7967108,Terminale,"Sciences de la matière (chimie, physique, matériaux, optique…)",Lycéen,Normandie,Orne (61),30,25,20,75,A,1,0,1,37,1,189,0,0,True,True,0.11835837303041408,0.8816416269695859,Toujours inscrit
7155073,Seconde Générale et Technologique,"International, études à l'étranger",Lycéen,Occitanie,Tarn (81),30,25,20,75,A,1,0,2,332,0,184,0,0,True,True,0.214148033924441,0.785851966075559,Toujours inscrit
7560010,Première,"Architecture, géographie, aménagement",Lycéen,Occitanie,Aude (11),30,25,20,75,A,0,0,0,88,6,128,0,0,True,True,0.140634820867379,0.859365179132621,Toujours inscrit
5522327,Première,"Santé, paramédical",_ETUDIANT / ÉLÈVE,Auvergne-Rhône-Alpes,Allier (03),30,25,20,75,A,1,0,2,654,0,345,0,0,True,True,0.09065586224360597,0.909344137756394,Toujours inscrit
8925270,Terminale,"Génie civil, bâtiment",Lycéen,,,30,30,15,75,A,1,1,1,12,0,29,0,0,True,True,,,Toujours inscrit
4298136,3ème,"Droit, science politique, administration publique",_ETUDIANT / ÉLÈVE,,,30,30,15,75,A,1,1,1,28,0,14,0,0,False,True,,,Toujours inscrit
3949621,Seconde Générale et Technologique,"Commerce, vente, marketing",Lycéen,,,30,30,15,75,A,1,1,2,2,0,2,0,0,False,False,,,Toujours inscrit
4864370,Bac+1,"Tourisme, hôtellerie, restauration",Parent,,,30,25,20,75,A,0,0,0,168,23,187,0,0,True,True,,,Toujours inscrit
6111799,Terminale,"Digital, Informatique, multimédia",Lycéen,,,30,30,15,75,A,1,1,2,4,0,2,0,0,False,False,,,Toujours inscrit
5703326,Terminale technologique,"Banque, assurance, finance, immobilier",Parent,,,30,30,15,75,A,1,1,2,2,0,2,0,0,False,False,,,Toujours inscrit
8301120,Bac +5 et au delà,"Transport, logistique",Etudiant,,,30,25,20,75,A,0,0,0,37,3,152,0,0,True,,,,Toujours inscrit
3877615,Première,"Communication, information, journalisme",_ETUDIANT / ÉLÈVE,,,30,30,15,75,A,1,1,1,202,0,276,0,0,True,True,,,Toujours inscrit
4469199,Première,"Commerce, vente, marketing",Lycéen,,,30,30,15,75,A,1,1,1,132,0,183,0,0,True,True,,,Toujours inscrit
2261167,Première technologique,Economie,_ETUDIANT / ÉLÈVE,,,30,25,20,75,A,0,0,0,284,13,379,0,0,True,True,,,Toujours inscrit
142089,Terminale,"International, études à l'étranger",_ETUDIANT / ÉLÈVE,,,30,25,20,75,A,0,0,0,22,6,249,0,0,False,False,,,Toujours inscrit
8038015,Bac +5 et au delà,"Santé, paramédical",Etudiant,,,30,25,20,75,A,0,0,0,90,4,95,0,0,True,False,,,Toujours inscrit
5059736,3ème,"Armée, défense, sécurité",_ETUDIANT / ÉLÈVE,,,30,30,15,75,A,1,1,2,2,0,1,0,0,False,False,,,Toujours inscrit
7638544,3ème,Luxe,_ETUDIANT / ÉLÈVE,,,30,25,20,75,A,0,0,0,96,3,119,0,0,True,True,,,Toujours inscrit
7254434,Terminale technologique,"Commerce, vente, marketing",Lycéen,,,30,30,15,75,A,1,1,1,2,1,4,0,0,False,False,,,Toujours inscrit
6583902,Première,"Droit, science politique, administration publique",Lycéen,,,30,25,20,75,A,0,0,0,71,4,85,0,0,True,True,,,Toujours inscrit
6818556,Terminale,"Santé, paramédical",_ETUDIANT / ÉLÈVE,,,30,30,15,75,A,1,1,2,2,0,45,0,0,True,True,,,Toujours inscrit
3913546,Première,"Communication, information, journalisme",_ETUDIANT / ÉLÈVE,,,30,30,15,75,A,1,1,4,4,0,2,0,0,False,False,,,Toujours inscrit
3907990,Première,"Energie, électricité",Parent,,,30,30,15,75,A,1,1,2,4,0,2,0,0,False,False,,,Toujours inscrit
6776715,3ème,"Digital, Informatique, multimédia",Collégien,,,30,25,20,75,A,0,0,0,62,4,121,0,0,True,True,,,Toujours inscrit
3877615,Première,"Digital, Informatique, multimédia",Lycéen,,,30,30,15,75,A,1,1,1,202,0,276,0,0,True,True,,,Toujours inscrit
6879530,3ème,Economie,_ETUDIANT / ÉLÈVE,,,30,30,15,75,A,1,1,4,4,0,1,0,0,False,False,,,Toujours inscrit
8338029,6ème,"Commerce, vente, marketing","En recherche d'emploi, de stage / Jeune diplômé",,,30,25,20,75,A,0,0,0,21,7,73,0,0,True,True,,,Toujours inscrit
6575321,3ème,"Santé, paramédical",Collégien,,,30,30,15,75,A,1,1,1,128,0,171,0,0,True,False,,,Toujours inscrit
5744132,Bac+1,"Sciences de la vie (biologie, biotechnologies...)",_ETUDIANT / ÉLÈVE,,,30,30,15,75,A,1,1,1,47,0,290,0,0,True,True,,,Toujours inscrit
5675104,Bac+3,"Comptabilité, gestion, ressources humaines",_ETUDIANT / ÉLÈVE,,,30,30,15,75,A,1,1,1,117,0,171,0,0,True,True,,,Toujours inscrit
5859443,Bac+2,"Tourisme, hôtellerie, restauration",Parent,,,30,30,15,75,A,1,1,1,198,0,210,0,0,True,True,,,Toujours inscrit
5715672,Bac +5 et au delà,"Transport, logistique",_ETUDIANT / ÉLÈVE,,,30,25,20,75,A,0,0,0,350,19,354,0,0,True,True,,,Toujours inscrit
8342941,Bac+3,"Transport, logistique",_ETUDIANT / ÉLÈVE,Auvergne-Rhône-Alpes,Ain (01),30,25,20,75,A,1,0,1,63,1,66,0,0,False,False,0.15494841421474972,0.8450515857852503,Toujours inscrit
7126809,Première,"Génie civil, bâtiment",Parent,Auvergne-Rhône-Alpes,Ain (01),30,30,15,75,A,1,1,5,5,0,6,0,0,False,False,0.22405688803181872,0.7759431119681812,Toujours inscrit
6919106,Première,"Génie civil, bâtiment",Lycéen,Auvergne-Rhône-Alpes,Ain (01),30,25,20,75,A,1,0,1,18,2,129,0,0,True,True,0.1269478725363787,0.8730521274636213,Toujours inscrit
6139122,Terminale,"Commerce, vente, marketing",_ETUDIANT / ÉLÈVE,Provence-Alpes-Côte d'Azur,Alpes-Maritimes (06),30,25,20,75,A,1,0,1,29,1,108,0,0,False,True,0.17853703145216993,0.8214629685478301,Toujours inscrit
6950213,Première,"Droit, science politique, administration publique",Lycéen,Provence-Alpes-Côte d'Azur,Alpes-Maritimes (06),30,30,15,75,A,1,1,2,2,0,2,0,0,False,False,0.17853703145216993,0.8214629685478301,Toujours inscrit
5950247,Bac+3,"Commerce, vente, marketing",Etudiant,Provence-Alpes-Côte d'Azur,Alpes-Maritimes (06),30,25,20,75,A,1,0,2,144,0,83,0,0,False,True,0.17853703145216993,0.8214629685478301,Toujours inscrit
5365364,Terminale,"Sciences de la matière (chimie, physique, matériaux, optique…)",_ETUDIANT / ÉLÈVE,Provence-Alpes-Côte d'Azur,Alpes-Maritimes (06),30,30,15,75,A,1,1,1,26,0,490,0,0,True,True,0.20840336134453782,0.7915966386554621,Toujours inscrit
6386943,Première,"Digital, Informatique, multimédia",Lycéen,Provence-Alpes-Côte d'Azur,Alpes-Maritimes (06),30,25,20,75,A,1,0,1,207,2,266,0,0,True,True,0.1682698419424552,0.8317301580575448,Toujours inscrit
5943938,Terminale,"Sciences de la vie (biologie, biotechnologies...)",_ETUDIANT / ÉLÈVE,Provence-Alpes-Côte d'Azur,Alpes-Maritimes (06),30,25,20,75,A,0,0,0,19,3,190,0,0,True,False,0.24257425742574257,0.7574257425742574,Toujours inscrit
8313120,Bac+1,"Architecture, géographie, aménagement",Etudiant,Provence-Alpes-Côte d'Azur,Alpes-Maritimes (06),30,30,15,75,A,1,1,1,34,0,94,0,0,True,,0.2996770721205597,0.7003229278794403,Toujours inscrit
7096770,Bac+1,"Energie, électricité",Etudiant,Provence-Alpes-Côte d'Azur,Alpes-Maritimes (06),30,30,15,75,A,1,1,1,147,0,246,0,0,True,False,0.2750230414746544,0.7249769585253456,Toujours inscrit
8689706,Terminale,"Armée, défense, sécurité",Lycéen,Grand Est,Bas-Rhin (67),30,30,15,75,A,1,1,1,11,0,37,0,0,True,False,0.21703457706583318,0.7829654229341668,Toujours inscrit
5295593,3ème,"Sciences de la vie (biologie, biotechnologies...)",Collégien,Grand Est,Bas-Rhin (67),30,30,15,75,A,1,1,1,52,0,189,0,0,True,True,0.16212148043208782,0.8378785195679122,Toujours inscrit
7889660,Terminale technologique,"Communication, information, journalisme",_ETUDIANT / ÉLÈVE,Grand Est,Bas-Rhin (67),30,30,15,75,A,1,1,1,6,0,172,0,0,True,True,0.07853403141361257,0.9214659685863874,Toujours inscrit
6188248,Terminale,"Commerce, vente, marketing",Parent,Grand Est,Bas-Rhin (67),30,30,15,75,A,1,1,1,131,0,151,0,0,True,False,0.13312956359313977,0.8668704364068602,Toujours inscrit
8208246,Première,"Action sociale, animation, sciences sociales",_ETUDIANT / ÉLÈVE,Provence-Alpes-Côte d'Azur,Bouches-du-Rhône (13),30,30,15,75,A,1,1,1,7,0,157,0,0,True,True,0.20931787784217565,0.7906821221578243,Toujours inscrit
8943978,Terminale technologique,"International, études à l'étranger",_ETUDIANT / ÉLÈVE,Provence-Alpes-Côte d'Azur,Bouches-du-Rhône (13),30,30,15,75,A,1,1,1,18,0,32,0,0,True,True,0.11279012882535196,0.887209871174648,Toujours inscrit
7616230,Terminale Pro,"Digital, Informatique, multimédia",Lycéen,Provence-Alpes-Côte d'Azur,Bouches-du-Rhône (13),30,25,20,75,A,0,0,0,79,25,152,0,0,False,False,0.2526013634732687,0.7473986365267312,Toujours inscrit
4809485,Terminale,"International, études à l'étranger",_ETUDIANT / ÉLÈVE,Provence-Alpes-Côte d'Azur,Bouches-du-Rhône (13),30,30,15,75,A,1,1,3,3,0,1,0,0,False,False,0.11140130587644399,0.888598694123556,Toujours inscrit
7888897,Seconde Générale et Technologique,Economie,_ETUDIANT / ÉLÈVE,Provence-Alpes-Côte d'Azur,Bouches-du-Rhône (13),30,30,15,75,A,1,1,1,88,0,112,0,0,True,True,0.2468787756745872,0.7531212243254128,Toujours inscrit
7646092,Terminale technologique,"Commerce, vente, marketing",_ETUDIANT / ÉLÈVE,Provence-Alpes-Côte d'Azur,Bouches-du-Rhône (13),30,25,20,75,A,0,0,0,123,3,208,0,0,True,,0.14939062696318633,0.8506093730368137,Toujours inscrit
7221964,Seconde Générale et Technologique,"Lettres, langues et sciences humaines",Lycéen,Provence-Alpes-Côte d'Azur,Bouches-du-Rhône (13),30,25,20,75,A,1,0,2,116,0,192,0,0,True,False,0.17077877325982083,0.8292212267401792,Toujours inscrit
8665292,Terminale technologique,"Commerce, vente, marketing",_ETUDIANT / ÉLÈVE,Provence-Alpes-Côte d'Azur,Bouches-du-Rhône (13),30,30,15,75,A,1,1,2,2,0,1,0,0,False,False,0.1557799978043693,0.8442200021956306,Toujours inscrit
6924031,Terminale,Luxe,_ETUDIANT / ÉLÈVE,Provence-Alpes-Côte d'Azur,Bouches-du-Rhône (13),30,30,15,75,A,1,1,3,3,0,3,0,0,False,False,0.1802684076895176,0.8197315923104824,Toujours inscrit
7243015,Terminale technologique,"Génie civil, bâtiment",Lycéen,Provence-Alpes-Côte d'Azur,Bouches-du-Rhône (13),30,25,20,75,A,1,0,1,73,1,211,0,0,True,True,0.11279012882535196,0.887209871174648,Toujours inscrit
6913845,Terminale,"Commerce, vente, marketing",_ETUDIANT / ÉLÈVE,Provence-Alpes-Côte d'Azur,Bouches-du-Rhône (13),30,25,20,75,A,1,0,1,102,1,128,0,0,True,True,0.1360741498919595,0.8639258501080405,Toujours inscrit
7853215,Première,"Commerce, vente, marketing",Lycéen,Provence-Alpes-Côte d'Azur,Bouches-du-Rhône (13),30,30,15,75,A,1,1,4,4,0,4,0,0,False,False,0.3163916391639164,0.6836083608360836,Toujours inscrit
7818306,Terminale,Sport,Lycéen,Provence-Alpes-Côte d'Azur,Bouches-du-Rhône (13),30,30,15,75,A,1,1,2,2,0,3,0,0,False,False,0.05798062322219133,0.9420193767778087,Toujours inscrit
7797289,Première,"International, études à l'étranger",Lycéen,Normandie,Calvados (14),30,25,20,75,A,1,0,1,44,1,179,0,0,True,True,0.188922284242164,0.8110777157578359,Toujours inscrit
5179762,3ème,"Droit, science politique, administration publique",Lycéen,Normandie,Calvados (14),30,30,15,75,A,1,1,2,2,0,4,0,0,False,False,0.1572793478987105,0.8427206521012895,Toujours inscrit
7991215,Terminale,Je ne sais pas quoi faire,Lycéen,Normandie,Calvados (14),30,15,30,75,A,1,1,2,20,8,153,0,0,True,True,0.22048734326945824,0.7795126567305417,Toujours inscrit
8657812,Terminale,"Architecture, géographie, aménagement",Lycéen,Normandie,Calvados (14),30,30,15,75,A,1,1,1,1,1,1,0,0,False,False,0.1406741573033708,0.8593258426966293,Toujours inscrit
8786350,Terminale,"Banque, assurance, finance, immobilier",_ETUDIANT / ÉLÈVE,Nouvelle-Aquitaine,Charente-Maritime (17),30,30,15,75,A,1,1,1,204,0,228,0,0,True,,0.10516191086886822,0.8948380891311317,Toujours inscrit
8101594,Terminale,"Vétérinaire, soins aux animaux",Parent,Nouvelle-Aquitaine,Charente-Maritime (17),30,30,15,75,A,1,1,1,4,2,66,0,0,True,True,0.17267917267917268,0.8273208273208273,Toujours inscrit
6283208,Terminale technologique,"Comptabilité, gestion, ressources humaines",_ETUDIANT / ÉLÈVE,Nouvelle-Aquitaine,Charente-Maritime (17),30,25,20,75,A,1,0,1,408,1,453,0,0,True,True,0.23572433192686357,0.7642756680731364,Toujours inscrit
8869300,Seconde Générale et Technologique,Luxe,Lycéen,Nouvelle-Aquitaine,Charente-Maritime (17),30,30,15,75,A,1,1,1,1,1,25,0,0,False,False,0.15893043933054393,0.841069560669456,Toujours inscrit
8166164,Bac+2,"Banque, assurance, finance, immobilier",Etudiant,Bourgogne-Franche-Comté,Doubs (25),30,30,15,75,A,1,1,1,85,0,120,0,0,True,False,0.16174354412495748,0.8382564558750425,Toujours inscrit
8205387,Terminale,"Sciences de la Terre (environnement, agriculture, agronomie ...)",_ETUDIANT / ÉLÈVE,Bourgogne-Franche-Comté,Doubs (25),30,30,15,75,A,1,1,1,90,0,93,0,0,True,True,0.24625748502994013,0.7537425149700598,Toujours inscrit
5431094,6ème,"Commerce, vente, marketing",Parent,Auvergne-Rhône-Alpes,Drôme (26),30,25,20,75,A,0,0,0,33,10,411,0,0,True,True,0.13293704404215076,0.8670629559578492,Toujours inscrit
6242784,Bac+4,"Communication, information, journalisme",Etudiant,Auvergne-Rhône-Alpes,Drôme (26),30,30,15,75,A,1,1,4,4,0,3,0,0,False,False,0.1638090824837813,0.8361909175162188,Toujours inscrit
7796323,Terminale Pro,"Education, formation",_ETUDIANT / ÉLÈVE,Auvergne-Rhône-Alpes,Drôme (26),30,30,15,75,A,1,1,2,4,0,2,0,0,False,False,0.15869357223623554,0.8413064277637644,Toujours inscrit
8111142,Terminale,"Droit, science politique, administration publique",_ETUDIANT / ÉLÈVE,Auvergne-Rhône-Alpes,Drôme (26),30,30,15,75,A,1,1,1,32,0,173,0,0,True,False,0.22693602693602694,0.773063973063973,Toujours inscrit
8320427,Bac+1,Sport,_ETUDIANT / ÉLÈVE,Île-de-France,Essonne (91),30,30,15,75,A,1,1,1,27,0,28,0,0,True,,0.19291628334866606,0.8070837166513339,Toujours inscrit
7055900,Terminale,"Digital, Informatique, multimédia",_ETUDIANT / ÉLÈVE,Île-de-France,Essonne (91),30,30,15,75,A,1,1,1,226,0,259,0,0,True,False,0.37032330933220386,0.6296766906677961,Toujours inscrit
7360350,Première,"Action sociale, animation, sciences sociales",Parent,Île-de-France,Essonne (91),30,30,15,75,A,1,1,3,3,0,3,0,0,False,False,0.1698328577252344,0.8301671422747656,Toujours inscrit
7757784,Première,Je ne sais pas quoi faire,_ETUDIANT / ÉLÈVE,Île-de-France,Essonne (91),30,15,30,75,A,1,1,4,108,8,129,0,0,True,False,0.409324686940966,0.590675313059034,Toujours inscrit
6747375,Bac+1,"Action sociale, animation, sciences sociales",_ETUDIANT / ÉLÈVE,Île-de-France,Essonne (91),30,25,20,75,A,0,0,0,41,4,328,0,0,True,False,0.29529335912314636,0.7047066408768536,Toujours inscrit
7766294,Terminale,"Sciences de la matière (chimie, physique, matériaux, optique…)",Lycéen,Île-de-France,Essonne (91),30,30,15,75,A,1,1,2,4,0,3,0,0,False,False,0.28355635039759847,0.7164436496024016,Toujours inscrit
6880126,Première,(Vide),Lycéen,Île-de-France,Essonne (91),30,15,30,75,A,1,1,3,9,3,6,0,0,True,True,0.37543859649122807,0.624561403508772,Toujours inscrit
8766767,Terminale,"Communication, information, journalisme",Lycéen,Île-de-France,Essonne (91),30,30,15,75,A,1,1,1,8,0,50,0,0,True,True,0.20939954395743604,0.790600456042564,Toujours inscrit
8526843,Seconde Générale et Technologique,"Santé, paramédical",Lycéen,Île-de-France,Essonne (91),30,30,15,75,A,1,1,3,3,0,2,0,0,False,False,0.22219264386175075,0.7778073561382493,Toujours inscrit
7339321,Seconde Générale et Technologique,"International, études à l'étranger",Parent,Île-de-France,Essonne (91),30,30,15,75,A,1,1,2,4,0,3,0,0,False,False,0.16960390856744023,0.8303960914325598,Toujours inscrit
7943266,Seconde Générale et Technologique,"Arts, audiovisuel, culture",Parent,Île-de-France,Essonne (91),30,30,15,75,A,1,1,3,3,0,4,0,0,False,False,0.2698044118960436,0.7301955881039565,Toujours inscrit
7055614,Bac+2,"Armée, défense, sécurité",_ETUDIANT / ÉLÈVE,Île-de-France,Essonne (91),30,30,15,75,A,1,1,2,2,0,3,0,0,False,False,0.05726122240508484,0.9427387775949152,Toujours inscrit
7055773,Terminale Pro,"Arts, audiovisuel, culture",_ETUDIANT / ÉLÈVE,Normandie,Eure (27),30,25,20,75,A,0,0,0,192,3,233,0,0,True,True,0.15313131313131312,0.8468686868686869,Toujours inscrit
8556131,Terminale,"Commerce, vente, marketing",Lycéen,Normandie,Eure (27),30,30,15,75,A,1,1,1,7,0,64,0,0,True,True,0.13559501722767028,0.8644049827723297,Toujours inscrit
8455487,6ème,"Sciences de la matière (chimie, physique, matériaux, optique…)",Parent,Normandie,Eure (27),30,25,20,75,A,0,0,0,7,4,57,0,0,True,True,0.15588074184208467,0.8441192581579153,Toujours inscrit
8212983,Bac+3,"Commerce, vente, marketing",_ETUDIANT / ÉLÈVE,Occitanie,Gard (30),30,30,15,75,A,1,1,1,3,1,138,0,0,True,True,0.15144611727416799,0.848553882725832,Toujours inscrit
8957038,Première,"International, études à l'étranger",_ETUDIANT / ÉLÈVE,Occitanie,Gard (30),30,30,15,75,A,1,1,1,15,0,24,0,0,True,False,0.14650342394687693,0.853496576053123,Toujours inscrit
7707282,Terminale technologique,"Communication, information, journalisme",_ETUDIANT / ÉLÈVE,Occitanie,Gard (30),30,30,15,75,A,1,1,1,6,0,145,0,0,True,False,0.1356842545510577,0.8643157454489423,Toujours inscrit
7142975,Première,"Digital, Informatique, multimédia",_ETUDIANT / ÉLÈVE,Nouvelle-Aquitaine,Gironde (33),30,30,15,75,A,1,1,1,2,1,27,0,0,True,True,0.1506827813530058,0.8493172186469942,Toujours inscrit
7864304,Terminale,"Sciences de la vie (biologie, biotechnologies...)",Lycéen,Nouvelle-Aquitaine,Gironde (33),30,30,15,75,A,1,1,1,28,0,206,0,0,True,True,0.14613218930151495,0.853867810698485,Toujours inscrit
6131721,Terminale,"Communication, information, journalisme",Parent,Nouvelle-Aquitaine,Gironde (33),30,30,15,75,A,1,1,1,332,0,343,0,0,True,False,0.26416299872213544,0.7358370012778646,Toujours inscrit
5384129,Seconde Générale et Technologique,"Commerce, vente, marketing",_ETUDIANT / ÉLÈVE,Nouvelle-Aquitaine,Gironde (33),30,25,20,75,A,0,0,0,16,3,157,0,0,True,False,0.16644428184048551,0.8335557181595145,Toujours inscrit
7394651,3ème,"International, études à l'étranger",Parent,Nouvelle-Aquitaine,Gironde (33),30,30,15,75,A,1,1,2,4,0,4,0,0,False,False,0.1875986842105263,0.8124013157894737,Toujours inscrit
5904409,3ème,"Génie civil, bâtiment",Collégien,Nouvelle-Aquitaine,Gironde (33),30,30,15,75,A,1,1,1,7,0,188,0,0,True,True,0.21128617575318082,0.7887138242468191,Toujours inscrit
8349527,Bac +5 et au delà,"Génie civil, bâtiment",_ETUDIANT / ÉLÈVE,Nouvelle-Aquitaine,Gironde (33),30,30,15,75,A,1,1,1,63,0,67,0,0,True,False,0.23857588135345284,0.7614241186465471,Toujours inscrit
7165697,Seconde Générale et Technologique,Sport,_ETUDIANT / ÉLÈVE,Nouvelle-Aquitaine,Gironde (33),30,30,15,75,A,1,1,1,122,0,133,0,0,True,True,0.19683481701285854,0.8031651829871415,Toujours inscrit
8838697,4ème,"Sciences de la vie (biologie, biotechnologies...)",Parent,Nouvelle-Aquitaine,Gironde (33),30,25,20,75,A,1,0,1,9,1,9,0,0,True,False,0.19683481701285854,0.8031651829871415,Toujours inscrit
7574463,Terminale,"Communication, information, journalisme",_ETUDIANT / ÉLÈVE,Nouvelle-Aquitaine,Gironde (33),30,25,20,75,A,0,0,0,277,3,301,0,0,True,True,0.13642143505903723,0.8635785649409627,Toujours inscrit
5487674,Première,"Sciences de la matière (chimie, physique, matériaux, optique…)",Lycéen,Nouvelle-Aquitaine,Gironde (33),30,30,15,75,A,1,1,1,9,0,107,0,0,True,True,0.21128617575318082,0.7887138242468191,Toujours inscrit
7186019,Terminale,(Vide),Lycéen,Nouvelle-Aquitaine,Gironde (33),30,15,30,75,A,1,1,2,28,4,14,0,0,False,True,0.16253833451285682,0.8374616654871432,Toujours inscrit
8079404,Première,Economie,Parent,Nouvelle-Aquitaine,Gironde (33),30,30,15,75,A,1,1,1,3,1,20,0,0,False,True,0.2072480181200453,0.7927519818799547,Toujours inscrit
7144710,Seconde Générale et Technologique,"Commerce, vente, marketing",_ETUDIANT / ÉLÈVE,Nouvelle-Aquitaine,Gironde (33),30,30,15,75,A,1,1,1,19,0,94,0,0,True,True,0.16143497757847533,0.8385650224215246,Toujours inscrit
8104898,Première technologique,"Banque, assurance, finance, immobilier",Parent,Nouvelle-Aquitaine,Gironde (33),30,30,15,75,A,1,1,2,4,0,2,0,0,False,False,0.17670888433600299,0.823291115663997,Toujours inscrit
7460694,3ème,"Energie, électricité",Collégien,Nouvelle-Aquitaine,Gironde (33),30,30,15,75,A,1,1,1,8,0,10,0,0,False,True,0.23857588135345284,0.7614241186465471,Toujours inscrit
6855440,Première technologique,"Banque, assurance, finance, immobilier",Lycéen,Occitanie,Haute-Garonne (31),30,30,15,75,A,1,1,2,2,0,2,0,0,False,False,0.24108351876927817,0.7589164812307219,Toujours inscrit
6849338,Terminale technologique,"Commerce, vente, marketing",_ETUDIANT / ÉLÈVE,Occitanie,Haute-Garonne (31),30,30,15,75,A,1,1,1,30,0,268,0,0,True,True,0.2673728133525919,0.7326271866474081,Toujours inscrit
7744568,Seconde Générale et Technologique,Economie,Parent,Occitanie,Haute-Garonne (31),30,30,15,75,A,1,1,1,8,0,59,0,0,True,True,0.3409785932721712,0.6590214067278287,Toujours inscrit
8581568,Terminale,Luxe,Parent,Occitanie,Haute-Garonne (31),30,30,15,75,A,1,1,1,12,0,47,0,0,True,True,0.19750755287009064,0.8024924471299094,Toujours inscrit
7786829,3ème,"Digital, Informatique, multimédia",Parent,Occitanie,Haute-Garonne (31),30,30,15,75,A,1,1,2,2,0,1,0,0,False,False,0.24108351876927817,0.7589164812307219,Toujours inscrit
8579009,Terminale,"International, études à l'étranger",_ETUDIANT / ÉLÈVE,Occitanie,Haute-Garonne (31),30,30,15,75,A,1,1,1,6,0,58,0,0,True,True,0.2567321688500728,0.7432678311499272,Toujours inscrit
5239646,Terminale,"Santé, paramédical",_ETUDIANT / ÉLÈVE,Occitanie,Haute-Garonne (31),30,30,15,75,A,1,1,3,3,0,2,0,0,False,False,0.27754024144869216,0.7224597585513078,Toujours inscrit
4525177,Première,"International, études à l'étranger",Parent,Occitanie,Haute-Garonne (31),30,25,20,75,A,1,0,1,138,2,152,0,0,True,True,0.24108351876927817,0.7589164812307219,Toujours inscrit
6602547,Terminale technologique,"Commerce, vente, marketing",_ETUDIANT / ÉLÈVE,Occitanie,Haute-Garonne (31),30,25,20,75,A,1,0,1,7,1,38,0,0,False,False,0.17998741346758967,0.8200125865324103,Toujours inscrit
7525013,Première,"International, études à l'étranger",Lycéen,Auvergne-Rhône-Alpes,Haute-Savoie (74),30,30,15,75,A,1,1,1,121,0,136,0,0,True,True,0.21043261527505785,0.7895673847249421,Toujours inscrit
8569433,Terminale,Technologie industrielle,Parent,Auvergne-Rhône-Alpes,Haute-Savoie (74),30,30,15,75,A,1,1,1,9,0,35,0,0,True,True,0.19549697968149368,0.8045030203185063,Toujours inscrit
8595815,Terminale Pro,"Tourisme, hôtellerie, restauration",Parent,Auvergne-Rhône-Alpes,Haute-Savoie (74),30,30,15,75,A,1,1,1,5,1,48,0,0,True,True,0.20611562453109258,0.7938843754689074,Toujours inscrit
7719350,Seconde Générale et Technologique,"Droit, science politique, administration publique",Lycéen,Auvergne-Rhône-Alpes,Haute-Savoie (74),30,30,15,75,A,1,1,1,1,1,3,0,0,False,False,0.16314569987733407,0.8368543001226659,Toujours inscrit
7736190,Bac+3,"Comptabilité, gestion, ressources humaines",_ETUDIANT / ÉLÈVE,Auvergne-Rhône-Alpes,Haute-Savoie (74),30,25,20,75,A,1,0,3,75,0,35,0,0,False,True,0.1802477183833116,0.8197522816166884,Toujours inscrit
9007340,Terminale,"Droit, science politique, administration publique",Lycéen,Île-de-France,Hauts-de-Seine (92),30,30,15,75,A,1,1,1,13,0,31,0,0,True,True,0.41135798912456334,0.5886420108754367,Toujours inscrit
8036842,Seconde Générale et Technologique,"Sciences de la Terre (environnement, agriculture, agronomie ...)",Parent,Île-de-France,Hauts-de-Seine (92),30,25,20,75,A,0,0,0,104,7,117,0,0,True,True,0.37117499727757813,0.6288250027224219,Toujours inscrit
7605982,Seconde Générale et Technologique,"Architecture, géographie, aménagement",Lycéen,Île-de-France,Hauts-de-Seine (92),30,30,15,75,A,1,1,1,56,0,187,0,0,True,True,0.43824520231651465,0.5617547976834854,Toujours inscrit
5392506,Première,"Electronique, automatique",Lycéen,Île-de-France,Hauts-de-Seine (92),30,30,15,75,A,1,1,1,75,0,341,0,0,True,True,0.2586796350805346,0.7413203649194654,Toujours inscrit
7981210,Seconde Générale et Technologique,"Architecture, géographie, aménagement",_ETUDIANT / ÉLÈVE,Île-de-France,Hauts-de-Seine (92),30,30,15,75,A,1,1,1,35,0,177,0,0,True,False,0.37857869874990213,0.6214213012500979,Toujours inscrit
7081070,Première,"Comptabilité, gestion, ressources humaines",_ETUDIANT / ÉLÈVE,Île-de-France,Hauts-de-Seine (92),30,30,15,75,A,1,1,3,3,0,3,0,0,False,False,0.3084548282803636,0.6915451717196365,Toujours inscrit
5009257,3ème,"Sciences de la matière (chimie, physique, matériaux, optique…)",_ETUDIANT / ÉLÈVE,Île-de-France,Hauts-de-Seine (92),30,30,15,75,A,1,1,2,2,0,1,0,0,False,False,0.37857869874990213,0.6214213012500979,Toujours inscrit
6409802,Terminale,"International, études à l'étranger",_ETUDIANT / ÉLÈVE,Île-de-France,Hauts-de-Seine (92),30,25,20,75,A,1,0,1,10,2,210,0,0,True,True,0.33152022315202234,0.6684797768479777,Toujours inscrit
8023594,Terminale,Economie,_ETUDIANT / ÉLÈVE,Île-de-France,Hauts-de-Seine (92),30,30,15,75,A,1,1,1,9,0,167,0,0,True,True,0.3084548282803636,0.6915451717196365,Toujours inscrit
6787166,Bac+2,"Droit, science politique, administration publique",_ETUDIANT / ÉLÈVE,Île-de-France,Hauts-de-Seine (92),30,25,20,75,A,1,0,5,105,0,24,0,0,False,False,0.19307177958591798,0.806928220414082,Toujours inscrit
6400304,Première,"Arts, audiovisuel, culture",_ETUDIANT / ÉLÈVE,Île-de-France,Hauts-de-Seine (92),30,25,20,75,A,1,0,3,108,0,46,0,0,True,True,0.2586796350805346,0.7413203649194654,Toujours inscrit
6031202,Première,Economie,_ETUDIANT / ÉLÈVE,Île-de-France,Hauts-de-Seine (92),30,30,15,75,A,1,1,1,56,0,130,0,0,True,True,0.27706531464360273,0.7229346853563973,Toujours inscrit
8549085,Première,"Sciences de la vie (biologie, biotechnologies...)",_ETUDIANT / ÉLÈVE,Occitanie,Hérault (34),30,30,15,75,A,1,1,1,38,0,39,0,0,True,True,0.21622826571555953,0.7837717342844405,Toujours inscrit
7745018,Terminale technologique,"Banque, assurance, finance, immobilier",Lycéen,Occitanie,Hérault (34),30,30,15,75,A,1,1,1,30,0,151,0,0,True,True,0.17950108177149857,0.8204989182285014,Toujours inscrit
6335192,Bac+2,Economie,Etudiant,Occitanie,Hérault (34),30,25,20,75,A,1,0,1,12,1,14,0,0,True,True,0.21955128205128205,0.780448717948718,Toujours inscrit
5343481,Terminale,"Digital, Informatique, multimédia",Lycéen,Occitanie,Hérault (34),30,25,20,75,A,0,0,0,115,4,127,0,0,True,False,0.15841050076418234,0.8415894992358177,Toujours inscrit
8964638,3ème,"Commerce, vente, marketing",_ETUDIANT / ÉLÈVE,Occitanie,Hérault (34),30,30,15,75,A,1,1,1,1,1,1,0,0,False,False,0.17950108177149857,0.8204989182285014,Toujours inscrit
5642984,Seconde Générale et Technologique,"Sciences de la Terre (environnement, agriculture, agronomie ...)",Parent,Occitanie,Hérault (34),30,25,20,75,A,1,0,1,10,2,49,0,0,True,True,0.16747690811861934,0.8325230918813806,Toujours inscrit
8909530,Bac+1,"Education, formation",Etudiant,Occitanie,Hérault (34),30,30,15,75,A,1,1,1,10,0,36,0,0,True,True,0.23904326415758,0.76095673584242,Toujours inscrit
7263731,Bac+3,Luxe,_ETUDIANT / ÉLÈVE,Occitanie,Hérault (34),30,25,20,75,A,1,0,1,17,1,18,0,0,True,False,0.19316332067281605,0.806836679327184,Toujours inscrit
7692317,Première,"Arts, audiovisuel, culture",Parent,Occitanie,Hérault (34),30,30,15,75,A,1,1,3,3,0,4,0,0,False,False,0.21955128205128205,0.780448717948718,Toujours inscrit
8925309,Terminale,"Digital, Informatique, multimédia",_ETUDIANT / ÉLÈVE,Occitanie,Hérault (34),30,30,15,75,A,1,1,1,33,0,37,0,0,True,True,0.16434004848282202,0.835659951517178,Toujours inscrit
8911548,Terminale,"Droit, science politique, administration publique",Lycéen,Occitanie,Hérault (34),30,30,15,75,A,1,1,1,12,0,32,0,0,True,True,0.15765098184512782,0.8423490181548722,Toujours inscrit
7281970,Terminale,"Education, formation",Lycéen,Occitanie,Hérault (34),30,30,15,75,A,1,1,2,2,0,2,0,0,False,False,0.17950108177149857,0.8204989182285014,Toujours inscrit
7312762,Terminale,"International, études à l'étranger",Parent,Occitanie,Hérault (34),30,30,15,75,A,1,1,2,4,0,3,0,0,False,False,0.17950108177149857,0.8204989182285014,Toujours inscrit
8965755,Seconde Générale et Technologique,"Arts, audiovisuel, culture",Lycéen,Occitanie,Hérault (34),30,30,15,75,A,1,1,1,28,0,28,0,0,True,False,0.24725624304119612,0.7527437569588039,Toujours inscrit
7309397,Première Pro,Technologie industrielle,Lycéen,Occitanie,Hérault (34),30,30,15,75,A,1,1,1,183,0,198,0,0,True,True,0.11681148635338921,0.8831885136466108,Toujours inscrit
8190470,Terminale Pro,"Génie civil, bâtiment",Lycéen,Occitanie,Hérault (34),30,25,20,75,A,1,0,1,138,1,151,0,0,True,True,0.24638706417382517,0.7536129358261748,Toujours inscrit
8208694,Première,Je ne sais pas quoi faire,Parent,Occitanie,Hérault (34),30,15,30,75,A,1,1,3,18,6,19,0,0,True,True,0.17950108177149857,0.8204989182285014,Toujours inscrit
6986864,Première,Economie,_ETUDIANT / ÉLÈVE,Bretagne,Ille-et-Vilaine (35),30,30,15,75,A,1,1,2,2,0,3,0,0,False,False,0.1069026265214606,0.8930973734785393,Toujours inscrit
5534643,Bac+2,"Commerce, vente, marketing",Etudiant,Bretagne,Ille-et-Vilaine (35),30,25,20,75,A,1,0,2,10,0,7,0,0,False,,0.1588855421686747,0.8411144578313253,Toujours inscrit
6535318,Terminale,"Arts, audiovisuel, culture",Lycéen,Bretagne,Ille-et-Vilaine (35),30,25,20,75,A,0,0,0,132,5,343,0,0,True,True,0.20305434804517694,0.796945651954823,Toujours inscrit
5523671,Première,"Commerce, vente, marketing",_ETUDIANT / ÉLÈVE,Bretagne,Ille-et-Vilaine (35),30,30,15,75,A,1,1,1,48,0,75,0,0,True,True,0.16679314008195478,0.8332068599180452,Toujours inscrit
6321444,Première,"Action sociale, animation, sciences sociales",_ETUDIANT / ÉLÈVE,Bretagne,Ille-et-Vilaine (35),30,25,20,75,A,1,0,1,63,1,358,0,0,True,True,0.15265430530861063,0.8473456946913894,Toujours inscrit
6282969,Première technologique,"Santé, paramédical",_ETUDIANT / ÉLÈVE,Bretagne,Ille-et-Vilaine (35),30,30,15,75,A,1,1,3,3,0,18,0,0,False,True,0.1696455168305034,0.8303544831694966,Toujours inscrit
8085632,5ème,"Comptabilité, gestion, ressources humaines",Parent,Bretagne,Ille-et-Vilaine (35),30,30,15,75,A,1,1,1,1,1,2,0,0,False,False,0.16657408142210936,0.8334259185778906,Toujours inscrit
7871267,Terminale Pro,Technologie industrielle,_ETUDIANT / ÉLÈVE,Bretagne,Ille-et-Vilaine (35),30,25,20,75,A,1,0,2,36,0,215,0,0,True,True,0.20305434804517694,0.796945651954823,Toujours inscrit
7907518,Terminale technologique,"Droit, science politique, administration publique",_ETUDIANT / ÉLÈVE,Bretagne,Ille-et-Vilaine (35),30,25,20,75,A,0,0,0,187,3,199,0,0,True,True,0.09970135538708937,0.9002986446129106,Toujours inscrit
8255003,Bac+2,"Génie civil, bâtiment",_ETUDIANT / ÉLÈVE,Bretagne,Ille-et-Vilaine (35),30,30,15,75,A,1,1,2,4,0,2,0,0,False,False,0.16679314008195478,0.8332068599180452,Toujours inscrit
5744759,Bac+2,Sport,Etudiant,Centre-Val de Loire,Indre-et-Loire (37),30,25,20,75,A,0,0,0,229,14,397,0,0,True,True,0.14373019465821638,0.8562698053417837,Toujours inscrit
8999987,Première,"Electronique, automatique",Parent,Auvergne-Rhône-Alpes,Isère (38),30,30,15,75,A,1,1,1,3,1,7,0,0,True,True,0.1943163405210021,0.8056836594789979,Toujours inscrit
8067004,CAP/BEP,"International, études à l'étranger",_ETUDIANT / ÉLÈVE,Auvergne-Rhône-Alpes,Isère (38),30,25,20,75,A,1,0,2,8,0,28,0,0,True,True,0.2117310443490701,0.7882689556509299,Toujours inscrit
8909371,Terminale Pro,"Comptabilité, gestion, ressources humaines",_ETUDIANT / ÉLÈVE,Auvergne-Rhône-Alpes,Isère (38),30,30,15,75,A,1,1,1,28,0,31,0,0,True,True,0.18374535040653084,0.8162546495934692,Toujours inscrit
8132023,Terminale,"International, études à l'étranger",_ETUDIANT / ÉLÈVE,Auvergne-Rhône-Alpes,Isère (38),30,25,20,75,A,1,0,1,18,1,191,0,0,True,True,0.22831743278404162,0.7716825672159584,Toujours inscrit
8125107,Terminale,"Communication, information, journalisme",Lycéen,Auvergne-Rhône-Alpes,Isère (38),30,30,15,75,A,1,1,1,19,0,152,0,0,True,False,0.1556094335463963,0.8443905664536037,Toujours inscrit
6131512,Bac+2,"Lettres, langues et sciences humaines",_ETUDIANT / ÉLÈVE,Auvergne-Rhône-Alpes,Isère (38),30,30,15,75,A,1,1,1,362,0,501,0,0,True,True,0.19666474985623922,0.8033352501437608,Toujours inscrit
8748548,Terminale,"Architecture, géographie, aménagement",Lycéen,Auvergne-Rhône-Alpes,Isère (38),30,30,15,75,A,1,1,1,16,0,50,0,0,True,False,0.27098614506927465,0.7290138549307253,Toujours inscrit
7045050,Terminale technologique,"Commerce, vente, marketing",_ETUDIANT / ÉLÈVE,Auvergne-Rhône-Alpes,Isère (38),30,30,15,75,A,1,1,1,20,0,140,0,0,True,True,0.18972758910356413,0.8102724108964359,Toujours inscrit
7699004,Terminale,"Communication, information, journalisme",_ETUDIANT / ÉLÈVE,La Réunion,La Réunion (974),30,30,15,75,A,1,1,1,151,0,217,0,0,True,True,0.05919432268837403,0.940805677311626,Toujours inscrit
8652234,Bac+2,"Comptabilité, gestion, ressources humaines",Etudiant,La Réunion,La Réunion (974),30,30,15,75,A,1,1,1,19,0,28,0,0,True,True,0.07548118557421013,0.9245188144257899,Toujours inscrit
8593295,Terminale,"Vétérinaire, soins aux animaux",_ETUDIANT / ÉLÈVE,La Réunion,La Réunion (974),30,30,15,75,A,1,1,1,27,0,71,0,0,True,True,0.1379720912511311,0.8620279087488689,Toujours inscrit
7451290,Terminale,"Banque, assurance, finance, immobilier",_ETUDIANT / ÉLÈVE,La Réunion,La Réunion (974),30,25,20,75,A,0,0,0,10,3,51,0,0,False,False,0.11878732200275609,0.8812126779972439,Toujours inscrit
8046309,Terminale,"Sciences de la matière (chimie, physique, matériaux, optique…)",_ETUDIANT / ÉLÈVE,Auvergne-Rhône-Alpes,Loire (42),30,30,15,75,A,1,1,2,4,0,4,0,0,False,False,0.15042697613312897,0.8495730238668711,Toujours inscrit
6294125,Terminale technologique,"Banque, assurance, finance, immobilier",Parent,Auvergne-Rhône-Alpes,Loire (42),30,25,20,75,A,1,0,2,9,0,3,0,0,False,False,0.10373122774423285,0.8962687722557672,Toujours inscrit
7940713,Bac+1,"Arts, audiovisuel, culture",_ETUDIANT / ÉLÈVE,Auvergne-Rhône-Alpes,Loire (42),30,30,15,75,A,1,1,1,19,0,159,0,0,True,True,0.13762465468936738,0.8623753453106326,Toujours inscrit
7933274,3ème,Luxe,_ETUDIANT / ÉLÈVE,Auvergne-Rhône-Alpes,Loire (42),30,30,15,75,A,1,1,1,3,1,97,0,0,True,False,0.15397350993377484,0.8460264900662252,Toujours inscrit
7827107,Terminale,"Digital, Informatique, multimédia",Lycéen,Auvergne-Rhône-Alpes,Loire (42),30,30,15,75,A,1,1,1,2,1,2,0,0,False,False,0.13762465468936738,0.8623753453106326,Toujours inscrit
5340556,Bac+1,Economie,Etudiant,Auvergne-Rhône-Alpes,Loire (42),30,30,15,75,A,1,1,1,71,0,381,0,0,True,True,0.1247250839217502,0.8752749160782498,Toujours inscrit
5416248,3ème,"Santé, paramédical",_ETUDIANT / ÉLÈVE,Pays de la Loire,Loire-Atlantique (44),30,30,15,75,A,1,1,1,8,0,14,0,0,True,False,0.17253989361702127,0.8274601063829787,Toujours inscrit
7918828,Terminale,"Arts, audiovisuel, culture",Parent,Pays de la Loire,Loire-Atlantique (44),30,30,15,75,A,1,1,3,3,0,20,0,0,True,False,0.23244402813032358,0.7675559718696764,Toujours inscrit
7009115,Terminale Pro,"Sciences de la matière (chimie, physique, matériaux, optique…)",Lycéen,Pays de la Loire,Loire-Atlantique (44),30,30,15,75,A,1,1,1,45,0,340,0,0,True,True,0.11152361152361152,0.8884763884763884,Toujours inscrit
8604981,Terminale,"Sciences de la vie (biologie, biotechnologies...)",Lycéen,Pays de la Loire,Loire-Atlantique (44),30,30,15,75,A,1,1,2,2,0,2,0,0,False,False,0.23244402813032358,0.7675559718696764,Toujours inscrit
5990981,Terminale technologique,"Digital, Informatique, multimédia",_ETUDIANT / ÉLÈVE,Pays de la Loire,Loire-Atlantique (44),30,30,15,75,A,1,1,1,284,0,302,0,0,True,True,0.23244402813032358,0.7675559718696764,Toujours inscrit
5432206,Première technologique,"Génie civil, bâtiment",Lycéen,Pays de la Loire,Loire-Atlantique (44),30,30,15,75,A,1,1,2,2,0,1,0,0,False,False,0.09907692307692308,0.9009230769230769,Toujours inscrit
7905331,Seconde Générale et Technologique,Sport,Lycéen,Pays de la Loire,Loire-Atlantique (44),30,30,15,75,A,1,1,1,19,0,157,0,0,True,True,0.21627598407784165,0.7837240159221583,Toujours inscrit
5986506,Bac+1,"Armée, défense, sécurité",_ETUDIANT / ÉLÈVE,Pays de la Loire,Loire-Atlantique (44),30,30,15,75,A,1,1,2,2,0,2,0,0,False,False,0.09566211910791601,0.904337880892084,Toujours inscrit
5427069,Terminale,"Commerce, vente, marketing",Parent,Pays de la Loire,Loire-Atlantique (44),30,30,15,75,A,1,1,1,11,0,275,0,0,True,True,0.14336115652697703,0.856638843473023,Toujours inscrit
7012627,Terminale,"International, études à l'étranger",Lycéen,Pays de la Loire,Loire-Atlantique (44),30,30,15,75,A,1,1,1,2,1,2,0,0,False,False,0.1819179469863245,0.8180820530136755,Toujours inscrit
7950649,Terminale,"Arts, audiovisuel, culture",Lycéen,Pays de la Loire,Loire-Atlantique (44),30,25,20,75,A,1,0,1,45,1,48,0,0,False,False,0.17271448663853728,0.8272855133614627,Toujours inscrit
6571807,Terminale,"Sciences de la vie (biologie, biotechnologies...)",_ETUDIANT / ÉLÈVE,Pays de la Loire,Loire-Atlantique (44),30,25,20,75,A,0,0,0,234,11,273,0,0,True,False,0.23244402813032358,0.7675559718696764,Toujours inscrit
8153492,Seconde Générale et Technologique,"Communication, information, journalisme",Lycéen,Pays de la Loire,Loire-Atlantique (44),30,30,15,75,A,1,1,2,4,0,2,0,0,False,False,0.24259931489339945,0.7574006851066005,Toujours inscrit
7974411,Terminale,Luxe,Lycéen,Pays de la Loire,Loire-Atlantique (44),30,30,15,75,A,1,1,1,58,0,215,0,0,True,True,0.16593921117371638,0.8340607888262837,Toujours inscrit
8516261,Seconde Générale et Technologique,"Digital, Informatique, multimédia",Lycéen,Pays de la Loire,Loire-Atlantique (44),30,25,20,75,A,0,0,0,41,5,60,0,0,True,False,0.207726655018443,0.792273344981557,Toujours inscrit
6285743,Terminale,Je ne sais pas quoi faire,_ETUDIANT / ÉLÈVE,Pays de la Loire,Loire-Atlantique (44),30,15,30,75,A,1,1,3,45,3,22,0,0,False,False,0.23244402813032358,0.7675559718696764,Toujours inscrit
7019228,Terminale,"Arts, audiovisuel, culture",Parent,Pays de la Loire,Loire-Atlantique (44),30,30,15,75,A,1,1,2,2,0,1,0,0,False,False,0.09566211910791601,0.904337880892084,Toujours inscrit
8581386,Première,"Mécanique, aéronautique, automobile",_ETUDIANT / ÉLÈVE,Pays de la Loire,Loire-Atlantique (44),30,25,20,75,A,1,0,2,118,0,64,0,0,True,True,0.08476517754868271,0.9152348224513173,Toujours inscrit
7480769,3ème,"Lettres, langues et sciences humaines",_ETUDIANT / ÉLÈVE,Pays de la Loire,Loire-Atlantique (44),30,30,15,75,A,1,1,2,2,0,2,0,0,False,False,0.15452143526804737,0.8454785647319526,Toujours inscrit
7595260,Terminale technologique,"Santé, paramédical",_ETUDIANT / ÉLÈVE,Pays de la Loire,Loire-Atlantique (44),30,25,20,75,A,0,0,0,148,3,198,0,0,True,True,0.1324172235341406,0.8675827764658595,Toujours inscrit
5412937,Seconde Générale et Technologique,"Commerce, vente, marketing",_ETUDIANT / ÉLÈVE,Pays de la Loire,Loire-Atlantique (44),30,30,15,75,A,1,1,2,4,0,54,0,0,True,True,0.207726655018443,0.792273344981557,Toujours inscrit
7596332,3ème,Luxe,_ETUDIANT / ÉLÈVE,Pays de la Loire,Loire-Atlantique (44),30,30,15,75,A,1,1,1,14,0,35,0,0,True,True,0.18039563035134337,0.8196043696486567,Toujours inscrit
8546554,3ème,Technologie industrielle,Parent,Pays de la Loire,Maine-et-Loire (49),30,25,20,75,A,0,0,0,17,3,61,0,0,True,False,0.20184315142753886,0.7981568485724612,Toujours inscrit
7132292,Seconde Générale et Technologique,"Commerce, vente, marketing",_ETUDIANT / ÉLÈVE,Pays de la Loire,Maine-et-Loire (49),30,25,20,75,A,1,0,2,4,2,57,0,0,True,True,0.11436909394107837,0.8856309060589216,Toujours inscrit
5964532,Première,"Education, formation",_ETUDIANT / ÉLÈVE,Normandie,Manche (50),30,25,20,75,A,1,0,3,123,0,62,0,0,True,False,0.30985915492957744,0.6901408450704225,Toujours inscrit
8877846,Bac+1,"Santé, paramédical",_ETUDIANT / ÉLÈVE,Normandie,Manche (50),30,30,15,75,A,1,1,1,8,0,24,0,0,True,False,0.09944751381215469,0.9005524861878453,Toujours inscrit
7042164,Terminale technologique,Luxe,_ETUDIANT / ÉLÈVE,Normandie,Manche (50),30,25,20,75,A,1,0,4,20,0,124,0,0,True,True,0.15816655907036797,0.841833440929632,Toujours inscrit
8886292,Première,"Action sociale, animation, sciences sociales",_ETUDIANT / ÉLÈVE,Bretagne,Morbihan (56),30,30,15,75,A,1,1,1,1,1,1,0,0,False,False,0.08605135322692574,0.9139486467730743,Toujours inscrit
7093849,Bac +5 et au delà,"Communication, information, journalisme","En recherche d'emploi, de stage / Jeune diplômé",Bretagne,Morbihan (56),30,25,20,75,A,1,0,3,18,0,21,0,0,False,False,0.17301891965999452,0.8269810803400055,Toujours inscrit
8595681,Première technologique,Economie,Lycéen,Bretagne,Morbihan (56),30,30,15,75,A,1,1,1,8,0,49,0,0,True,False,0.1403595173602561,0.8596404826397439,Toujours inscrit
7740432,Terminale,Economie,Lycéen,Hauts-de-France,Nord (59),30,30,15,75,A,1,1,1,22,0,25,0,0,True,True,0.0702276993389374,0.9297723006610626,Toujours inscrit
6320187,Première,"Digital, Informatique, multimédia",Lycéen,Hauts-de-France,Nord (59),30,30,15,75,A,1,1,4,4,0,1,0,0,False,False,0.09711599066487232,0.9028840093351277,Toujours inscrit
8181133,Bac+3,"Sciences de la Terre (environnement, agriculture, agronomie ...)",_ETUDIANT / ÉLÈVE,Hauts-de-France,Nord (59),30,30,15,75,A,1,1,1,29,0,29,0,0,True,False,0.21324309428281882,0.7867569057171812,Toujours inscrit
5983393,Terminale,"Commerce, vente, marketing",_ETUDIANT / ÉLÈVE,Hauts-de-France,Nord (59),30,30,15,75,A,1,1,1,359,0,439,0,0,True,True,0.14142538975501115,0.8585746102449888,Toujours inscrit
6114405,Terminale,"Communication, information, journalisme",Lycéen,Hauts-de-France,Nord (59),30,30,15,75,A,1,1,1,54,0,206,0,0,True,True,0.0835860500379075,0.9164139499620925,Toujours inscrit
5190957,Première,"Sciences de la Terre (environnement, agriculture, agronomie ...)",Parent,Hauts-de-France,Nord (59),30,30,15,75,A,1,1,4,4,0,5,0,0,True,True,0.18442622950819673,0.8155737704918032,Toujours inscrit
7736767,Bac+3,Technologie industrielle,Etudiant,Hauts-de-France,Nord (59),30,30,15,75,A,1,1,1,68,0,160,0,0,True,True,0.1816059367964646,0.8183940632035354,Toujours inscrit
4905296,Première,"Digital, Informatique, multimédia",Lycéen,Hauts-de-France,Nord (59),30,30,15,75,A,1,1,1,317,0,348,0,0,True,True,0.33016476552598223,0.6698352344740177,Toujours inscrit
7729065,Bac+3,"Génie civil, bâtiment",Etudiant,Hauts-de-France,Nord (59),30,25,20,75,A,1,0,2,158,0,228,0,0,True,True,0.07372049854150092,0.926279501458499,Toujours inscrit
8781573,Première,"Commerce, vente, marketing",Parent,Hauts-de-France,Nord (59),30,30,15,75,A,1,1,1,26,0,28,0,0,True,True,0.09430255402750491,0.9056974459724951,Toujours inscrit
8912301,Première,Sport,Parent,Hauts-de-France,Nord (59),30,30,15,75,A,1,1,1,11,0,12,0,0,True,True,0.17748091603053434,0.8225190839694656,Toujours inscrit
8196704,Terminale technologique,"Communication, information, journalisme",_ETUDIANT / ÉLÈVE,Hauts-de-France,Nord (59),30,30,15,75,A,1,1,1,52,0,175,0,0,True,True,0.1872418540614961,0.8127581459385039,Toujours inscrit
8945351,Bac+1,"Commerce, vente, marketing",Etudiant,Hauts-de-France,Nord (59),30,30,15,75,A,1,1,1,1,1,1,0,0,False,False,0.17473085014230913,0.8252691498576908,Toujours inscrit
6364861,Terminale,"Mécanique, aéronautique, automobile",Parent,Hauts-de-France,Nord (59),30,30,15,75,A,1,1,4,4,0,286,0,0,True,True,0.16871269287081878,0.8312873071291812,Toujours inscrit
6271580,Bac+1,Luxe,Etudiant,Hauts-de-France,Nord (59),30,30,15,75,A,1,1,1,7,0,12,0,0,True,False,0.23119918699186992,0.7688008130081301,Toujours inscrit
6331513,Première,"Armée, défense, sécurité",Lycéen,Hauts-de-France,Nord (59),30,25,20,75,A,1,0,1,18,1,210,0,0,True,False,0.07266561705219814,0.9273343829478019,Toujours inscrit
7987664,Seconde Générale et Technologique,"Santé, paramédical",Parent,Hauts-de-France,Nord (59),30,30,15,75,A,1,1,3,3,0,1,0,0,False,False,0.14876642531509787,0.8512335746849021,Toujours inscrit
5173806,Seconde Générale et Technologique,"Mécanique, aéronautique, automobile",_ETUDIANT / ÉLÈVE,Hauts-de-France,Nord (59),30,30,15,75,A,1,1,1,3,1,315,0,0,True,True,0.09711599066487232,0.9028840093351277,Toujours inscrit
6377205,Première technologique,"Commerce, vente, marketing",Lycéen,Hauts-de-France,Nord (59),30,30,15,75,A,1,1,1,28,0,171,0,0,True,True,0.08470178553139189,0.9152982144686082,Toujours inscrit
5591472,Terminale,"International, études à l'étranger",Lycéen,Hauts-de-France,Nord (59),30,25,20,75,A,0,0,0,423,7,441,0,0,True,True,0.11788287241459447,0.8821171275854055,Toujours inscrit
6334036,3ème,Je ne sais pas quoi faire,Parent,Hauts-de-France,Nord (59),30,15,30,75,A,1,1,3,675,18,317,0,0,True,False,0.15266245143597165,0.8473375485640283,Toujours inscrit
8942531,Terminale,"Génie civil, bâtiment",_ETUDIANT / ÉLÈVE,Hauts-de-France,Nord (59),30,30,15,75,A,1,1,2,2,0,1,0,0,False,False,0.1414141414141414,0.8585858585858586,Toujours inscrit
7297364,Seconde Générale et Technologique,"International, études à l'étranger",Lycéen,Hauts-de-France,Nord (59),30,30,15,75,A,1,1,2,2,0,42,0,0,False,False,0.16123336049986417,0.8387666395001359,Toujours inscrit
8195135,Terminale technologique,"Santé, paramédical",Lycéen,Hauts-de-France,Nord (59),30,30,15,75,A,1,1,1,65,0,156,0,0,True,True,0.22774659182036888,0.7722534081796311,Toujours inscrit
6366509,Bac+2,(Vide),_ETUDIANT / ÉLÈVE,Hauts-de-France,Nord (59),30,15,30,75,A,1,1,2,102,24,78,0,0,False,False,0.21324309428281882,0.7867569057171812,Toujours inscrit
6826362,Terminale,Economie,_ETUDIANT / ÉLÈVE,Hauts-de-France,Nord (59),30,30,15,75,A,1,1,3,3,0,1,0,0,False,False,0.2815750371471025,0.7184249628528975,Toujours inscrit
6355090,Terminale,"Santé, paramédical",_ETUDIANT / ÉLÈVE,Hauts-de-France,Nord (59),30,30,15,75,A,1,1,1,39,0,412,0,0,True,True,0.21324309428281882,0.7867569057171812,Toujours inscrit
8553322,Terminale,Luxe,Lycéen,Hauts-de-France,Oise (60),30,30,15,75,A,1,1,1,80,0,90,0,0,True,True,0.1256135833266275,0.8743864166733725,Toujours inscrit
8216027,Terminale,"Architecture, géographie, aménagement",_ETUDIANT / ÉLÈVE,Hauts-de-France,Oise (60),30,30,15,75,A,1,1,1,13,0,185,0,0,True,False,0.18033596837944665,0.8196640316205533,Toujours inscrit
6220795,Bac+1,Sport,Etudiant,Hauts-de-France,Oise (60),30,30,15,75,A,1,1,1,24,0,49,0,0,False,True,0.12663185378590078,0.8733681462140992,Toujours inscrit
6548355,Terminale,"Droit, science politique, administration publique",Lycéen,Hauts-de-France,Oise (60),30,30,15,75,A,1,1,3,3,0,1,0,0,False,False,0.18143691451416924,0.8185630854858308,Toujours inscrit
7026261,Terminale,Luxe,Parent,Hauts-de-France,Oise (60),30,25,20,75,A,1,0,1,93,2,95,0,0,False,False,0.12825941609092936,0.8717405839090706,Toujours inscrit
5388111,Seconde Générale et Technologique,Technologie industrielle,Parent,Île-de-France,Paris (75),30,25,20,75,A,0,0,0,245,13,258,0,0,True,False,0.4247853565466253,0.5752146434533747,Toujours inscrit
7352813,Seconde Générale et Technologique,"Communication, information, journalisme",Parent,Île-de-France,Paris (75),30,30,15,75,A,1,1,2,4,0,2,0,0,False,False,0.4037398457058192,0.5962601542941808,Toujours inscrit
7784932,Première,"Communication, information, journalisme",_ETUDIANT / ÉLÈVE,Île-de-France,Paris (75),30,30,15,75,A,1,1,2,4,0,7,0,0,False,False,0.30719265481655644,0.6928073451834436,Toujours inscrit
8656167,Bac+2,"Commerce, vente, marketing",Etudiant,Île-de-France,Paris (75),30,30,15,75,A,1,1,1,30,0,41,0,0,True,False,0.30719265481655644,0.6928073451834436,Toujours inscrit
8522979,Terminale technologique,"Action sociale, animation, sciences sociales",Lycéen,Île-de-France,Paris (75),30,30,15,75,A,1,1,1,22,0,85,0,0,True,False,0.3368189898567395,0.6631810101432605,Toujours inscrit
8931577,Bac+2,"International, études à l'étranger",Etudiant,Île-de-France,Paris (75),30,25,20,75,A,1,0,2,448,0,455,0,0,True,True,0.30719265481655644,0.6928073451834436,Toujours inscrit
7814854,Première,"Sciences de la matière (chimie, physique, matériaux, optique…)",_ETUDIANT / ÉLÈVE,Île-de-France,Paris (75),30,25,20,75,A,0,0,0,207,7,216,0,0,True,False,0.39740679705233045,0.6025932029476695,Toujours inscrit
7938581,Bac+1,"Mécanique, aéronautique, automobile",_ETUDIANT / ÉLÈVE,Île-de-France,Paris (75),30,25,20,75,A,1,0,1,6,1,117,0,0,True,True,0.39740679705233045,0.6025932029476695,Toujours inscrit
8015320,Terminale,Luxe,Parent,Île-de-France,Paris (75),30,30,15,75,A,1,1,2,2,0,110,0,0,True,False,0.4322079396718236,0.5677920603281764,Toujours inscrit
8223017,Bac+1,"Arts, audiovisuel, culture",Etudiant,Île-de-France,Paris (75),30,30,15,75,A,1,1,1,2,1,2,0,0,False,False,0.3368189898567395,0.6631810101432605,Toujours inscrit
8181030,Première technologique,"Comptabilité, gestion, ressources humaines",_ETUDIANT / ÉLÈVE,Hauts-de-France,Pas-de-Calais (62),30,30,15,75,A,1,1,1,23,0,166,0,0,True,True,0.05495623855078364,0.9450437614492163,Toujours inscrit
8783880,Terminale,"Droit, science politique, administration publique",Lycéen,Hauts-de-France,Pas-de-Calais (62),30,30,15,75,A,1,1,1,2,1,35,0,0,True,False,0.10053020064455764,0.8994697993554424,Toujours inscrit
8675124,Première technologique,"Communication, information, journalisme",_ETUDIANT / ÉLÈVE,Hauts-de-France,Pas-de-Calais (62),30,30,15,75,A,1,1,1,20,0,44,0,0,True,True,0.18845872899926955,0.8115412710007305,Toujours inscrit
6339734,Terminale,"Lettres, langues et sciences humaines",Lycéen,Hauts-de-France,Pas-de-Calais (62),30,30,15,75,A,1,1,1,27,0,432,0,0,True,True,0.05944764342077202,0.940552356579228,Toujours inscrit
8549992,Seconde Générale et Technologique,Luxe,_ETUDIANT / ÉLÈVE,Hauts-de-France,Pas-de-Calais (62),30,35,10,75,A,0,0,0,6,0,6,1,1,False,False,0.08057590300580955,0.9194240969941905,Toujours inscrit
8163759,Première,"Sciences de la vie (biologie, biotechnologies...)",_ETUDIANT / ÉLÈVE,Hauts-de-France,Pas-de-Calais (62),30,30,15,75,A,1,1,1,94,0,110,0,0,True,False,0.12100688565300824,0.8789931143469918,Toujours inscrit
7850700,Terminale,"Electronique, automatique",Lycéen,Hauts-de-France,Pas-de-Calais (62),30,30,15,75,A,1,1,1,24,0,223,0,0,True,True,0.14528539451594852,0.8547146054840515,Toujours inscrit
6364252,Première,Sport,Lycéen,Hauts-de-France,Pas-de-Calais (62),30,30,15,75,A,1,1,1,16,0,47,0,0,True,True,0.09198998748435544,0.9080100125156445,Toujours inscrit
8910548,Terminale,Economie,_ETUDIANT / ÉLÈVE,Auvergne-Rhône-Alpes,Puy-de-Dôme (63),30,25,20,75,A,1,0,1,32,1,35,0,0,True,True,0.13383257952102023,0.8661674204789798,Toujours inscrit
6644318,Seconde Générale et Technologique,"Digital, Informatique, multimédia",Lycéen,Auvergne-Rhône-Alpes,Puy-de-Dôme (63),30,30,15,75,A,1,1,1,56,0,208,0,0,True,False,0.15238709677419354,0.8476129032258064,Toujours inscrit
8113567,Première,"Cosmétique, esthétique, soins personnels",_ETUDIANT / ÉLÈVE,Auvergne-Rhône-Alpes,Puy-de-Dôme (63),30,30,15,75,A,1,1,1,99,0,112,0,0,True,False,0.28423574508864397,0.715764254911356,Toujours inscrit
6375771,Première technologique,"Comptabilité, gestion, ressources humaines",Lycéen,Auvergne-Rhône-Alpes,Puy-de-Dôme (63),30,30,15,75,A,1,1,1,158,0,247,0,0,True,True,0.13383257952102023,0.8661674204789798,Toujours inscrit
8055465,Bac+1,"Santé, paramédical",Etudiant,Auvergne-Rhône-Alpes,Rhône (69),30,30,15,75,A,1,1,1,88,0,134,0,0,True,True,0.19384853168469862,0.8061514683153014,Toujours inscrit
5058290,Terminale,"Architecture, géographie, aménagement",Lycéen,Auvergne-Rhône-Alpes,Rhône (69),30,30,15,75,A,1,1,2,2,0,3,0,0,False,False,0.2398368762443003,0.7601631237556997,Toujours inscrit
6580393,Bac+1,"Electronique, automatique",_ETUDIANT / ÉLÈVE,Auvergne-Rhône-Alpes,Rhône (69),30,25,20,75,A,0,0,0,18,3,19,0,0,False,False,0.19324523349129855,0.8067547665087015,Toujours inscrit
6309151,Terminale,"Sciences de la Terre (environnement, agriculture, agronomie ...)",_ETUDIANT / ÉLÈVE,Auvergne-Rhône-Alpes,Rhône (69),30,30,15,75,A,1,1,1,18,0,50,0,0,False,True,0.0777793533749291,0.9222206466250709,Toujours inscrit
7115765,Terminale,"Santé, paramédical",_ETUDIANT / ÉLÈVE,Auvergne-Rhône-Alpes,Rhône (69),30,30,15,75,A,1,1,1,18,0,18,0,0,False,True,0.20823095823095822,0.7917690417690417,Toujours inscrit
7193646,Bac+2,"International, études à l'étranger",Etudiant,Auvergne-Rhône-Alpes,Rhône (69),30,25,20,75,A,1,0,1,199,1,239,0,0,True,True,0.29559529122963624,0.7044047087703638,Toujours inscrit
8804976,Première technologique,"Sciences de la vie (biologie, biotechnologies...)",Parent,Auvergne-Rhône-Alpes,Rhône (69),30,30,15,75,A,1,1,1,14,0,17,0,0,True,True,0.18667741069030352,0.8133225893096965,Toujours inscrit
6267391,Terminale,"Lettres, langues et sciences humaines",Lycéen,Auvergne-Rhône-Alpes,Rhône (69),30,30,15,75,A,1,1,1,18,0,73,0,0,False,True,0.4209707529558183,0.5790292470441817,Toujours inscrit
8138475,Terminale,"Droit, science politique, administration publique",Parent,Auvergne-Rhône-Alpes,Rhône (69),30,25,20,75,A,1,0,2,6,0,2,0,0,False,False,0.4162732574284921,0.5837267425715079,Toujours inscrit
7048443,Terminale,"International, études à l'étranger",_ETUDIANT / ÉLÈVE,Auvergne-Rhône-Alpes,Rhône (69),30,30,15,75,A,1,1,1,88,0,127,0,0,True,True,0.1661087102075598,0.8338912897924402,Toujours inscrit
5328858,Seconde Générale et Technologique,"Commerce, vente, marketing",Parent,Auvergne-Rhône-Alpes,Rhône (69),30,30,15,75,A,1,1,1,28,0,241,0,0,True,True,0.2398368762443003,0.7601631237556997,Toujours inscrit
6314319,Seconde Générale et Technologique,"Digital, Informatique, multimédia",Parent,Auvergne-Rhône-Alpes,Rhône (69),30,30,15,75,A,1,1,1,264,0,294,0,0,True,False,0.1736092544070727,0.8263907455929272,Toujours inscrit
7875223,Bac+1,"Commerce, vente, marketing","En recherche d'emploi, de stage / Jeune diplômé",Auvergne-Rhône-Alpes,Rhône (69),30,30,15,75,A,1,1,1,106,0,140,0,0,True,False,0.22266211604095562,0.7773378839590444,Toujours inscrit
8666337,Terminale,"Armée, défense, sécurité",Parent,Auvergne-Rhône-Alpes,Rhône (69),30,30,15,75,A,1,1,2,2,0,1,0,0,False,False,0.2987736900780379,0.7012263099219621,Toujours inscrit
8126837,Seconde Générale et Technologique,"Sciences de la Terre (environnement, agriculture, agronomie ...)",Parent,Auvergne-Rhône-Alpes,Rhône (69),30,30,15,75,A,1,1,1,2,1,10,0,0,False,True,0.22381448671182907,0.7761855132881709,Toujours inscrit
5022375,Première,"Sciences de la matière (chimie, physique, matériaux, optique…)",Lycéen,Auvergne-Rhône-Alpes,Rhône (69),30,30,15,75,A,1,1,2,2,0,1,0,0,False,False,0.1736092544070727,0.8263907455929272,Toujours inscrit
6986456,Terminale,"Armée, défense, sécurité",Lycéen,Auvergne-Rhône-Alpes,Rhône (69),30,30,15,75,A,1,1,5,5,0,2,0,0,False,False,0.28938773632641795,0.710612263673582,Toujours inscrit
5553423,Terminale,"Sciences de la vie (biologie, biotechnologies...)",_ETUDIANT / ÉLÈVE,Auvergne-Rhône-Alpes,Rhône (69),30,30,15,75,A,1,1,1,59,0,125,0,0,True,True,0.14679409854319383,0.8532059014568062,Toujours inscrit
6255214,Terminale,"Architecture, géographie, aménagement",Lycéen,Auvergne-Rhône-Alpes,Rhône (69),30,30,15,75,A,1,1,1,66,0,175,0,0,True,True,0.1736092544070727,0.8263907455929272,Toujours inscrit
8151526,Terminale,"Commerce, vente, marketing",_ETUDIANT / ÉLÈVE,Auvergne-Rhône-Alpes,Rhône (69),30,30,15,75,A,1,1,1,6,0,16,0,0,True,False,0.3822156073075352,0.6177843926924649,Toujours inscrit
6307259,3ème,"International, études à l'étranger",Collégien,Auvergne-Rhône-Alpes,Rhône (69),30,30,15,75,A,1,1,1,28,0,96,0,0,False,False,0.24462818183333612,0.7553718181666639,Toujours inscrit
6972598,Terminale,"Action sociale, animation, sciences sociales",_ETUDIANT / ÉLÈVE,Auvergne-Rhône-Alpes,Rhône (69),30,30,15,75,A,1,1,2,4,0,2,0,0,False,False,0.1661087102075598,0.8338912897924402,Toujours inscrit
8868661,Première,"Communication, information, journalisme",_ETUDIANT / ÉLÈVE,Auvergne-Rhône-Alpes,Rhône (69),30,30,15,75,A,1,1,1,8,0,26,0,0,True,False,0.23939202026599113,0.7606079797340088,Toujours inscrit
5328824,Terminale,"Communication, information, journalisme",Lycéen,Auvergne-Rhône-Alpes,Rhône (69),30,30,15,75,A,1,1,3,3,0,3,0,0,False,False,0.2763890687734749,0.7236109312265251,Toujours inscrit
8047251,Seconde Générale et Technologique,"Mécanique, aéronautique, automobile",Lycéen,Auvergne-Rhône-Alpes,Rhône (69),30,25,20,75,A,0,0,0,106,4,129,0,0,True,True,0.3822156073075352,0.6177843926924649,Toujours inscrit
7187741,Première,Economie,Parent,Auvergne-Rhône-Alpes,Rhône (69),30,30,15,75,A,1,1,1,49,0,99,0,0,True,False,0.18098274568642161,0.8190172543135784,Toujours inscrit
6963308,Seconde Générale et Technologique,Je ne sais pas quoi faire,Lycéen,Auvergne-Rhône-Alpes,Rhône (69),30,15,30,75,A,1,1,4,568,40,153,0,0,True,False,0.26626569675295647,0.7337343032470435,Toujours inscrit
7421120,Bac+2,Sport,_ETUDIANT / ÉLÈVE,Auvergne-Rhône-Alpes,Rhône (69),30,25,20,75,A,1,0,1,43,1,81,0,0,False,True,0.31277440936650636,0.6872255906334936,Toujours inscrit
7137372,Terminale,"Commerce, vente, marketing",_ETUDIANT / ÉLÈVE,Auvergne-Rhône-Alpes,Rhône (69),30,25,20,75,A,1,0,1,258,1,288,0,0,True,True,0.33115671641791045,0.6688432835820896,Toujours inscrit
7684097,5ème,"Santé, paramédical",Parent,Auvergne-Rhône-Alpes,Rhône (69),30,25,20,75,A,1,0,1,19,2,96,0,0,True,False,0.0670995670995671,0.9329004329004329,Toujours inscrit
7977002,Seconde Générale et Technologique,"Action sociale, animation, sciences sociales",_ETUDIANT / ÉLÈVE,Auvergne-Rhône-Alpes,Savoie (73),30,30,15,75,A,1,1,1,24,0,144,0,0,True,False,0.16917204045980977,0.8308279595401902,Toujours inscrit
8140528,Terminale technologique,"Commerce, vente, marketing",_ETUDIANT / ÉLÈVE,Auvergne-Rhône-Alpes,Savoie (73),30,30,15,75,A,1,1,1,139,0,243,0,0,True,True,0.16917204045980977,0.8308279595401902,Toujours inscrit
7252339,Première,"Tourisme, hôtellerie, restauration",_ETUDIANT / ÉLÈVE,Auvergne-Rhône-Alpes,Savoie (73),30,30,15,75,A,1,1,1,102,0,202,0,0,True,True,0.18913011802418767,0.8108698819758123,Toujours inscrit
6915911,Terminale,"Armée, défense, sécurité",_ETUDIANT / ÉLÈVE,Auvergne-Rhône-Alpes,Savoie (73),30,30,15,75,A,1,1,1,56,0,58,0,0,True,True,0.13886379037723062,0.8611362096227694,Toujours inscrit
8113111,3ème,Economie,Parent,Normandie,Seine-Maritime (76),30,25,20,75,A,1,0,1,101,1,103,0,0,True,False,0.34268917124976295,0.657310828750237,Toujours inscrit
8661580,Terminale technologique,"Santé, paramédical",Lycéen,Normandie,Seine-Maritime (76),30,30,15,75,A,1,1,1,38,0,42,0,0,True,True,0.10805121908437117,0.8919487809156288,Toujours inscrit
6809616,Terminale,"Action sociale, animation, sciences sociales",_ETUDIANT / ÉLÈVE,Normandie,Seine-Maritime (76),30,30,15,75,A,1,1,1,230,0,258,0,0,True,True,0.10195575504969541,0.8980442449503045,Toujours inscrit
8137820,Première,Luxe,Lycéen,Normandie,Seine-Maritime (76),30,30,15,75,A,1,1,1,126,0,136,0,0,True,True,0.14095279720279721,0.8590472027972028,Toujours inscrit
8641363,Bac+3,"Mécanique, aéronautique, automobile",_ETUDIANT / ÉLÈVE,Normandie,Seine-Maritime (76),30,30,15,75,A,1,1,1,9,0,19,0,0,True,True,0.10805121908437117,0.8919487809156288,Toujours inscrit
8853046,Première,Sport,_ETUDIANT / ÉLÈVE,Normandie,Seine-Maritime (76),30,25,20,75,A,1,0,1,8,1,25,0,0,True,False,0.11984141286718328,0.8801585871328167,Toujours inscrit
8309736,Bac+4,"Sciences de la Terre (environnement, agriculture, agronomie ...)",Etudiant,Normandie,Seine-Maritime (76),30,30,15,75,A,1,1,1,1,1,3,0,0,False,False,0.19503981203498238,0.8049601879650177,Toujours inscrit
9000331,Première,"Mécanique, aéronautique, automobile",_ETUDIANT / ÉLÈVE,Île-de-France,Seine-St-Denis (93),30,30,15,75,A,1,1,1,15,0,28,0,0,True,True,0.17022583066111754,0.8297741693388825,Toujours inscrit
6675120,Première,"Comptabilité, gestion, ressources humaines",_ETUDIANT / ÉLÈVE,Île-de-France,Seine-St-Denis (93),30,25,20,75,A,0,0,0,111,3,158,0,0,False,False,0.12307621839501649,0.8769237816049835,Toujours inscrit
6451508,Bac+2,"International, études à l'étranger",_ETUDIANT / ÉLÈVE,Île-de-France,Seine-St-Denis (93),30,25,20,75,A,0,0,0,87,4,422,0,0,True,True,0.08166437496263526,0.9183356250373648,Toujours inscrit
5959225,Terminale,"International, études à l'étranger",_ETUDIANT / ÉLÈVE,Île-de-France,Seine-St-Denis (93),30,30,15,75,A,1,1,1,123,0,132,0,0,True,True,0.2150048195351826,0.7849951804648174,Toujours inscrit
6673901,Seconde Générale et Technologique,Sport,_ETUDIANT / ÉLÈVE,Île-de-France,Seine-St-Denis (93),30,25,20,75,A,0,0,0,89,3,239,0,0,True,False,0.07130281690140845,0.9286971830985915,Toujours inscrit
6592176,Bac+1,"Commerce, vente, marketing",_ETUDIANT / ÉLÈVE,Île-de-France,Seine-St-Denis (93),30,30,15,75,A,1,1,1,56,0,139,0,0,True,True,0.23049660411459877,0.7695033958854012,Toujours inscrit
8324987,Terminale Pro,"Secretariat, assistant de gestion",_ETUDIANT / ÉLÈVE,Île-de-France,Seine-St-Denis (93),30,30,15,75,A,1,1,1,1,1,2,0,0,False,False,0.09754631593833969,0.9024536840616603,Toujours inscrit
7266669,Bac+3,"Digital, Informatique, multimédia",_ETUDIANT / ÉLÈVE,Île-de-France,Seine-St-Denis (93),30,30,15,75,A,1,1,2,2,0,5,0,0,False,False,0.1591132399901744,0.8408867600098257,Toujours inscrit
7047245,Terminale,Economie,Lycéen,Île-de-France,Seine-St-Denis (93),30,25,20,75,A,1,0,1,49,1,59,0,0,False,True,0.08438115437054991,0.9156188456294501,Toujours inscrit
6171853,Première technologique,"Sciences de la vie (biologie, biotechnologies...)",Lycéen,Île-de-France,Seine-et-Marne (77),30,30,15,75,A,1,1,1,18,0,19,0,0,False,True,0.219120654396728,0.780879345603272,Toujours inscrit
7348414,Première,Technologie industrielle,Parent,Île-de-France,Seine-et-Marne (77),30,30,15,75,A,1,1,1,2,1,29,0,0,True,True,0.1662977897704878,0.8337022102295122,Toujours inscrit
6815268,Première,Economie,Lycéen,Île-de-France,Seine-et-Marne (77),30,30,15,75,A,1,1,1,22,0,54,0,0,True,True,0.0941470054446461,0.905852994555354,Toujours inscrit
7717313,Terminale Pro,"Tourisme, hôtellerie, restauration",Lycéen,Île-de-France,Seine-et-Marne (77),30,25,20,75,A,0,0,0,217,3,265,0,0,True,,0.1662977897704878,0.8337022102295122,Toujours inscrit
6401753,Terminale,"Commerce, vente, marketing",Lycéen,Île-de-France,Seine-et-Marne (77),30,30,15,75,A,1,1,1,134,0,338,0,0,True,True,0.13513022410660205,0.864869775893398,Toujours inscrit
6290831,Terminale,"Comptabilité, gestion, ressources humaines",Lycéen,Hauts-de-France,Somme (80),30,30,15,75,A,1,1,4,4,0,3,0,0,False,False,0.14587525150905434,0.8541247484909457,Toujours inscrit
8011851,Première,"Sciences de la matière (chimie, physique, matériaux, optique…)",Lycéen,Hauts-de-France,Somme (80),30,30,15,75,A,1,1,1,163,0,172,0,0,True,True,0.14587525150905434,0.8541247484909457,Toujours inscrit
8387427,Première,"Santé, paramédical",_ETUDIANT / ÉLÈVE,Île-de-France,Val-D'Oise (95),30,25,20,75,A,0,0,0,74,5,98,0,0,True,False,0.188663282571912,0.811336717428088,Toujours inscrit
7716826,Terminale,Je ne sais pas quoi faire,Lycéen,Île-de-France,Val-D'Oise (95),30,15,30,75,A,1,1,4,264,8,282,0,0,False,False,0.14786663260091978,0.8521333673990802,Toujours inscrit
6726240,Bac+4,"Armée, défense, sécurité",Parent,Île-de-France,Val-D'Oise (95),30,25,20,75,A,1,0,1,73,2,446,0,0,True,True,0.13691020221638295,0.863089797783617,Toujours inscrit
7095926,Terminale,"Comptabilité, gestion, ressources humaines",Lycéen,Île-de-France,Val-D'Oise (95),30,30,15,75,A,1,1,1,60,0,369,0,0,True,True,0.178772496538994,0.821227503461006,Toujours inscrit
8581863,Terminale,"Banque, assurance, finance, immobilier",_ETUDIANT / ÉLÈVE,Île-de-France,Val-D'Oise (95),30,25,20,75,A,1,0,4,72,0,70,0,0,True,False,0.16077616077616078,0.8392238392238393,Toujours inscrit
8266761,Bac+3,Sport,Etudiant,Île-de-France,Val-de-Marne (94),30,25,20,75,A,1,0,1,167,1,182,0,0,True,True,0.1492524649142159,0.8507475350857842,Toujours inscrit
8204498,Bac+2,"Banque, assurance, finance, immobilier",_ETUDIANT / ÉLÈVE,Île-de-France,Val-de-Marne (94),30,30,15,75,A,1,1,2,2,0,1,0,0,False,False,0.26089123006833714,0.7391087699316629,Toujours inscrit
6471622,Bac+3,"Banque, assurance, finance, immobilier",Etudiant,Île-de-France,Val-de-Marne (94),30,25,20,75,A,1,0,1,180,1,416,0,0,True,True,0.18308478610936077,0.8169152138906393,Toujours inscrit
6820195,Terminale technologique,"Action sociale, animation, sciences sociales",_ETUDIANT / ÉLÈVE,Île-de-France,Val-de-Marne (94),30,25,20,75,A,1,0,1,204,2,292,0,0,True,True,0.0976951531822062,0.9023048468177938,Toujours inscrit
7666076,Terminale,"Electronique, automatique",Lycéen,Île-de-France,Val-de-Marne (94),30,30,15,75,A,1,1,1,63,0,277,0,0,True,True,0.1495365100016263,0.8504634899983737,Toujours inscrit
6496840,Terminale technologique,"Tourisme, hôtellerie, restauration",_ETUDIANT / ÉLÈVE,Île-de-France,Val-de-Marne (94),30,25,20,75,A,1,0,2,310,0,216,0,0,True,True,0.15218622208241586,0.8478137779175842,Toujours inscrit
7141131,Terminale,"Digital, Informatique, multimédia",Lycéen,Île-de-France,Val-de-Marne (94),30,25,20,75,A,1,0,3,609,0,388,0,0,True,True,0.15683367921731398,0.843166320782686,Toujours inscrit
6997787,Terminale technologique,"Cosmétique, esthétique, soins personnels",Lycéen,Île-de-France,Val-de-Marne (94),30,25,20,75,A,1,0,1,72,2,252,0,0,True,True,0.31496846996349154,0.6850315300365085,Toujours inscrit
6981144,Terminale technologique,Economie,Lycéen,Provence-Alpes-Côte d'Azur,Var (83),30,30,15,75,A,1,1,1,223,0,271,0,0,True,True,0.17738693467336683,0.8226130653266331,Toujours inscrit
6034544,Bac+3,"International, études à l'étranger",Etudiant,Provence-Alpes-Côte d'Azur,Var (83),30,25,20,75,A,0,0,0,235,33,248,0,0,True,True,0.16440849342770475,0.8355915065722952,Toujours inscrit
6345471,Première,Technologie industrielle,Lycéen,Provence-Alpes-Côte d'Azur,Var (83),30,30,15,75,A,1,1,1,6,0,29,0,0,False,True,0.13732542343064338,0.8626745765693566,Toujours inscrit
6223521,Terminale,"International, études à l'étranger",_ETUDIANT / ÉLÈVE,Provence-Alpes-Côte d'Azur,Vaucluse (84),30,30,15,75,A,1,1,1,353,0,462,0,0,True,True,0.24861345551000724,0.7513865444899928,Toujours inscrit
6148406,Première,"Commerce, vente, marketing",Lycéen,Provence-Alpes-Côte d'Azur,Vaucluse (84),30,30,15,75,A,1,1,2,2,0,2,0,0,False,False,0.11343622762995928,0.8865637723700407,Toujours inscrit
7838228,Seconde Générale et Technologique,Technologie industrielle,Parent,Provence-Alpes-Côte d'Azur,Vaucluse (84),30,30,15,75,A,1,1,1,6,0,7,0,0,False,True,0.1729957805907173,0.8270042194092827,Toujours inscrit
8751410,Première,"Droit, science politique, administration publique",Parent,Provence-Alpes-Côte d'Azur,Vaucluse (84),30,30,15,75,A,1,1,1,1,1,1,0,0,False,False,0.14105580802184184,0.8589441919781582,Toujours inscrit
6417269,Terminale,"Sciences de la vie (biologie, biotechnologies...)",Lycéen,Provence-Alpes-Côte d'Azur,Vaucluse (84),30,30,15,75,A,1,1,2,2,0,5,0,0,False,False,0.10733569167752746,0.8926643083224726,Toujours inscrit
4602084,Seconde Générale et Technologique,"Commerce, vente, marketing",Lycéen,Provence-Alpes-Côte d'Azur,Vaucluse (84),30,30,15,75,A,1,1,1,254,0,293,0,0,True,True,0.14105580802184184,0.8589441919781582,Toujours inscrit
6215944,Terminale technologique,"Commerce, vente, marketing",_ETUDIANT / ÉLÈVE,Provence-Alpes-Côte d'Azur,Vaucluse (84),30,25,20,75,A,1,0,1,89,2,466,0,0,True,True,0.17417238294065016,0.8258276170593498,Toujours inscrit
5273121,Première,"Santé, paramédical",_ETUDIANT / ÉLÈVE,Provence-Alpes-Côte d'Azur,Vaucluse (84),30,30,15,75,A,1,1,1,54,0,282,0,0,True,True,0.12267699115044248,0.8773230088495575,Toujours inscrit
5050852,Seconde Générale et Technologique,"Commerce, vente, marketing",_ETUDIANT / ÉLÈVE,Nouvelle-Aquitaine,Vienne (86),30,30,15,75,A,1,1,2,2,0,1,0,0,False,False,0.18698319551880502,0.813016804481195,Toujours inscrit
8175274,Terminale Pro,"International, études à l'étranger",Lycéen,Nouvelle-Aquitaine,Vienne (86),30,25,20,75,A,1,0,1,139,1,158,0,0,True,False,0.14794303797468356,0.8520569620253164,Toujours inscrit
7851880,Première,"Communication, information, journalisme",Lycéen,Île-de-France,Yvelines (78),30,25,20,75,A,0,0,0,76,4,171,0,0,True,True,0.41321862624607403,0.586781373753926,Toujours inscrit
8015094,3ème,"Architecture, géographie, aménagement",_ETUDIANT / ÉLÈVE,Île-de-France,Yvelines (78),30,25,20,75,A,0,0,0,54,3,58,0,0,True,False,0.3673042383394745,0.6326957616605254,Toujours inscrit
8848125,Première,"Arts, audiovisuel, culture",Parent,Île-de-France,Yvelines (78),30,25,20,75,A,1,0,2,48,0,25,0,0,True,False,0.37320574162679426,0.6267942583732058,Toujours inscrit
8903392,4ème,"Mécanique, aéronautique, automobile",Parent,Île-de-France,Yvelines (78),30,25,20,75,A,1,0,1,6,1,25,0,0,True,True,0.17285766826038984,0.8271423317396102,Toujours inscrit
8209553,Bac+1,"Commerce, vente, marketing",Etudiant,Île-de-France,Yvelines (78),30,30,15,75,A,1,1,2,4,0,2,0,0,False,False,0.1865867366054702,0.8134132633945298,Toujours inscrit
6436870,Terminale,"Comptabilité, gestion, ressources humaines",Lycéen,Île-de-France,Yvelines (78),30,25,20,75,A,1,0,1,390,1,607,0,0,True,True,0.10724684568100938,0.8927531543189906,Toujours inscrit
5291849,Terminale,"Sciences de la vie (biologie, biotechnologies...)",Parent,Île-de-France,Yvelines (78),30,25,20,75,A,1,0,1,46,2,343,0,0,True,True,0.4229714470075819,0.5770285529924182,Toujours inscrit
5418140,Seconde Générale et Technologique,"Santé, paramédical",Parent,Île-de-France,Yvelines (78),30,25,20,75,A,0,0,0,145,5,162,0,0,True,False,0.4130253270247704,0.5869746729752296,Toujours inscrit
7226504,Terminale,"Arts, audiovisuel, culture",Lycéen,Île-de-France,Yvelines (78),30,25,20,75,A,1,0,1,283,2,325,0,0,True,True,0.2599299412218726,0.7400700587781274,Toujours inscrit
6280595,Bac+4,"Droit, science politique, administration publique",_ETUDIANT / ÉLÈVE,Île-de-France,Yvelines (78),30,30,15,75,A,1,1,1,90,0,86,0,0,True,True,0.3178568622829759,0.6821431377170242,Toujours inscrit
6388602,3ème,"Digital, Informatique, multimédia",Parent,Île-de-France,Yvelines (78),15,30,30,75,A,1,1,4,128,8,133,0,0,True,True,0.2599299412218726,0.7400700587781274,Désinscrit
6436870,Terminale,"Energie, électricité",Lycéen,Île-de-France,Yvelines (78),30,25,20,75,A,1,0,1,390,1,607,0,0,True,True,0.10724684568100938,0.8927531543189906,Toujours inscrit
7359451,Terminale,Luxe,Lycéen,Île-de-France,Yvelines (78),30,30,15,75,A,1,1,1,17,0,22,0,0,False,True,0.28860344356381523,0.7113965564361847,Toujours inscrit
8807461,Seconde Générale et Technologique,"Energie, électricité",Lycéen,Île-de-France,Yvelines (78),30,25,20,75,A,1,0,1,15,1,36,0,0,True,True,0.10724684568100938,0.8927531543189906,Toujours inscrit
6395227,Seconde Générale et Technologique,"Arts, audiovisuel, culture",Parent,Île-de-France,Yvelines (78),30,30,15,75,A,1,1,2,2,0,2,0,0,False,False,0.28896704924102184,0.7110329507589782,Toujours inscrit
8440649,3ème,"Tourisme, hôtellerie, restauration",_ETUDIANT / ÉLÈVE,Île-de-France,Yvelines (78),30,25,20,75,A,0,0,0,14,3,47,0,0,True,True,0.35902868318122555,0.6409713168187744,Toujours inscrit
7310693,Terminale,"Electronique, automatique",_ETUDIANT / ÉLÈVE,Île-de-France,Yvelines (78),30,30,15,75,A,1,1,2,4,0,2,0,0,False,False,0.31056511056511055,0.6894348894348894,Toujours inscrit
7064594,Terminale,"Armée, défense, sécurité",Lycéen,Île-de-France,Yvelines (78),30,30,15,75,A,1,1,2,2,0,2,0,0,False,False,0.1420515574650913,0.8579484425349087,Toujours inscrit
7575243,Terminale technologique,"Commerce, vente, marketing",Lycéen,Occitanie,Lot (46),30,25,15,70,A,0,0,0,71,1,218,0,0,True,True,0.17704163330664532,0.8229583666933546,Toujours inscrit
8567492,Terminale,"Droit, science politique, administration publique",Parent,Occitanie,Tarn (81),30,30,10,70,A,1,1,1,1,0,2,0,0,False,False,0.16371077762619374,0.8362892223738063,Toujours inscrit
7239693,Première,"Santé, paramédical",Parent,Bourgogne-Franche-Comté,Saône-et-Loire (71),30,30,10,70,A,1,1,1,2,0,3,0,0,False,False,0.12304407503431447,0.8769559249656855,Toujours inscrit
8058141,Première,(Vide),Parent,Nouvelle-Aquitaine,Charente (16),30,15,25,70,A,1,1,2,10,2,7,0,0,False,False,0.1451996342578482,0.8548003657421518,Toujours inscrit
8389877,Seconde Générale et Technologique,"Digital, Informatique, multimédia",_ETUDIANT / ÉLÈVE,Grand Est,Vosges (88),30,25,15,70,A,0,0,0,28,1,82,0,0,True,False,0.11359649122807018,0.8864035087719299,Toujours inscrit
7370131,Première,"Commerce, vente, marketing",_ETUDIANT / ÉLÈVE,Centre-Val de Loire,Loir-et-Cher (41),30,25,15,70,A,1,0,1,175,0,183,0,0,True,False,0.1301395987489511,0.8698604012510489,Toujours inscrit
7542175,Terminale,"Tourisme, hôtellerie, restauration",_ETUDIANT / ÉLÈVE,Grand Est,Marne (51),30,25,15,70,A,0,0,0,14,1,50,0,0,True,True,0.1447296058661778,0.8552703941338222,Toujours inscrit
6253995,Bac +5 et au delà,"Commerce, vente, marketing","En recherche d'emploi, de stage / Jeune diplômé",Grand Est,Haut-Rhin (68),30,25,15,70,A,1,0,1,11,0,281,0,0,True,True,0.10523355633177432,0.8947664436682257,Toujours inscrit
8192909,Première,Economie,_ETUDIANT / ÉLÈVE,Bourgogne-Franche-Comté,Haute-Saône (70),30,30,10,70,A,1,1,1,2,0,2,0,0,False,False,0.0909733679000707,0.9090266320999293,Toujours inscrit
7255818,Terminale technologique,"Communication, information, journalisme",Lycéen,Auvergne-Rhône-Alpes,Haute-Loire (43),30,25,15,70,A,1,0,1,78,0,170,0,0,True,False,0.14594471618700944,0.8540552838129906,Toujours inscrit
4662363,Bac+4,"Vétérinaire, soins aux animaux",_ETUDIANT / ÉLÈVE,Nouvelle-Aquitaine,Landes (40),30,25,15,70,A,0,0,0,9,2,71,0,0,False,False,0.12438648155938858,0.8756135184406114,Toujours inscrit
6553601,Bac +5 et au delà,"Sciences de la matière (chimie, physique, matériaux, optique…)",_ETUDIANT / ÉLÈVE,Pays de la Loire,Mayenne (53),30,25,15,70,A,0,0,0,281,1,364,0,0,True,True,0.1513672867744231,0.8486327132255769,Toujours inscrit
6678605,Bac+3,"Architecture, géographie, aménagement",Etudiant,Occitanie,Pyrénées-Orientales (66),30,25,15,70,A,0,0,0,215,1,243,0,0,True,False,0.19137187230371008,0.8086281276962899,Toujours inscrit
7476924,Bac+1,Sport,"En recherche d'emploi, de stage / Jeune diplômé",Normandie,Orne (61),30,25,15,70,A,0,0,0,14,1,115,0,0,True,True,0.12746523939728896,0.8725347606027111,Toujours inscrit
5971448,Terminale,"International, études à l'étranger",Lycéen,Occitanie,Pyrénées-Orientales (66),30,30,10,70,A,1,1,3,0,0,0,0,0,,,0.14883268482490272,0.8511673151750972,Toujours inscrit
5751136,Terminale,"Mécanique, aéronautique, automobile",Lycéen,Grand Est,Meurthe-et-Moselle (54),30,25,15,70,A,0,0,0,369,1,403,0,0,True,True,0.12085868830290737,0.8791413116970926,Toujours inscrit
7811485,Terminale,"Architecture, géographie, aménagement",_ETUDIANT / ÉLÈVE,Nouvelle-Aquitaine,Landes (40),30,25,15,70,A,0,0,0,22,1,182,0,0,True,True,0.11652955644135357,0.8834704435586465,Toujours inscrit
6603450,Bac+2,"Lettres, langues et sciences humaines",Parent,Occitanie,Lozère (48),30,25,15,70,A,0,0,0,159,1,177,0,0,True,False,0.1316415543219667,0.8683584456780333,Toujours inscrit
6201756,Terminale,"Sciences de la matière (chimie, physique, matériaux, optique…)",Lycéen,Auvergne-Rhône-Alpes,Haute-Loire (43),30,30,10,70,A,1,1,1,1,0,10,0,0,True,True,0.14532573008467253,0.8546742699153275,Toujours inscrit
6139331,Terminale,"Digital, Informatique, multimédia",Lycéen,Bourgogne-Franche-Comté,Côte-d'Or (21),30,30,10,70,A,1,1,2,0,0,0,0,0,,,0.17950502706883217,0.8204949729311678,Toujours inscrit
8377803,Terminale,"Energie, électricité",Parent,Grand Est,Vosges (88),30,25,15,70,A,0,0,0,109,2,111,0,0,True,True,0.15535824901920298,0.8446417509807971,Toujours inscrit
5793455,Première,"Sciences de la Terre (environnement, agriculture, agronomie ...)",_ETUDIANT / ÉLÈVE,Martinique,Martinique (972),30,25,15,70,A,0,0,0,306,1,321,0,0,True,True,0.2086903304773562,0.7913096695226438,Toujours inscrit
8476698,Bac+3,"Digital, Informatique, multimédia",Etudiant,Nouvelle-Aquitaine,Charente (16),30,25,15,70,A,0,0,0,38,2,83,0,0,True,True,0.16520110108579295,0.8347988989142071,Toujours inscrit
7432184,Bac+3,"Digital, Informatique, multimédia",Parent,Occitanie,Hautes-Pyrénées (65),30,25,15,70,A,0,0,0,8,1,174,0,0,True,True,0.1653579676674365,0.8346420323325635,Toujours inscrit
5065855,Terminale Pro,"Armée, défense, sécurité",_ETUDIANT / ÉLÈVE,Guadeloupe,Guadeloupe (971),30,25,15,70,A,0,0,0,130,1,181,0,0,True,True,0.08833154739494338,0.9116684526050566,Toujours inscrit
8116235,Première,"Armée, défense, sécurité",_ETUDIANT / ÉLÈVE,Auvergne-Rhône-Alpes,Ardèche (07),30,25,15,70,A,1,0,1,51,0,139,0,0,True,True,0.1628169014084507,0.8371830985915493,Toujours inscrit
8691603,Seconde Générale et Technologique,Sport,Lycéen,Grand Est,Haut-Rhin (68),30,30,10,70,A,1,1,1,2,0,39,0,0,True,True,0.21028858218318694,0.7897114178168131,Toujours inscrit
6002273,Première,"Action sociale, animation, sciences sociales",Lycéen,Grand Est,Ardennes (08),30,30,10,70,A,1,1,2,0,0,2,0,0,False,False,0.06524678837052063,0.9347532116294793,Toujours inscrit
8559681,Seconde Générale et Technologique,"Droit, science politique, administration publique",Parent,Grand Est,Meuse (55),30,30,10,70,A,1,1,1,3,0,79,0,0,True,,0.10940409683426443,0.8905959031657356,Toujours inscrit
7052271,3ème,"Commerce, vente, marketing",_ETUDIANT / ÉLÈVE,Bourgogne-Franche-Comté,Jura (39),30,25,15,70,A,0,0,0,3,3,38,0,0,False,False,0.15617631053872666,0.8438236894612734,Toujours inscrit
8653577,Terminale,"International, études à l'étranger",Lycéen,Auvergne-Rhône-Alpes,Ardèche (07),30,30,10,70,A,1,1,1,1,0,2,0,0,False,False,0.17385957720911166,0.8261404227908883,Toujours inscrit
7228420,Bac+1,"Sciences de la Terre (environnement, agriculture, agronomie ...)",Parent,Auvergne-Rhône-Alpes,Haute-Loire (43),30,30,10,70,A,1,1,1,2,0,2,0,0,False,False,0.13059033989266547,0.8694096601073346,Toujours inscrit
8014214,Terminale,"Communication, information, journalisme",Lycéen,Occitanie,Lot (46),30,25,15,70,A,0,0,0,116,1,171,0,0,True,True,0.20555555555555555,0.7944444444444444,Toujours inscrit
7667152,Première,Sport,Lycéen,Occitanie,Aude (11),30,30,10,70,A,1,1,5,0,0,4,0,0,True,True,0.140634820867379,0.859365179132621,Toujours inscrit
6693148,Bac+2,"Arts, audiovisuel, culture",_ETUDIANT / ÉLÈVE,Centre-Val de Loire,Eure-et-Loir (28),30,35,5,70,A,0,0,0,1,0,42,1,1,True,False,0.13115246098439376,0.8688475390156063,Toujours inscrit
8635095,Terminale,"Banque, assurance, finance, immobilier",Parent,Nouvelle-Aquitaine,Charente (16),30,30,10,70,A,1,1,1,1,0,1,0,0,False,False,0.1451996342578482,0.8548003657421518,Toujours inscrit
5631693,Bac +5 et au delà,"Santé, paramédical",Etudiant,Bourgogne-Franche-Comté,Haute-Saône (70),30,25,15,70,A,0,0,0,91,1,281,0,0,True,True,0.11521444695259593,0.884785553047404,Toujours inscrit
8578745,Terminale,"Sciences de la vie (biologie, biotechnologies...)",Lycéen,Occitanie,Aveyron (12),30,30,10,70,A,1,1,1,2,0,2,0,0,False,False,0.1634689178818112,0.8365310821181888,Toujours inscrit
5454764,Première,"Architecture, géographie, aménagement",Parent,Provence-Alpes-Côte d'Azur,Alpes-de-Haute-Provence (04),30,30,10,70,A,1,1,1,1,0,1,0,0,False,False,0.28446176327325867,0.7155382367267413,Toujours inscrit
6889441,Bac+4,Luxe,Parent,Grand Est,Haut-Rhin (68),30,30,10,70,A,1,1,1,1,0,23,0,0,True,True,0.21028858218318694,0.7897114178168131,Toujours inscrit
7671101,CAP/BEP,"Commerce, vente, marketing",_ETUDIANT / ÉLÈVE,Mayotte,Mayotte (976),30,25,15,70,A,0,0,0,36,2,117,0,0,True,,,,Toujours inscrit
8648123,Terminale technologique,"Droit, science politique, administration publique",_ETUDIANT / ÉLÈVE,Bourgogne-Franche-Comté,Jura (39),30,25,15,70,A,1,0,1,16,0,39,0,0,True,False,0.13700763665594856,0.8629923633440515,Toujours inscrit
6132378,CAP/BEP,"Santé, paramédical",Parent,Nouvelle-Aquitaine,Charente (16),30,30,10,70,A,1,1,2,0,0,0,0,0,,,0.14227015921931177,0.8577298407806883,Toujours inscrit
5253854,Terminale,"Digital, Informatique, multimédia",_ETUDIANT / ÉLÈVE,Grand Est,Ardennes (08),30,25,15,70,A,0,0,0,21,1,299,0,0,True,True,0.10438556418455916,0.8956144358154409,Toujours inscrit
8500012,Première,Luxe,_ETUDIANT / ÉLÈVE,Nouvelle-Aquitaine,Landes (40),30,30,10,70,A,1,1,1,1,0,2,0,0,False,False,0.13287117273252455,0.8671288272674754,Toujours inscrit
8066343,Terminale Pro,Sport,_ETUDIANT / ÉLÈVE,Bourgogne-Franche-Comté,Saône-et-Loire (71),30,30,10,70,A,1,1,1,1,0,6,0,0,False,True,0.13061637767371218,0.8693836223262879,Toujours inscrit
6675967,Terminale,"International, études à l'étranger",_ETUDIANT / ÉLÈVE,Nouvelle-Aquitaine,Charente (16),30,25,15,70,A,0,0,0,359,1,372,0,0,True,False,0.16520110108579295,0.8347988989142071,Toujours inscrit
6951739,Terminale,"Tourisme, hôtellerie, restauration",Lycéen,Nouvelle-Aquitaine,Landes (40),30,30,10,70,A,1,1,2,0,0,4,0,0,False,False,0.16288078887128016,0.8371192111287199,Toujours inscrit
6419307,Terminale,"Communication, information, journalisme",_ETUDIANT / ÉLÈVE,Grand Est,Marne (51),30,25,15,70,A,0,0,0,54,1,62,0,0,False,True,0.14857881136950904,0.851421188630491,Toujours inscrit
8027556,Terminale technologique,"Droit, science politique, administration publique",Lycéen,Bourgogne-Franche-Comté,Yonne (89),30,25,15,70,A,1,0,1,99,0,135,0,0,True,False,0.14041514041514042,0.8595848595848596,Toujours inscrit
8817533,5ème,Economie,_ETUDIANT / ÉLÈVE,Nouvelle-Aquitaine,Charente (16),30,30,10,70,A,1,1,1,1,0,12,0,0,True,True,0.13459817433327367,0.8654018256667263,Toujours inscrit
7604658,3ème,"Armée, défense, sécurité",Collégien,Grand Est,Meurthe-et-Moselle (54),30,25,15,70,A,0,0,0,5,4,26,0,0,True,True,0.1332925710791807,0.8667074289208193,Toujours inscrit
7928629,Première,Sport,Parent,Nouvelle-Aquitaine,Landes (40),30,25,15,70,A,1,0,1,2,1,40,0,0,True,False,0.15401211517716373,0.8459878848228363,Toujours inscrit
6831881,Première,"Communication, information, journalisme",Lycéen,Occitanie,Pyrénées-Orientales (66),30,30,10,70,A,1,1,2,0,0,2,0,0,False,False,0.15391014975041598,0.846089850249584,Toujours inscrit
8367638,Seconde Générale et Technologique,"Commerce, vente, marketing",_ETUDIANT / ÉLÈVE,Mayotte,Mayotte (976),30,25,15,70,A,0,0,0,65,1,79,0,0,True,False,,,Toujours inscrit
6506604,Première,Sport,Lycéen,Occitanie,Aude (11),30,25,15,70,A,0,0,0,269,1,303,0,0,True,True,0.15786302470375577,0.8421369752962442,Toujours inscrit
7421556,Première,"Commerce, vente, marketing",_ETUDIANT / ÉLÈVE,,,30,25,15,70,A,0,0,0,67,1,173,0,0,True,True,,,Toujours inscrit
6892747,Première,(Vide),_ETUDIANT / ÉLÈVE,,,30,15,25,70,A,1,1,1,80,23,105,0,0,True,False,,,Toujours inscrit
5928759,Première,"Génie civil, bâtiment",_ETUDIANT / ÉLÈVE,,,30,25,15,70,A,0,0,0,208,1,335,0,0,True,True,,,Toujours inscrit
7206193,Terminale Pro,(Vide),_ETUDIANT / ÉLÈVE,,,30,15,25,70,A,1,1,2,94,2,166,0,0,True,False,,,Toujours inscrit
7699782,4ème,"Banque, assurance, finance, immobilier",Parent,,,30,30,10,70,A,1,1,1,1,0,2,0,0,False,False,,,Toujours inscrit
4240355,Seconde Générale et Technologique,"Sciences de la vie (biologie, biotechnologies...)",Parent,,,30,30,10,70,A,1,1,2,0,0,2,0,0,False,False,,,Toujours inscrit
7623528,Bac+2,"Santé, paramédical","En recherche d'emploi, de stage / Jeune diplômé",,,30,25,15,70,A,0,0,0,3,3,105,0,0,True,True,,,Toujours inscrit
7716146,Seconde Générale et Technologique,"Banque, assurance, finance, immobilier",Parent,,,30,25,15,70,A,0,0,0,144,1,149,0,0,True,False,,,Toujours inscrit
5935243,Première,"Lettres, langues et sciences humaines",Lycéen,,,30,30,10,70,A,1,1,2,0,0,2,0,0,False,False,,,Toujours inscrit
7664889,Bac+2,Technologie industrielle,_ETUDIANT / ÉLÈVE,,,30,25,15,70,A,0,0,0,87,2,129,0,0,True,True,,,Toujours inscrit
3561158,Bac+2,"International, études à l'étranger",Etudiant,,,30,25,15,70,A,0,0,0,112,1,128,0,0,True,True,,,Toujours inscrit
7004351,Terminale,"Digital, Informatique, multimédia",Lycéen,,,30,25,15,70,A,1,0,1,196,0,215,0,0,True,False,,,Toujours inscrit
4502135,Bac+3,"International, études à l'étranger",_ETUDIANT / ÉLÈVE,,,30,30,10,70,A,1,1,3,0,0,2,0,0,False,False,,,Toujours inscrit
7488491,Seconde Générale et Technologique,"Digital, Informatique, multimédia",_ETUDIANT / ÉLÈVE,,,30,30,10,70,A,1,1,1,1,0,3,0,0,False,False,,,Toujours inscrit
6444592,4ème,"Droit, science politique, administration publique",_ETUDIANT / ÉLÈVE,,,30,25,15,70,A,1,0,1,22,0,36,0,0,True,True,,,Toujours inscrit
8900069,Terminale,(Vide),Parent,,,30,15,25,70,A,1,1,3,3,3,8,0,0,False,False,,,Toujours inscrit
5864679,3ème,"Banque, assurance, finance, immobilier",_ETUDIANT / ÉLÈVE,,,30,30,10,70,A,1,1,1,1,0,1,0,0,False,False,,,Toujours inscrit
3845207,Bac+4,"Sciences de la vie (biologie, biotechnologies...)",Parent,,,30,30,10,70,A,1,1,2,0,0,0,0,0,,,,,Toujours inscrit
5927398,Première,"Armée, défense, sécurité",_ETUDIANT / ÉLÈVE,,,30,25,15,70,A,0,0,0,375,1,382,0,0,True,True,,,Toujours inscrit
5744541,Bac+1,"Comptabilité, gestion, ressources humaines",Etudiant,,,30,25,15,70,A,1,0,2,4,0,4,0,0,False,False,,,Toujours inscrit
6079142,Terminale,Sport,_ETUDIANT / ÉLÈVE,,,30,25,15,70,A,0,0,0,163,1,357,0,0,True,True,,,Toujours inscrit
7037652,Terminale,"International, études à l'étranger",Lycéen,,,30,25,15,70,A,1,0,1,32,0,38,0,0,True,False,,,Toujours inscrit
7866204,6ème,"Santé, paramédical",Parent,,,30,25,15,70,A,1,0,1,55,0,118,0,0,True,True,,,Toujours inscrit
7195496,Bac+1,"Comptabilité, gestion, ressources humaines",_ETUDIANT / ÉLÈVE,,,30,30,10,70,A,1,1,1,1,0,3,0,0,False,False,,,Toujours inscrit
4410946,Première,"Banque, assurance, finance, immobilier",_ETUDIANT / ÉLÈVE,,,30,30,10,70,A,1,1,1,2,0,2,0,0,False,False,,,Toujours inscrit
4079357,Bac+2,"Banque, assurance, finance, immobilier",_ETUDIANT / ÉLÈVE,,,30,25,15,70,A,1,0,2,4,0,2,0,0,False,False,,,Toujours inscrit
7293553,Terminale technologique,"Digital, Informatique, multimédia",_ETUDIANT / ÉLÈVE,,,30,30,10,70,A,1,1,1,2,0,2,0,0,False,False,,,Toujours inscrit
8237641,Seconde Générale et Technologique,"Cosmétique, esthétique, soins personnels",_ETUDIANT / ÉLÈVE,,,30,25,15,70,A,0,0,0,32,2,166,0,0,True,True,,,Toujours inscrit
1977067,Seconde Générale et Technologique,"Arts, audiovisuel, culture",_ETUDIANT / ÉLÈVE,,,30,25,15,70,A,1,0,1,63,0,305,0,0,True,False,,,Toujours inscrit
7641544,3ème,"Droit, science politique, administration publique",Collégien,,,30,30,10,70,A,1,1,1,2,0,2,0,0,False,False,,,Toujours inscrit
4377438,3ème,Economie,_ETUDIANT / ÉLÈVE,,,30,30,10,70,A,1,1,1,2,0,2,0,0,False,False,,,Toujours inscrit
7245583,Terminale,Economie,_ETUDIANT / ÉLÈVE,,,30,30,10,70,A,1,1,1,2,0,9,0,0,False,False,,,Toujours inscrit
6829426,Seconde Générale et Technologique,"Digital, Informatique, multimédia",_ETUDIANT / ÉLÈVE,,,30,25,15,70,A,1,0,2,2,0,1,0,0,False,False,,,Toujours inscrit
4503044,Terminale,"Droit, science politique, administration publique",Lycéen,,,30,25,15,70,A,0,0,0,63,1,222,0,0,True,True,,,Toujours inscrit
5729578,Bac+1,"Sciences de la vie (biologie, biotechnologies...)",_ETUDIANT / ÉLÈVE,,,30,25,15,70,A,0,0,0,336,2,344,0,0,True,True,,,Toujours inscrit
6073922,Bac+1,"Comptabilité, gestion, ressources humaines",Etudiant,,,30,30,10,70,A,1,1,2,0,0,5,0,0,False,False,,,Toujours inscrit
3933140,Bac+2,"Santé, paramédical",_ETUDIANT / ÉLÈVE,,,30,30,10,70,A,1,1,3,0,0,24,0,0,False,True,,,Toujours inscrit
2770635,Bac+3,"Electronique, automatique",Etudiant,,,30,30,10,70,A,1,1,6,0,0,0,0,0,,,,,Toujours inscrit
5930143,Seconde Générale et Technologique,"Sciences de la matière (chimie, physique, matériaux, optique…)",_ETUDIANT / ÉLÈVE,,,30,30,10,70,A,1,1,1,1,0,253,0,0,True,True,,,Toujours inscrit
5973139,Terminale,"Droit, science politique, administration publique",Lycéen,,,30,25,15,70,A,0,0,0,22,1,326,0,0,True,True,,,Toujours inscrit
7657607,Bac+1,"International, études à l'étranger",Etudiant,,,30,25,15,70,A,0,0,0,11,1,95,0,0,True,False,,,Toujours inscrit
5649437,Terminale,"Sciences de la matière (chimie, physique, matériaux, optique…)",_ETUDIANT / ÉLÈVE,,,30,25,15,70,A,0,0,0,18,2,226,0,0,True,True,,,Toujours inscrit
4084034,Terminale,"Armée, défense, sécurité",Parent,,,30,30,10,70,A,1,1,2,0,0,1,0,0,False,False,,,Toujours inscrit
7013551,Terminale,(Vide),Parent,,,30,15,25,70,A,1,1,1,119,3,124,0,0,True,True,,,Toujours inscrit
5816059,Première,"Banque, assurance, finance, immobilier",_ETUDIANT / ÉLÈVE,,,30,25,15,70,A,1,0,1,6,0,15,0,0,False,True,,,Toujours inscrit
5310112,Terminale,"Sciences de la Terre (environnement, agriculture, agronomie ...)",Lycéen,,,30,25,15,70,A,1,0,1,1,1,35,0,0,False,True,,,Toujours inscrit
5837531,Terminale technologique,"Comptabilité, gestion, ressources humaines",_ETUDIANT / ÉLÈVE,,,30,25,15,70,A,0,0,0,193,1,292,0,0,True,True,,,Toujours inscrit
5355579,Bac +5 et au delà,Economie,_ETUDIANT / ÉLÈVE,,,30,25,15,70,A,0,0,0,222,1,261,0,0,True,True,,,Toujours inscrit
5923088,3ème,"Commerce, vente, marketing",_ETUDIANT / ÉLÈVE,,,30,25,15,70,A,0,0,0,151,2,169,0,0,True,True,,,Toujours inscrit
5765147,Terminale,"Action sociale, animation, sciences sociales",_ETUDIANT / ÉLÈVE,,,30,25,15,70,A,0,0,0,305,1,314,0,0,True,True,,,Toujours inscrit
7762336,3ème,"Sciences de la matière (chimie, physique, matériaux, optique…)",Parent,Auvergne-Rhône-Alpes,Ain (01),30,30,10,70,A,1,1,4,0,0,1,0,0,False,False,0.2588582677165354,0.7411417322834646,Toujours inscrit
8146896,Terminale,Sport,Parent,Auvergne-Rhône-Alpes,Ain (01),30,30,10,70,A,1,1,1,1,0,116,0,0,True,True,0.1269478725363787,0.8730521274636213,Toujours inscrit
6979027,Terminale technologique,"Santé, paramédical",Lycéen,Auvergne-Rhône-Alpes,Ain (01),30,30,10,70,A,1,1,1,1,0,2,0,0,False,False,0.1269478725363787,0.8730521274636213,Toujours inscrit
7840421,Première,"Communication, information, journalisme",Parent,Auvergne-Rhône-Alpes,Ain (01),30,30,10,70,A,1,1,4,0,0,1,0,0,False,False,0.21848922429431827,0.7815107757056817,Toujours inscrit
8880024,Première,"International, études à l'étranger",Lycéen,Auvergne-Rhône-Alpes,Ain (01),30,30,10,70,A,1,1,1,1,0,1,0,0,False,False,0.0929188255613126,0.9070811744386874,Toujours inscrit
8689452,Terminale,"International, études à l'étranger",Lycéen,Auvergne-Rhône-Alpes,Ain (01),30,25,15,70,A,1,0,1,8,0,25,0,0,True,True,0.21961225967339715,0.7803877403266029,Toujours inscrit
7599447,Bac+1,"Banque, assurance, finance, immobilier",_ETUDIANT / ÉLÈVE,Provence-Alpes-Côte d'Azur,Alpes-Maritimes (06),30,25,15,70,A,0,0,0,72,1,123,0,0,True,,0.28727785002167316,0.7127221499783268,Toujours inscrit
5114535,Première Générale Agricole,"Arts, audiovisuel, culture",Parent,Provence-Alpes-Côte d'Azur,Alpes-Maritimes (06),30,25,15,70,A,0,0,0,425,2,475,0,0,True,True,0.16624411445128576,0.8337558855487143,Toujours inscrit
8723126,Terminale Pro,Economie,Parent,Provence-Alpes-Côte d'Azur,Alpes-Maritimes (06),30,30,10,70,A,1,1,2,0,0,2,0,0,False,False,0.17853703145216993,0.8214629685478301,Toujours inscrit
6916896,Bac+1,"International, études à l'étranger",Etudiant,Provence-Alpes-Côte d'Azur,Alpes-Maritimes (06),30,30,10,70,A,1,1,1,2,0,2,0,0,False,False,0.17853703145216993,0.8214629685478301,Toujours inscrit
6164961,Seconde Générale et Technologique,"Commerce, vente, marketing",Lycéen,Provence-Alpes-Côte d'Azur,Alpes-Maritimes (06),30,30,10,70,A,1,1,2,0,0,3,0,0,False,False,0.25528364849833146,0.7447163515016685,Toujours inscrit
6845651,Terminale,"Commerce, vente, marketing",Lycéen,Provence-Alpes-Côte d'Azur,Alpes-Maritimes (06),30,30,10,70,A,1,1,1,1,0,2,0,0,False,False,0.39260609216349907,0.6073939078365009,Toujours inscrit
8796457,Terminale technologique,"Arts, audiovisuel, culture",Lycéen,Provence-Alpes-Côte d'Azur,Alpes-Maritimes (06),30,30,10,70,A,1,1,1,1,0,1,0,0,False,False,0.24227920227920227,0.7577207977207977,Toujours inscrit
7633491,Seconde Générale et Technologique,"Sciences de la vie (biologie, biotechnologies...)",_ETUDIANT / ÉLÈVE,Provence-Alpes-Côte d'Azur,Alpes-Maritimes (06),30,25,15,70,A,0,0,0,38,1,139,0,0,True,True,0.17853703145216993,0.8214629685478301,Toujours inscrit
6144175,3ème,"Arts, audiovisuel, culture",Collégien,Provence-Alpes-Côte d'Azur,Alpes-Maritimes (06),30,30,10,70,A,1,1,1,1,0,2,0,0,False,False,0.35619351408825095,0.643806485911749,Toujours inscrit
9022749,Terminale,"Action sociale, animation, sciences sociales","En recherche d'emploi, de stage / Jeune diplômé",Provence-Alpes-Côte d'Azur,Alpes-Maritimes (06),30,30,10,70,A,1,1,1,1,0,4,0,0,False,True,0.17853703145216993,0.8214629685478301,Toujours inscrit
8995953,Première technologique,"Comptabilité, gestion, ressources humaines",Parent,Provence-Alpes-Côte d'Azur,Alpes-Maritimes (06),30,25,15,70,A,1,0,1,5,1,11,0,0,True,False,0.16584717607973423,0.8341528239202658,Toujours inscrit
7642659,Bac+1,"Comptabilité, gestion, ressources humaines",_ETUDIANT / ÉLÈVE,Grand Est,Bas-Rhin (67),30,25,15,70,A,0,0,0,35,1,150,0,0,False,False,0.13312956359313977,0.8668704364068602,Toujours inscrit
8675303,Seconde Générale et Technologique,"Armée, défense, sécurité",Lycéen,Grand Est,Bas-Rhin (67),30,35,5,70,A,0,0,0,2,0,1,1,2,False,False,0.17230955259975816,0.8276904474002419,Toujours inscrit
8024467,Seconde Générale et Technologique,"Armée, défense, sécurité",Lycéen,Grand Est,Bas-Rhin (67),30,25,15,70,A,0,0,0,45,1,121,0,0,True,True,0.16976729520085768,0.8302327047991424,Toujours inscrit
6180357,Seconde Générale et Technologique,"Electronique, automatique",Parent,Grand Est,Bas-Rhin (67),30,25,15,70,A,1,0,2,2,0,2,0,0,False,False,0.21667159326041974,0.7833284067395803,Toujours inscrit
8699628,Première,"Commerce, vente, marketing",_ETUDIANT / ÉLÈVE,Grand Est,Bas-Rhin (67),30,30,10,70,A,1,1,1,1,0,1,0,0,False,False,0.16976729520085768,0.8302327047991424,Toujours inscrit
8694158,Terminale,"Sciences de la matière (chimie, physique, matériaux, optique…)",_ETUDIANT / ÉLÈVE,Grand Est,Bas-Rhin (67),30,30,10,70,A,1,1,1,1,0,1,0,0,False,False,0.15619127166423052,0.8438087283357695,Toujours inscrit
8105022,3ème,"International, études à l'étranger",Parent,Grand Est,Bas-Rhin (67),30,25,15,70,A,0,0,0,188,1,194,0,0,True,True,0.115075687364844,0.884924312635156,Toujours inscrit
5324573,Terminale,Economie,Lycéen,Grand Est,Bas-Rhin (67),30,25,15,70,A,0,0,0,373,2,395,0,0,True,True,0.23296560674886438,0.7670343932511356,Toujours inscrit
7859443,3ème,"Commerce, vente, marketing",_ETUDIANT / ÉLÈVE,Grand Est,Bas-Rhin (67),30,25,15,70,A,0,0,0,7,2,7,0,0,False,False,0.11866274797942689,0.8813372520205731,Toujours inscrit
8684382,Terminale,"Lettres, langues et sciences humaines",Lycéen,Grand Est,Bas-Rhin (67),30,30,10,70,A,1,1,1,1,0,2,0,0,False,False,0.15323691460055097,0.846763085399449,Toujours inscrit
6202179,Terminale,"Sciences de la matière (chimie, physique, matériaux, optique…)",_ETUDIANT / ÉLÈVE,Grand Est,Bas-Rhin (67),30,30,10,70,A,1,1,1,1,0,2,0,0,False,False,0.25298490651047534,0.7470150934895247,Toujours inscrit
6941869,Première,"Sciences de la Terre (environnement, agriculture, agronomie ...)",Parent,Grand Est,Bas-Rhin (67),30,25,15,70,A,1,0,1,49,0,120,0,0,True,False,0.12680454893642096,0.8731954510635791,Toujours inscrit
5189815,Terminale,"Communication, information, journalisme",Lycéen,Grand Est,Bas-Rhin (67),30,25,15,70,A,0,0,0,65,1,156,0,0,True,True,0.1939254953201248,0.8060745046798752,Toujours inscrit
8185837,Bac+3,Luxe,_ETUDIANT / ÉLÈVE,Provence-Alpes-Côte d'Azur,Bouches-du-Rhône (13),30,30,10,70,A,1,1,1,1,0,2,0,0,False,False,0.23955943093162002,0.76044056906838,Toujours inscrit
8177484,Seconde Générale et Technologique,"Arts, audiovisuel, culture",_ETUDIANT / ÉLÈVE,Provence-Alpes-Côte d'Azur,Bouches-du-Rhône (13),30,30,10,70,A,1,1,1,1,0,2,0,0,False,False,0.20979899497487436,0.7902010050251256,Toujours inscrit
7664327,Bac +5 et au delà,"Banque, assurance, finance, immobilier",Etudiant,Provence-Alpes-Côte d'Azur,Bouches-du-Rhône (13),30,25,15,70,A,1,0,1,90,0,252,0,0,True,True,0.1982573726541555,0.8017426273458444,Toujours inscrit
7937049,Seconde Générale et Technologique,"Commerce, vente, marketing",Lycéen,Provence-Alpes-Côte d'Azur,Bouches-du-Rhône (13),30,30,10,70,A,1,1,2,0,0,1,0,0,False,False,0.21583411875589067,0.7841658812441094,Toujours inscrit
7502385,5ème,"Lettres, langues et sciences humaines",Parent,Provence-Alpes-Côte d'Azur,Bouches-du-Rhône (13),30,25,15,70,A,0,0,0,77,1,103,0,0,True,False,0.26305220883534136,0.7369477911646586,Toujours inscrit
6590663,Première,"Banque, assurance, finance, immobilier",Lycéen,Provence-Alpes-Côte d'Azur,Bouches-du-Rhône (13),30,25,15,70,A,1,0,1,11,0,145,0,0,True,True,0.3676703645007924,0.6323296354992076,Toujours inscrit
9064754,Terminale,"Droit, science politique, administration publique",_ETUDIANT / ÉLÈVE,Provence-Alpes-Côte d'Azur,Bouches-du-Rhône (13),30,25,15,70,A,1,0,2,2,0,1,0,0,False,False,0.27521837137221755,0.7247816286277825,Toujours inscrit
5313525,4ème,"Digital, Informatique, multimédia",Parent,Provence-Alpes-Côte d'Azur,Bouches-du-Rhône (13),30,30,10,70,A,1,1,1,1,0,1,0,0,False,False,0.20042083114150447,0.7995791688584956,Toujours inscrit
6818688,Seconde Générale et Technologique,"Architecture, géographie, aménagement",_ETUDIANT / ÉLÈVE,Provence-Alpes-Côte d'Azur,Bouches-du-Rhône (13),30,25,15,70,A,0,0,0,13,1,242,0,0,True,True,0.2395397598656416,0.7604602401343584,Toujours inscrit
6125672,Seconde Générale et Technologique,"Arts, audiovisuel, culture",Lycéen,Provence-Alpes-Côte d'Azur,Bouches-du-Rhône (13),30,30,10,70,A,1,1,3,0,0,1,0,0,False,False,0.21528998242530756,0.7847100175746925,Toujours inscrit
6339489,Terminale technologique,"Communication, information, journalisme",Lycéen,Provence-Alpes-Côte d'Azur,Bouches-du-Rhône (13),30,30,10,70,A,1,1,2,0,0,0,0,0,,,0.11279012882535196,0.887209871174648,Toujours inscrit
6327969,CAP/BEP,Sport,_ETUDIANT / ÉLÈVE,Provence-Alpes-Côte d'Azur,Bouches-du-Rhône (13),30,30,10,70,A,1,1,1,2,0,14,0,0,False,True,0.1360741498919595,0.8639258501080405,Toujours inscrit
7861175,Terminale technologique,"Armée, défense, sécurité",Lycéen,Provence-Alpes-Côte d'Azur,Bouches-du-Rhône (13),30,30,10,70,A,1,1,1,1,0,2,0,0,False,False,0.13429988553987027,0.8657001144601297,Toujours inscrit
8962162,Première technologique,"Santé, paramédical",Lycéen,Provence-Alpes-Côte d'Azur,Bouches-du-Rhône (13),30,30,10,70,A,1,1,1,2,0,2,0,0,True,True,0.20694690141240557,0.7930530985875944,Toujours inscrit
8665158,Terminale,Je ne sais pas quoi faire,Lycéen,Provence-Alpes-Côte d'Azur,Bouches-du-Rhône (13),30,10,30,70,A,1,0,2,96,6,54,0,0,True,True,0.3019048073709839,0.6980951926290161,Toujours inscrit
8792720,4ème,"Vétérinaire, soins aux animaux",Parent,Provence-Alpes-Côte d'Azur,Bouches-du-Rhône (13),30,30,10,70,A,1,1,1,1,0,1,0,0,False,False,0.1982573726541555,0.8017426273458444,Toujours inscrit
7925963,Terminale,"Lettres, langues et sciences humaines",_ETUDIANT / ÉLÈVE,Provence-Alpes-Côte d'Azur,Bouches-du-Rhône (13),30,25,15,70,A,0,0,0,163,2,174,0,0,True,False,0.119291104050834,0.880708895949166,Toujours inscrit
7437727,Bac+3,"Santé, paramédical",Etudiant,Provence-Alpes-Côte d'Azur,Bouches-du-Rhône (13),30,25,15,70,A,1,0,1,81,0,235,0,0,True,True,0.06833694904492302,0.931663050955077,Toujours inscrit
6407715,Bac+3,"Education, formation",Etudiant,Provence-Alpes-Côte d'Azur,Bouches-du-Rhône (13),30,25,15,70,A,1,0,1,303,0,409,0,0,True,True,0.11959201430850293,0.880407985691497,Toujours inscrit
5755260,Bac+2,"Banque, assurance, finance, immobilier",_ETUDIANT / ÉLÈVE,Provence-Alpes-Côte d'Azur,Bouches-du-Rhône (13),30,25,15,70,A,0,0,0,79,1,115,0,0,False,True,0.119291104050834,0.880708895949166,Toujours inscrit
6176951,Bac+2,Sport,Etudiant,Provence-Alpes-Côte d'Azur,Bouches-du-Rhône (13),30,30,10,70,A,1,1,1,1,0,2,0,0,False,False,0.15575094204198817,0.8442490579580119,Toujours inscrit
5738685,4ème,"Digital, Informatique, multimédia",Collégien,Provence-Alpes-Côte d'Azur,Bouches-du-Rhône (13),30,30,10,70,A,1,1,6,0,0,0,0,0,,,0.3010614345448697,0.6989385654551302,Toujours inscrit
8919965,Bac +5 et au delà,Technologie industrielle,_ETUDIANT / ÉLÈVE,Provence-Alpes-Côte d'Azur,Bouches-du-Rhône (13),30,25,15,70,A,1,0,1,1,1,1,0,0,False,False,0.11279012882535196,0.887209871174648,Toujours inscrit
7539661,Terminale,"Génie civil, bâtiment",Lycéen,Provence-Alpes-Côte d'Azur,Bouches-du-Rhône (13),30,25,15,70,A,0,0,0,38,1,240,0,0,True,True,0.20694690141240557,0.7930530985875944,Toujours inscrit
8778933,Terminale technologique,"Lettres, langues et sciences humaines",Lycéen,Provence-Alpes-Côte d'Azur,Bouches-du-Rhône (13),30,30,10,70,A,1,1,1,3,0,3,0,0,True,True,0.14951785525060932,0.8504821447493907,Toujours inscrit
5450697,Terminale,"Armée, défense, sécurité",_ETUDIANT / ÉLÈVE,Provence-Alpes-Côte d'Azur,Bouches-du-Rhône (13),30,30,10,70,A,1,1,2,0,0,0,0,0,True,True,0.20537897310513448,0.7946210268948656,Toujours inscrit
7257785,Terminale,"Santé, paramédical",_ETUDIANT / ÉLÈVE,Provence-Alpes-Côte d'Azur,Bouches-du-Rhône (13),30,30,10,70,A,1,1,3,0,0,69,0,0,True,True,0.24333360515371444,0.7566663948462856,Toujours inscrit
8668561,Bac +5 et au delà,"Arts, audiovisuel, culture",_ETUDIANT / ÉLÈVE,Provence-Alpes-Côte d'Azur,Bouches-du-Rhône (13),30,30,10,70,A,1,1,1,4,0,60,0,0,True,True,0.1360741498919595,0.8639258501080405,Toujours inscrit
7267560,Terminale Pro,Je ne sais pas quoi faire,_ETUDIANT / ÉLÈVE,Provence-Alpes-Côte d'Azur,Bouches-du-Rhône (13),30,15,25,70,A,1,1,1,16,3,61,0,0,True,False,0.14589388026239308,0.8541061197376069,Toujours inscrit
5295588,Seconde Générale et Technologique,"Mécanique, aéronautique, automobile",Parent,Provence-Alpes-Côte d'Azur,Bouches-du-Rhône (13),30,25,15,70,A,1,0,1,23,0,220,0,0,True,False,0.2867573705771231,0.7132426294228769,Toujours inscrit
7893044,Terminale,"Santé, paramédical",_ETUDIANT / ÉLÈVE,Provence-Alpes-Côte d'Azur,Bouches-du-Rhône (13),30,30,10,70,A,1,1,1,1,0,2,0,0,False,False,0.19656019656019655,0.8034398034398035,Toujours inscrit
5627726,Terminale technologique,"Arts, audiovisuel, culture",Lycéen,Provence-Alpes-Côte d'Azur,Bouches-du-Rhône (13),30,25,15,70,A,0,0,0,190,2,199,0,0,False,False,0.07197102465241266,0.9280289753475873,Toujours inscrit
7864932,Seconde Générale et Technologique,"Armée, défense, sécurité",_ETUDIANT / ÉLÈVE,Provence-Alpes-Côte d'Azur,Bouches-du-Rhône (13),30,30,10,70,A,1,1,1,1,0,3,0,0,False,False,0.20931787784217565,0.7906821221578243,Toujours inscrit
8187724,Bac+2,"Communication, information, journalisme",_ETUDIANT / ÉLÈVE,Provence-Alpes-Côte d'Azur,Bouches-du-Rhône (13),30,30,10,70,A,1,1,1,1,0,2,0,0,False,False,0.11279012882535196,0.887209871174648,Toujours inscrit
8800957,Bac+3,"Comptabilité, gestion, ressources humaines",Etudiant,Normandie,Calvados (14),30,30,10,70,A,1,1,1,1,0,1,0,0,False,False,0.14627573569041716,0.8537242643095828,Toujours inscrit
7365602,Terminale technologique,"Action sociale, animation, sciences sociales",Parent,Normandie,Calvados (14),30,30,10,70,A,1,1,1,1,0,21,0,0,True,True,0.11811398634703921,0.8818860136529608,Toujours inscrit
6661824,Seconde Générale et Technologique,Economie,Lycéen,Normandie,Calvados (14),30,35,5,70,A,1,0,1,0,0,1,1,1,False,False,0.17493333333333333,0.8250666666666666,Toujours inscrit
7997112,Bac+1,"Digital, Informatique, multimédia",_ETUDIANT / ÉLÈVE,Normandie,Calvados (14),30,30,10,70,A,1,1,1,2,0,2,0,0,False,False,0.1406741573033708,0.8593258426966293,Toujours inscrit
7981652,3ème,"Sciences de la matière (chimie, physique, matériaux, optique…)",Parent,Normandie,Calvados (14),30,25,15,70,A,1,0,2,2,0,1,0,0,False,False,0.19216646266829865,0.8078335373317014,Toujours inscrit
9011328,Terminale,"Sciences de la Terre (environnement, agriculture, agronomie ...)",_ETUDIANT / ÉLÈVE,Normandie,Calvados (14),30,30,10,70,A,1,1,1,4,0,19,0,0,True,True,0.1600790513833992,0.8399209486166008,Toujours inscrit
8052655,4ème,"Vétérinaire, soins aux animaux",Collégien,Nouvelle-Aquitaine,Charente-Maritime (17),30,25,15,70,A,1,0,1,2,1,2,0,0,False,False,0.15893043933054393,0.841069560669456,Toujours inscrit
8133180,Seconde Générale et Technologique,"Architecture, géographie, aménagement",Lycéen,Nouvelle-Aquitaine,Charente-Maritime (17),30,30,10,70,A,1,1,1,1,0,2,0,0,False,False,0.14157220305569246,0.8584277969443075,Toujours inscrit
8113444,Première,"Mécanique, aéronautique, automobile",Parent,Nouvelle-Aquitaine,Charente-Maritime (17),30,30,10,70,A,1,1,2,0,0,1,0,0,False,False,0.11961944541130061,0.8803805545886993,Toujours inscrit
6324346,Terminale,"Armée, défense, sécurité",Lycéen,Nouvelle-Aquitaine,Charente-Maritime (17),30,25,15,70,A,1,0,1,6,0,179,0,0,True,True,0.11496581413015954,0.8850341858698405,Toujours inscrit
7427811,Terminale technologique,"Action sociale, animation, sciences sociales","En recherche d'emploi, de stage / Jeune diplômé",Nouvelle-Aquitaine,Charente-Maritime (17),30,25,15,70,A,0,0,0,26,1,51,0,0,True,False,0.2029769959404601,0.79702300405954,Toujours inscrit
7096069,Première technologique,"Secretariat, assistant de gestion",Lycéen,Bretagne,Côtes d'Armor (22),30,25,15,70,A,0,0,0,50,2,139,0,0,True,,0.11186440677966102,0.888135593220339,Toujours inscrit
7387580,Bac+3,Je ne sais pas quoi faire,_ETUDIANT / ÉLÈVE,Bretagne,Côtes d'Armor (22),30,15,25,70,A,1,1,2,294,2,154,0,0,False,False,0.15337931034482757,0.8466206896551725,Toujours inscrit
6146461,Terminale,Sport,Lycéen,Nouvelle-Aquitaine,Deux-Sèvres (79),30,30,10,70,A,1,1,1,2,0,226,0,0,True,True,0.15393322014714206,0.8460667798528579,Toujours inscrit
7283542,Terminale Générale Agricole,"Commerce, vente, marketing",_ETUDIANT / ÉLÈVE,Nouvelle-Aquitaine,Deux-Sèvres (79),30,30,10,70,A,1,1,1,2,0,4,0,0,False,False,0.1949609083625715,0.8050390916374285,Toujours inscrit
8967519,Première Pro,"Communication, information, journalisme",Lycéen,Nouvelle-Aquitaine,Deux-Sèvres (79),30,30,10,70,A,1,1,1,1,0,1,0,0,False,False,0.11020503261882572,0.8897949673811743,Toujours inscrit
6171121,Première,"Arts, audiovisuel, culture",Lycéen,Nouvelle-Aquitaine,Deux-Sèvres (79),30,30,10,70,A,1,1,2,0,0,1,0,0,False,False,0.1949609083625715,0.8050390916374285,Toujours inscrit
8858908,3ème,Sport,_ETUDIANT / ÉLÈVE,Nouvelle-Aquitaine,Deux-Sèvres (79),30,30,10,70,A,1,1,1,1,0,9,0,0,True,False,0.14084507042253522,0.8591549295774648,Toujours inscrit
8896362,Seconde Générale et Technologique,Economie,_ETUDIANT / ÉLÈVE,Bourgogne-Franche-Comté,Doubs (25),30,30,10,70,A,1,1,1,1,0,1,0,0,False,True,0.22772277227722773,0.7722772277227723,Toujours inscrit
8240352,Bac+3,Luxe,Etudiant,Bourgogne-Franche-Comté,Doubs (25),30,30,10,70,A,1,1,1,2,0,4,0,0,True,True,0.16174354412495748,0.8382564558750425,Toujours inscrit
8872233,Bac+2,"Commerce, vente, marketing",_ETUDIANT / ÉLÈVE,Bourgogne-Franche-Comté,Doubs (25),30,25,15,70,A,1,0,1,9,0,19,0,0,True,False,0.18136805428204658,0.8186319457179534,Toujours inscrit
8660897,Seconde Générale et Technologique,Luxe,Lycéen,Auvergne-Rhône-Alpes,Drôme (26),30,30,10,70,A,1,1,1,1,0,1,0,0,False,False,0.13747540061849872,0.8625245993815013,Toujours inscrit
6114782,Terminale technologique,"Santé, paramédical",_ETUDIANT / ÉLÈVE,Auvergne-Rhône-Alpes,Drôme (26),30,30,10,70,A,1,1,2,0,0,0,0,0,,,0.19001787432971265,0.8099821256702874,Toujours inscrit
6543583,Bac+1,"Comptabilité, gestion, ressources humaines",_ETUDIANT / ÉLÈVE,Île-de-France,Essonne (91),30,25,15,70,A,0,0,0,63,1,248,0,0,True,True,0.1278968997232395,0.8721031002767605,Toujours inscrit
7693069,Terminale,"Secretariat, assistant de gestion",_ETUDIANT / ÉLÈVE,Île-de-France,Essonne (91),30,30,10,70,A,1,1,1,1,0,3,0,0,False,False,0.21165048543689322,0.7883495145631068,Toujours inscrit
7676542,Terminale technologique,Luxe,"En recherche d'emploi, de stage / Jeune diplômé",Île-de-France,Essonne (91),30,25,15,70,A,0,0,0,197,1,202,0,0,True,False,0.16042790594907108,0.8395720940509289,Toujours inscrit
7187950,3ème,"Tourisme, hôtellerie, restauration",Parent,Île-de-France,Essonne (91),30,30,10,70,A,1,1,3,0,0,3,0,0,False,False,0.1280671439150827,0.8719328560849173,Toujours inscrit
6105258,Première,"Communication, information, journalisme",Lycéen,Île-de-France,Essonne (91),30,30,10,70,A,1,1,4,0,0,3,0,0,False,False,0.25636711724778094,0.7436328827522191,Toujours inscrit
7045666,Bac+2,"Santé, paramédical",Etudiant,Île-de-France,Essonne (91),30,25,15,70,A,1,0,2,2,0,3,0,0,False,False,0.16683831101956745,0.8331616889804325,Toujours inscrit
6541015,Terminale,"Droit, science politique, administration publique",Lycéen,Île-de-France,Essonne (91),30,25,15,70,A,0,0,0,16,1,197,0,0,True,True,0.14330413016270338,0.8566958698372966,Toujours inscrit
6804328,4ème,Technologie industrielle,Collégien,Île-de-France,Essonne (91),30,30,10,70,A,1,1,1,1,0,1,0,0,False,False,0.1278968997232395,0.8721031002767605,Toujours inscrit
5067983,Bac+3,"Sciences de la matière (chimie, physique, matériaux, optique…)",Etudiant,Île-de-France,Essonne (91),30,25,15,70,A,0,0,0,13,1,98,0,0,True,True,0.3217678645187939,0.6782321354812061,Toujours inscrit
8538380,Terminale,"Action sociale, animation, sciences sociales",Lycéen,Île-de-France,Essonne (91),30,25,15,70,A,1,0,1,88,0,97,0,0,True,True,0.20939954395743604,0.790600456042564,Toujours inscrit
8249104,Première,"Droit, science politique, administration publique",Lycéen,Île-de-France,Essonne (91),30,30,10,70,A,1,1,2,0,0,159,0,0,True,True,0.2251986845711154,0.7748013154288846,Toujours inscrit
8255543,Terminale,Economie,Lycéen,Île-de-France,Essonne (91),30,25,15,70,A,1,0,1,77,0,134,0,0,True,True,0.08385744234800839,0.9161425576519916,Toujours inscrit
8789842,Terminale,"Commerce, vente, marketing",_ETUDIANT / ÉLÈVE,Normandie,Eure (27),30,30,10,70,A,1,1,1,1,0,1,0,0,False,False,0.13559501722767028,0.8644049827723297,Toujours inscrit
7093445,Terminale,Economie,_ETUDIANT / ÉLÈVE,Normandie,Eure (27),30,30,10,70,A,1,1,1,2,0,3,0,0,False,False,0.15848702719599875,0.8415129728040013,Toujours inscrit
7093946,Terminale Pro,"Banque, assurance, finance, immobilier",Lycéen,Normandie,Eure (27),30,30,10,70,A,1,1,1,1,0,1,0,0,False,False,0.11974895397489539,0.8802510460251046,Toujours inscrit
8080066,Première,Sport,Parent,Normandie,Eure (27),30,30,10,70,A,1,1,1,2,0,7,0,0,False,True,0.16094103750369132,0.8390589624963087,Toujours inscrit
6105014,Bac+3,"International, études à l'étranger",_ETUDIANT / ÉLÈVE,Bretagne,Finistère (29),30,30,10,70,A,1,1,1,4,0,17,0,0,True,False,0.1864529347957093,0.8135470652042907,Toujours inscrit
7841208,Bac+2,Economie,_ETUDIANT / ÉLÈVE,Bretagne,Finistère (29),30,30,10,70,A,1,1,1,2,0,3,0,0,False,False,0.1579982126899017,0.8420017873100983,Toujours inscrit
6017646,Bac+3,"Armée, défense, sécurité","En recherche d'emploi, de stage / Jeune diplômé",Bretagne,Finistère (29),30,30,10,70,A,1,1,2,0,0,0,0,0,,,0.1534578495709238,0.8465421504290762,Toujours inscrit
7680693,Bac+1,"Tourisme, hôtellerie, restauration",Etudiant,Occitanie,Gard (30),30,25,15,70,A,0,0,0,31,2,57,0,0,True,False,0.1356842545510577,0.8643157454489423,Toujours inscrit
7027181,Bac+2,"Armée, défense, sécurité",_ETUDIANT / ÉLÈVE,Occitanie,Gard (30),30,25,15,70,A,1,0,1,20,0,113,0,0,True,True,0.16313976377952755,0.8368602362204725,Toujours inscrit
6322072,Première technologique,"Banque, assurance, finance, immobilier",Lycéen,Occitanie,Gard (30),30,30,10,70,A,1,1,1,1,0,6,0,0,False,True,0.1306363253265908,0.8693636746734091,Toujours inscrit
7967067,Terminale technologique,"Santé, paramédical",Lycéen,Occitanie,Gard (30),30,25,15,70,A,1,0,1,72,0,175,0,0,True,True,0.13048368953880765,0.8695163104611924,Toujours inscrit
5511550,Terminale,"Mécanique, aéronautique, automobile",Lycéen,Occitanie,Gard (30),30,25,15,70,A,0,0,0,319,1,335,0,0,True,True,0.22045454545454546,0.7795454545454545,Toujours inscrit
6293107,Terminale technologique,Luxe,Parent,Nouvelle-Aquitaine,Gironde (33),30,30,10,70,A,1,1,2,0,0,2,0,0,False,False,0.18893561954060176,0.8110643804593982,Toujours inscrit
8349315,Bac+2,"Digital, Informatique, multimédia",_ETUDIANT / ÉLÈVE,Nouvelle-Aquitaine,Gironde (33),30,30,10,70,A,1,1,1,5,0,90,0,0,True,True,0.16242185691132208,0.837578143088678,Toujours inscrit
6103393,3ème,"Arts, audiovisuel, culture",Parent,Nouvelle-Aquitaine,Gironde (33),30,30,10,70,A,1,1,2,0,0,0,0,0,,,0.13988964621876016,0.8601103537812399,Toujours inscrit
4888142,Bac+4,"Sciences de la vie (biologie, biotechnologies...)",_ETUDIANT / ÉLÈVE,Nouvelle-Aquitaine,Gironde (33),30,25,15,70,A,1,0,1,1,1,4,0,0,False,False,0.22802520559649686,0.7719747944035031,Toujours inscrit
9075803,Bac+1,Luxe,_ETUDIANT / ÉLÈVE,Nouvelle-Aquitaine,Gironde (33),30,30,10,70,A,1,1,1,1,0,1,0,0,False,False,0.23857588135345284,0.7614241186465471,Toujours inscrit
6255990,3ème,"Arts, audiovisuel, culture",Parent,Nouvelle-Aquitaine,Gironde (33),30,25,15,70,A,1,0,2,4,0,129,0,0,True,True,0.11055606678059682,0.8894439332194032,Toujours inscrit
7462291,Bac+3,Sport,Etudiant,Nouvelle-Aquitaine,Gironde (33),30,30,10,70,A,1,1,1,1,0,2,0,0,False,False,0.1875986842105263,0.8124013157894737,Toujours inscrit
7174076,Première,"Education, formation",Lycéen,Nouvelle-Aquitaine,Gironde (33),30,30,10,70,A,1,1,2,0,0,3,0,0,False,False,0.20997229916897506,0.7900277008310249,Toujours inscrit
8685650,Terminale Générale Agricole,Sport,Lycéen,Nouvelle-Aquitaine,Gironde (33),30,30,10,70,A,1,1,1,1,0,2,0,0,False,False,0.21128617575318082,0.7887138242468191,Toujours inscrit
8875575,Première,"Lettres, langues et sciences humaines",Lycéen,Nouvelle-Aquitaine,Gironde (33),30,30,10,70,A,1,1,1,1,0,1,0,0,False,False,0.23857588135345284,0.7614241186465471,Toujours inscrit
7456884,Seconde Générale et Technologique,"Transport, logistique",_ETUDIANT / ÉLÈVE,Nouvelle-Aquitaine,Gironde (33),30,30,10,70,A,1,1,2,0,0,0,0,0,False,False,0.20997229916897506,0.7900277008310249,Toujours inscrit
7200971,Terminale Pro,"Armée, défense, sécurité",Parent,Nouvelle-Aquitaine,Gironde (33),30,25,15,70,A,1,0,1,2,1,2,0,0,False,False,0.15237745548008078,0.8476225445199193,Toujours inscrit
6233299,Terminale,"Digital, Informatique, multimédia",Parent,Nouvelle-Aquitaine,Gironde (33),30,25,15,70,A,1,0,1,148,0,162,0,0,True,True,0.23857588135345284,0.7614241186465471,Toujours inscrit
8871503,Première,"Banque, assurance, finance, immobilier",_ETUDIANT / ÉLÈVE,Nouvelle-Aquitaine,Gironde (33),30,25,15,70,A,1,0,1,4,1,35,0,0,True,True,0.2072480181200453,0.7927519818799547,Toujours inscrit
8402903,Bac+2,"Architecture, géographie, aménagement",_ETUDIANT / ÉLÈVE,Nouvelle-Aquitaine,Gironde (33),30,25,15,70,A,0,0,0,66,1,69,0,0,False,False,0.12769617573111022,0.8723038242688897,Toujours inscrit
5572000,Bac+1,"Commerce, vente, marketing",Etudiant,Occitanie,Haute-Garonne (31),30,25,15,70,A,1,0,1,24,0,133,0,0,True,True,0.24108351876927817,0.7589164812307219,Toujours inscrit
9068709,Bac+1,"Communication, information, journalisme",_ETUDIANT / ÉLÈVE,Occitanie,Haute-Garonne (31),30,25,15,70,A,1,0,1,6,0,8,0,0,True,True,0.24108351876927817,0.7589164812307219,Toujours inscrit
7566280,Bac+2,"Lettres, langues et sciences humaines",_ETUDIANT / ÉLÈVE,Occitanie,Haute-Garonne (31),30,25,15,70,A,0,0,0,176,1,196,0,0,True,True,0.24108351876927817,0.7589164812307219,Toujours inscrit
7759647,Bac+2,"Tourisme, hôtellerie, restauration",Etudiant,Occitanie,Haute-Garonne (31),30,30,10,70,A,1,1,2,0,0,1,0,0,False,False,0.27977203759899344,0.7202279624010066,Toujours inscrit
6991605,4ème,"Transport, logistique",Parent,Occitanie,Haute-Garonne (31),30,30,10,70,A,1,1,3,0,0,2,0,0,False,False,0.3409785932721712,0.6590214067278287,Toujours inscrit
8590635,Terminale,"Lettres, langues et sciences humaines",Parent,Occitanie,Haute-Garonne (31),30,30,10,70,A,1,1,1,2,0,39,0,0,True,True,0.19982761749228814,0.8001723825077118,Toujours inscrit
7751741,Première,"Education, formation",Lycéen,Occitanie,Haute-Garonne (31),30,25,15,70,A,1,0,1,2,1,3,0,0,False,False,0.24730192155830483,0.7526980784416952,Toujours inscrit
5299356,Terminale,"Commerce, vente, marketing",Lycéen,Occitanie,Haute-Garonne (31),30,25,15,70,A,1,0,1,348,0,398,0,0,True,True,0.14212230901124023,0.8578776909887598,Toujours inscrit
8761443,Terminale,Economie,Parent,Occitanie,Haute-Garonne (31),30,30,10,70,A,1,1,1,1,0,1,0,0,False,True,0.27,0.73,Toujours inscrit
8009605,Terminale,"Commerce, vente, marketing",Lycéen,Occitanie,Haute-Garonne (31),30,30,10,70,A,1,1,1,2,0,2,0,0,False,False,0.29359228806351007,0.7064077119364899,Toujours inscrit
7209205,Première,(Vide),_ETUDIANT / ÉLÈVE,Auvergne-Rhône-Alpes,Haute-Savoie (74),30,15,25,70,A,1,1,2,296,2,154,0,0,True,True,0.3725758612822268,0.6274241387177732,Toujours inscrit
5454161,Bac+1,"Santé, paramédical",Etudiant,Auvergne-Rhône-Alpes,Haute-Savoie (74),30,25,15,70,A,1,0,1,13,0,126,0,0,True,True,0.16721635883905014,0.8327836411609498,Toujours inscrit
5245061,Première,"International, études à l'étranger",_ETUDIANT / ÉLÈVE,Auvergne-Rhône-Alpes,Haute-Savoie (74),30,30,10,70,A,1,1,2,0,0,0,0,0,True,True,0.13243121108656356,0.8675687889134365,Toujours inscrit
4695118,Terminale,"Sciences de la vie (biologie, biotechnologies...)",_ETUDIANT / ÉLÈVE,Auvergne-Rhône-Alpes,Haute-Savoie (74),30,25,15,70,A,1,0,1,5,1,82,0,0,True,True,0.19079754601226995,0.80920245398773,Toujours inscrit
8280377,Première,"Lettres, langues et sciences humaines",Lycéen,Auvergne-Rhône-Alpes,Haute-Savoie (74),30,30,10,70,A,1,1,1,1,0,108,0,0,True,True,0.13858034486406431,0.8614196551359357,Toujours inscrit
6036480,Première technologique,"Architecture, géographie, aménagement",Parent,Île-de-France,Hauts-de-Seine (92),30,25,15,70,A,1,0,1,12,0,26,0,0,True,True,0.3891043509877591,0.6108956490122409,Toujours inscrit
7128894,Seconde Générale et Technologique,"Comptabilité, gestion, ressources humaines",Parent,Île-de-France,Hauts-de-Seine (92),30,25,15,70,A,1,0,4,4,0,3,0,0,False,False,0.3891043509877591,0.6108956490122409,Toujours inscrit
8263111,Seconde Générale et Technologique,"Sciences de la vie (biologie, biotechnologies...)",Lycéen,Île-de-France,Hauts-de-Seine (92),30,25,15,70,A,0,0,0,11,2,147,0,0,True,False,0.37857869874990213,0.6214213012500979,Toujours inscrit
8009802,Bac+1,"Armée, défense, sécurité",_ETUDIANT / ÉLÈVE,Île-de-France,Hauts-de-Seine (92),30,30,10,70,A,1,1,1,2,0,2,0,0,False,False,0.19307177958591798,0.806928220414082,Toujours inscrit
8115963,Terminale,"Energie, électricité",Parent,Île-de-France,Hauts-de-Seine (92),30,30,10,70,A,1,1,1,2,0,2,0,0,False,False,0.38207547169811323,0.6179245283018868,Toujours inscrit
8871525,Terminale,"Armée, défense, sécurité",Parent,Île-de-France,Hauts-de-Seine (92),30,35,5,70,A,0,0,0,1,0,1,1,1,False,False,0.43824520231651465,0.5617547976834854,Toujours inscrit
5403177,Terminale,"Droit, science politique, administration publique",Lycéen,Île-de-France,Hauts-de-Seine (92),30,25,15,70,A,0,0,0,20,1,23,0,0,True,True,0.3817810665986221,0.6182189334013779,Toujours inscrit
8927460,Bac +5 et au delà,"Architecture, géographie, aménagement","En recherche d'emploi, de stage / Jeune diplômé",Île-de-France,Hauts-de-Seine (92),30,30,10,70,A,1,1,1,1,0,1,0,0,False,False,0.43824520231651465,0.5617547976834854,Toujours inscrit
6879076,Terminale,"Communication, information, journalisme",_ETUDIANT / ÉLÈVE,Île-de-France,Hauts-de-Seine (92),30,25,15,70,A,0,0,0,352,1,384,0,0,True,True,0.37857869874990213,0.6214213012500979,Toujours inscrit
7752332,Bac+3,"Energie, électricité",_ETUDIANT / ÉLÈVE,Île-de-France,Hauts-de-Seine (92),30,30,10,70,A,1,1,1,1,0,3,0,0,False,False,0.37857869874990213,0.6214213012500979,Toujours inscrit
8770772,Première technologique,"Transport, logistique",_ETUDIANT / ÉLÈVE,Île-de-France,Hauts-de-Seine (92),30,30,10,70,A,1,1,1,1,0,1,0,0,False,False,0.3945911607223886,0.6054088392776114,Toujours inscrit
6414702,Première,Luxe,Parent,Île-de-France,Hauts-de-Seine (92),30,25,15,70,A,1,0,1,148,0,151,0,0,True,False,0.41394405295750586,0.5860559470424941,Toujours inscrit
5481605,Bac +5 et au delà,"Droit, science politique, administration publique","En recherche d'emploi, de stage / Jeune diplômé",Île-de-France,Hauts-de-Seine (92),30,25,15,70,A,0,0,0,42,2,283,0,0,True,True,0.41394405295750586,0.5860559470424941,Toujours inscrit
6995280,Terminale,"Sciences de la vie (biologie, biotechnologies...)",Parent,Île-de-France,Hauts-de-Seine (92),30,30,10,70,A,1,1,2,0,0,3,0,0,False,False,0.37857869874990213,0.6214213012500979,Toujours inscrit
5577225,3ème,"Architecture, géographie, aménagement",_ETUDIANT / ÉLÈVE,Île-de-France,Hauts-de-Seine (92),30,30,10,70,A,1,1,2,0,0,0,0,0,True,True,0.41394405295750586,0.5860559470424941,Toujours inscrit
7473593,Seconde Pro,"Santé, paramédical",_ETUDIANT / ÉLÈVE,Île-de-France,Hauts-de-Seine (92),30,25,15,70,A,1,0,1,9,0,151,0,0,True,True,0.3557320301364284,0.6442679698635716,Toujours inscrit
5329486,Première,"Arts, audiovisuel, culture",_ETUDIANT / ÉLÈVE,Île-de-France,Hauts-de-Seine (92),30,30,10,70,A,1,1,2,0,0,0,0,0,,,0.39116329368144603,0.608836706318554,Toujours inscrit
5186554,Terminale,"Droit, science politique, administration publique",Lycéen,Île-de-France,Hauts-de-Seine (92),30,25,15,70,A,0,0,0,135,1,200,0,0,False,False,0.3891043509877591,0.6108956490122409,Toujours inscrit
6775040,Terminale,Sport,Lycéen,Île-de-France,Hauts-de-Seine (92),30,30,10,70,A,1,1,5,0,0,1,0,0,,,0.37857869874990213,0.6214213012500979,Toujours inscrit
6985038,6ème,(Vide),Parent,Île-de-France,Hauts-de-Seine (92),30,15,25,70,A,1,1,2,6,2,40,0,0,False,False,0.3084548282803636,0.6915451717196365,Toujours inscrit
8457683,Bac+2,"Energie, électricité",Etudiant,Île-de-France,Hauts-de-Seine (92),30,25,15,70,A,0,0,0,10,2,98,0,0,True,True,0.41135798912456334,0.5886420108754367,Toujours inscrit
8484992,Bac +5 et au delà,"Droit, science politique, administration publique",_ETUDIANT / ÉLÈVE,Île-de-France,Hauts-de-Seine (92),30,25,15,70,A,0,0,0,60,1,114,0,0,True,True,0.3084548282803636,0.6915451717196365,Toujours inscrit
6573396,Seconde Générale et Technologique,"Sciences de la matière (chimie, physique, matériaux, optique…)",_ETUDIANT / ÉLÈVE,Île-de-France,Hauts-de-Seine (92),30,25,15,70,A,1,0,1,37,0,114,0,0,True,True,0.2586796350805346,0.7413203649194654,Toujours inscrit
6866513,Terminale,Je ne sais pas quoi faire,Lycéen,Île-de-France,Hauts-de-Seine (92),30,15,25,70,A,1,1,1,251,6,258,0,0,True,True,0.3435872128091243,0.6564127871908757,Toujours inscrit
8170157,Bac +5 et au delà,"Armée, défense, sécurité",Etudiant,Île-de-France,Hauts-de-Seine (92),30,25,15,70,A,1,0,1,105,0,112,0,0,True,True,0.37857869874990213,0.6214213012500979,Toujours inscrit
8141847,Terminale technologique,"Mécanique, aéronautique, automobile",_ETUDIANT / ÉLÈVE,Occitanie,Hérault (34),30,25,15,70,A,1,0,1,5,1,15,0,0,True,False,0.17950108177149857,0.8204989182285014,Toujours inscrit
9054236,Bac+1,"Electronique, automatique",Etudiant,Occitanie,Hérault (34),30,25,15,70,A,1,0,1,60,0,137,0,0,True,False,0.17950108177149857,0.8204989182285014,Toujours inscrit
8322249,Bac+2,Luxe,_ETUDIANT / ÉLÈVE,Occitanie,Hérault (34),30,25,15,70,A,0,0,0,114,1,125,0,0,True,True,0.17950108177149857,0.8204989182285014,Toujours inscrit
4816885,4ème,"Santé, paramédical",Collégien,Occitanie,Hérault (34),30,30,10,70,A,1,1,1,1,0,2,0,0,False,False,0.18691384950926937,0.8130861504907306,Toujours inscrit
8910761,Première,"Sciences de la vie (biologie, biotechnologies...)",Lycéen,Occitanie,Hérault (34),30,30,10,70,A,1,1,1,5,0,28,0,0,True,True,0.21955128205128205,0.780448717948718,Toujours inscrit
8303906,Bac+3,"Education, formation",_ETUDIANT / ÉLÈVE,Occitanie,Hérault (34),30,25,15,70,A,0,0,0,41,1,52,0,0,True,True,0.17950108177149857,0.8204989182285014,Toujours inscrit
6349121,Bac+2,"International, études à l'étranger",_ETUDIANT / ÉLÈVE,Occitanie,Hérault (34),30,30,10,70,A,1,1,3,0,0,0,0,0,,,0.17950108177149857,0.8204989182285014,Toujours inscrit
8952130,Bac+2,"Commerce, vente, marketing",Etudiant,Occitanie,Hérault (34),30,30,10,70,A,1,1,1,1,0,1,0,0,False,False,0.17950108177149857,0.8204989182285014,Toujours inscrit
5368903,Terminale Pro,"Arts, audiovisuel, culture",Lycéen,Occitanie,Hérault (34),30,30,10,70,A,1,1,1,2,0,3,0,0,False,False,0.17950108177149857,0.8204989182285014,Toujours inscrit
6296314,Terminale technologique,"Banque, assurance, finance, immobilier",_ETUDIANT / ÉLÈVE,Occitanie,Hérault (34),30,25,15,70,A,1,0,1,221,0,377,0,0,True,True,0.17950108177149857,0.8204989182285014,Toujours inscrit
5298895,Première,"Santé, paramédical",Parent,Occitanie,Hérault (34),30,30,10,70,A,1,1,2,0,0,0,0,0,,,0.16434004848282202,0.835659951517178,Toujours inscrit
6154950,Terminale,"Tourisme, hôtellerie, restauration",_ETUDIANT / ÉLÈVE,Occitanie,Hérault (34),30,30,10,70,A,1,1,2,0,0,0,0,0,,,0.17950108177149857,0.8204989182285014,Toujours inscrit
7287278,Terminale,"Banque, assurance, finance, immobilier",Lycéen,Occitanie,Hérault (34),30,30,10,70,A,1,1,1,2,0,3,0,0,False,False,0.2689842687900563,0.7310157312099437,Toujours inscrit
8421479,Terminale,"Commerce, vente, marketing",Lycéen,Occitanie,Hérault (34),30,25,15,70,A,0,0,0,21,1,135,0,0,True,True,0.11681148635338921,0.8831885136466108,Toujours inscrit
6808025,Terminale technologique,Sport,Parent,Occitanie,Hérault (34),30,30,10,70,A,1,1,1,1,0,2,0,0,False,False,0.14470738727214583,0.8552926127278542,Toujours inscrit
9086460,4ème,"Electronique, automatique",Parent,Occitanie,Hérault (34),30,30,10,70,A,1,1,1,1,0,1,0,0,False,False,0.2082126875493551,0.7917873124506449,Toujours inscrit
7507195,3ème,"Santé, paramédical",_ETUDIANT / ÉLÈVE,Occitanie,Hérault (34),30,25,15,70,A,0,0,0,69,2,78,0,0,True,True,0.17950108177149857,0.8204989182285014,Toujours inscrit
7741839,Bac+4,"Armée, défense, sécurité",_ETUDIANT / ÉLÈVE,Occitanie,Hérault (34),30,30,10,70,A,1,1,1,2,0,3,0,0,False,False,0.17950108177149857,0.8204989182285014,Toujours inscrit
9074781,Bac+3,"Commerce, vente, marketing",Etudiant,Occitanie,Hérault (34),30,30,10,70,A,1,1,1,1,0,1,0,0,False,False,0.17950108177149857,0.8204989182285014,Toujours inscrit
7698780,Première technologique,"Architecture, géographie, aménagement",Lycéen,Occitanie,Hérault (34),30,25,15,70,A,1,0,1,81,0,104,0,0,True,True,0.14211357389321014,0.8578864261067899,Toujours inscrit
9024737,Bac+2,"Banque, assurance, finance, immobilier",_ETUDIANT / ÉLÈVE,Bretagne,Ille-et-Vilaine (35),30,30,10,70,A,1,1,1,1,0,1,0,0,False,False,0.20305434804517694,0.796945651954823,Toujours inscrit
8136130,Bac+4,"Armée, défense, sécurité",Etudiant,Bretagne,Ille-et-Vilaine (35),30,30,10,70,A,1,1,1,1,0,2,0,0,False,False,0.20305434804517694,0.796945651954823,Toujours inscrit
7221818,4ème,"Banque, assurance, finance, immobilier",Parent,Bretagne,Ille-et-Vilaine (35),30,30,10,70,A,1,1,3,0,0,3,0,0,False,False,0.13470319634703196,0.865296803652968,Toujours inscrit
5544075,Première,"Sciences de la matière (chimie, physique, matériaux, optique…)",_ETUDIANT / ÉLÈVE,Bretagne,Ille-et-Vilaine (35),30,25,15,70,A,1,0,2,2,0,2,0,0,False,False,0.1069026265214606,0.8930973734785393,Toujours inscrit
6936405,4ème,Sport,Collégien,Bretagne,Ille-et-Vilaine (35),30,30,10,70,A,1,1,1,1,0,1,0,0,False,False,0.20305434804517694,0.796945651954823,Toujours inscrit
6598156,Terminale,"International, études à l'étranger","En recherche d'emploi, de stage / Jeune diplômé",Bretagne,Ille-et-Vilaine (35),30,25,15,70,A,0,0,0,11,2,37,0,0,True,True,0.16935816099530362,0.8306418390046963,Toujours inscrit
7696928,Terminale Pro,"Communication, information, journalisme",Lycéen,Bretagne,Ille-et-Vilaine (35),30,25,15,70,A,1,0,1,139,0,192,0,0,True,True,0.09970135538708937,0.9002986446129106,Toujours inscrit
7149234,Terminale,"International, études à l'étranger",_ETUDIANT / ÉLÈVE,Bretagne,Ille-et-Vilaine (35),30,30,10,70,A,1,1,1,2,0,24,0,0,False,True,0.21464458503907705,0.785355414960923,Toujours inscrit
6317689,Première,"Arts, audiovisuel, culture",Lycéen,Bretagne,Ille-et-Vilaine (35),30,30,10,70,A,1,1,1,2,0,2,0,0,False,False,0.20305434804517694,0.796945651954823,Toujours inscrit
7192997,Seconde Générale et Technologique,"Droit, science politique, administration publique",Parent,Bretagne,Ille-et-Vilaine (35),30,30,10,70,A,1,1,1,3,0,21,0,0,False,True,0.19104178591871782,0.8089582140812822,Toujours inscrit
6125049,Première,"Lettres, langues et sciences humaines",_ETUDIANT / ÉLÈVE,Bretagne,Ille-et-Vilaine (35),30,30,10,70,A,1,1,2,0,0,0,0,0,,,0.2851072049449488,0.7148927950550512,Toujours inscrit
4986318,Seconde Pro,"Commerce, vente, marketing",_ETUDIANT / ÉLÈVE,Bretagne,Ille-et-Vilaine (35),30,25,15,70,A,0,0,0,323,1,337,0,0,True,True,0.20305434804517694,0.796945651954823,Toujours inscrit
5523089,Première,"Sciences de la vie (biologie, biotechnologies...)",_ETUDIANT / ÉLÈVE,Bretagne,Ille-et-Vilaine (35),30,25,15,70,A,1,0,1,13,0,175,0,0,True,True,0.16679314008195478,0.8332068599180452,Toujours inscrit
6347457,Bac+3,"Génie civil, bâtiment",_ETUDIANT / ÉLÈVE,Bretagne,Ille-et-Vilaine (35),30,30,10,70,A,1,1,2,0,0,0,0,0,,,0.11751922433968573,0.8824807756603142,Toujours inscrit
7155809,3ème,"Arts, audiovisuel, culture",Parent,Bretagne,Ille-et-Vilaine (35),30,30,10,70,A,1,1,2,0,0,2,0,0,False,False,0.19435629127712498,0.805643708722875,Toujours inscrit
6994847,Première,"Sciences de la vie (biologie, biotechnologies...)",_ETUDIANT / ÉLÈVE,Bretagne,Ille-et-Vilaine (35),30,25,15,70,A,0,0,0,165,2,192,0,0,True,True,0.22429766885833832,0.7757023311416616,Toujours inscrit
6767849,Bac+3,"Architecture, géographie, aménagement",Etudiant,Bretagne,Ille-et-Vilaine (35),30,25,15,70,A,0,0,0,6,2,35,0,0,True,True,0.20305434804517694,0.796945651954823,Toujours inscrit
4696534,Seconde Générale et Technologique,"Armée, défense, sécurité",Lycéen,Bretagne,Ille-et-Vilaine (35),30,30,10,70,A,1,1,2,0,0,1,0,0,False,False,0.19435629127712498,0.805643708722875,Toujours inscrit
5576493,Terminale,"Commerce, vente, marketing",_ETUDIANT / ÉLÈVE,Bretagne,Ille-et-Vilaine (35),30,25,15,70,A,0,0,0,13,1,13,0,0,True,False,0.1205648404683171,0.8794351595316829,Toujours inscrit
8869713,3ème,Economie,Parent,Bretagne,Ille-et-Vilaine (35),30,30,10,70,A,1,1,1,1,0,1,0,0,False,False,0.20305434804517694,0.796945651954823,Toujours inscrit
7571905,Terminale,"Comptabilité, gestion, ressources humaines",_ETUDIANT / ÉLÈVE,Centre-Val de Loire,Indre-et-Loire (37),30,25,15,70,A,0,0,0,192,2,222,0,0,True,True,0.18497652582159624,0.8150234741784037,Toujours inscrit
5296549,Terminale,Economie,Lycéen,Centre-Val de Loire,Indre-et-Loire (37),30,30,10,70,A,1,1,1,1,0,1,0,0,,,0.22691921726041145,0.7730807827395886,Toujours inscrit
7032960,Première,"Lettres, langues et sciences humaines",Lycéen,Auvergne-Rhône-Alpes,Isère (38),30,30,10,70,A,1,1,3,0,0,5,0,0,False,False,0.22120771944386802,0.778792280556132,Toujours inscrit
8906880,Seconde Générale et Technologique,"Santé, paramédical",Parent,Auvergne-Rhône-Alpes,Isère (38),30,30,10,70,A,1,1,1,1,0,1,0,0,False,False,0.1227905731119443,0.8772094268880557,Toujours inscrit
6989199,Seconde Générale et Technologique,"Arts, audiovisuel, culture",_ETUDIANT / ÉLÈVE,Auvergne-Rhône-Alpes,Isère (38),30,30,10,70,A,1,1,1,1,0,2,0,0,False,False,0.3607374943327792,0.6392625056672208,Toujours inscrit
9003539,Terminale Pro,"Cosmétique, esthétique, soins personnels",Lycéen,Auvergne-Rhône-Alpes,Isère (38),30,25,15,70,A,1,0,1,27,0,28,0,0,True,True,0.20522388059701493,0.7947761194029851,Toujours inscrit
9046065,CAP/BEP,"Architecture, géographie, aménagement","En recherche d'emploi, de stage / Jeune diplômé",Auvergne-Rhône-Alpes,Isère (38),30,25,15,70,A,1,0,1,8,0,8,0,0,True,True,0.1227905731119443,0.8772094268880557,Toujours inscrit
8238394,Première,"Commerce, vente, marketing",Parent,Auvergne-Rhône-Alpes,Isère (38),30,25,15,70,A,1,0,1,29,0,33,0,0,True,True,0.2117310443490701,0.7882689556509299,Toujours inscrit
6580354,Seconde Générale et Technologique,"Sciences de la matière (chimie, physique, matériaux, optique…)",_ETUDIANT / ÉLÈVE,Auvergne-Rhône-Alpes,Isère (38),30,25,15,70,A,0,0,0,21,2,126,0,0,True,True,0.19931224209078405,0.800687757909216,Toujours inscrit
7304273,Seconde Générale et Technologique,Luxe,_ETUDIANT / ÉLÈVE,Auvergne-Rhône-Alpes,Isère (38),30,30,10,70,A,1,1,1,1,0,32,0,0,True,True,0.20528181929331213,0.7947181807066879,Toujours inscrit
8741298,Bac+2,"Génie civil, bâtiment",Etudiant,Auvergne-Rhône-Alpes,Isère (38),30,30,10,70,A,1,1,1,3,0,33,0,0,True,True,0.26145900581020015,0.7385409941897999,Toujours inscrit
7542180,Première technologique,"Droit, science politique, administration publique",Lycéen,Auvergne-Rhône-Alpes,Isère (38),30,25,15,70,A,0,0,0,67,1,108,0,0,True,True,0.15449377563502914,0.8455062243649708,Toujours inscrit
8766282,Terminale technologique,"International, études à l'étranger",Lycéen,Auvergne-Rhône-Alpes,Isère (38),30,30,10,70,A,1,1,1,1,0,1,0,0,False,False,0.3077362260919212,0.6922637739080788,Toujours inscrit
8762951,Bac +5 et au delà,"Education, formation","En recherche d'emploi, de stage / Jeune diplômé",Auvergne-Rhône-Alpes,Isère (38),30,30,10,70,A,1,1,1,1,0,1,0,0,False,False,0.13531166232491412,0.8646883376750859,Toujours inscrit
6209626,3ème,"Commerce, vente, marketing",Parent,Auvergne-Rhône-Alpes,Loire (42),30,30,10,70,A,1,1,2,0,0,0,0,0,,,0.11208181304280795,0.887918186957192,Toujours inscrit
7452685,4ème,"Action sociale, animation, sciences sociales",Collégien,Auvergne-Rhône-Alpes,Loire (42),30,30,10,70,A,1,1,1,2,0,2,0,0,False,False,0.13762465468936738,0.8623753453106326,Toujours inscrit
7930897,Bac+3,"Sciences de la vie (biologie, biotechnologies...)",_ETUDIANT / ÉLÈVE,Auvergne-Rhône-Alpes,Loire (42),30,30,10,70,A,1,1,1,2,0,2,0,0,False,False,0.13762465468936738,0.8623753453106326,Toujours inscrit
5346332,Bac+3,Economie,Etudiant,Auvergne-Rhône-Alpes,Loire (42),30,30,10,70,A,1,1,5,0,0,2,0,0,False,False,0.11476173831993476,0.8852382616800653,Toujours inscrit
5365812,4ème,"Mécanique, aéronautique, automobile",Parent,Auvergne-Rhône-Alpes,Loire (42),30,25,15,70,A,0,0,0,19,1,548,0,0,True,True,0.13762465468936738,0.8623753453106326,Toujours inscrit
8690485,Première,"Sciences de la vie (biologie, biotechnologies...)",Lycéen,Auvergne-Rhône-Alpes,Loire (42),30,30,10,70,A,1,1,1,2,0,36,0,0,True,False,0.17038007863695936,0.8296199213630406,Toujours inscrit
7910465,Première,(Vide),Parent,Auvergne-Rhône-Alpes,Loire (42),30,15,25,70,A,1,1,2,78,2,69,0,0,True,True,0.2426133999167707,0.7573866000832293,Toujours inscrit
8061673,Première,"Architecture, géographie, aménagement",_ETUDIANT / ÉLÈVE,Auvergne-Rhône-Alpes,Loire (42),30,30,10,70,A,1,1,1,2,0,3,0,0,False,False,0.2062937062937063,0.7937062937062938,Toujours inscrit
5382049,Seconde Générale et Technologique,"Sciences de la matière (chimie, physique, matériaux, optique…)",Parent,Auvergne-Rhône-Alpes,Loire (42),30,30,10,70,A,1,1,2,0,0,1,0,0,False,False,0.13762465468936738,0.8623753453106326,Toujours inscrit
8130601,Seconde Générale et Technologique,"Comptabilité, gestion, ressources humaines",_ETUDIANT / ÉLÈVE,Auvergne-Rhône-Alpes,Loire (42),30,30,10,70,A,1,1,1,1,0,2,0,0,False,False,0.11208181304280795,0.887918186957192,Toujours inscrit
6997264,Seconde Générale et Technologique,"Droit, science politique, administration publique",Lycéen,Auvergne-Rhône-Alpes,Loire (42),30,30,10,70,A,1,1,1,2,0,61,0,0,True,True,0.11476173831993476,0.8852382616800653,Toujours inscrit
5023582,Terminale,"International, études à l'étranger",Lycéen,Pays de la Loire,Loire-Atlantique (44),30,30,10,70,A,1,1,1,2,0,3,0,0,True,True,0.23244402813032358,0.7675559718696764,Toujours inscrit
7003382,Première technologique,"Santé, paramédical",_ETUDIANT / ÉLÈVE,Pays de la Loire,Loire-Atlantique (44),30,25,15,70,A,1,0,1,259,0,280,0,0,True,True,0.14336115652697703,0.856638843473023,Toujours inscrit
7961594,Terminale technologique,"Sciences de la Terre (environnement, agriculture, agronomie ...)",Lycéen,Pays de la Loire,Loire-Atlantique (44),30,25,15,70,A,1,0,1,237,0,266,0,0,True,True,0.07949862637362637,0.9205013736263736,Toujours inscrit
7961442,Première,"Action sociale, animation, sciences sociales",_ETUDIANT / ÉLÈVE,Pays de la Loire,Loire-Atlantique (44),30,25,15,70,A,1,0,1,9,0,153,0,0,True,False,0.07949862637362637,0.9205013736263736,Toujours inscrit
6185047,Terminale,"Santé, paramédical",Lycéen,Pays de la Loire,Loire-Atlantique (44),30,30,10,70,A,1,1,2,0,0,0,0,0,,,0.06778679026651217,0.9322132097334879,Toujours inscrit
6999068,Seconde Générale et Technologique,"Sciences de la matière (chimie, physique, matériaux, optique…)",_ETUDIANT / ÉLÈVE,Pays de la Loire,Loire-Atlantique (44),30,30,10,70,A,1,1,2,0,0,1,0,0,,,0.17217378562532054,0.8278262143746795,Toujours inscrit
8748884,4ème,"Cosmétique, esthétique, soins personnels",_ETUDIANT / ÉLÈVE,Pays de la Loire,Loire-Atlantique (44),30,30,10,70,A,1,1,1,1,0,1,0,0,False,False,0.2216010733452594,0.7783989266547406,Toujours inscrit
8679477,Bac+2,"Comptabilité, gestion, ressources humaines",Etudiant,Pays de la Loire,Loire-Atlantique (44),30,30,10,70,A,1,1,1,1,0,2,0,0,False,False,0.17217378562532054,0.8278262143746795,Toujours inscrit
6000023,Bac+2,"Comptabilité, gestion, ressources humaines",Etudiant,Pays de la Loire,Loire-Atlantique (44),30,30,10,70,A,1,1,2,0,0,0,0,0,,,0.21627598407784165,0.7837240159221583,Toujours inscrit
6099899,3ème,"Cosmétique, esthétique, soins personnels",_ETUDIANT / ÉLÈVE,Pays de la Loire,Loire-Atlantique (44),30,30,10,70,A,1,1,2,0,0,0,0,0,True,False,0.1690830010873505,0.8309169989126495,Toujours inscrit
8757501,Terminale,"Santé, paramédical",_ETUDIANT / ÉLÈVE,Pays de la Loire,Loire-Atlantique (44),30,25,15,70,A,1,0,1,11,0,42,0,0,True,False,0.1487643748470761,0.851235625152924,Toujours inscrit
8757553,3ème,Technologie industrielle,_ETUDIANT / ÉLÈVE,Pays de la Loire,Loire-Atlantique (44),30,25,15,70,A,1,0,1,11,0,11,0,0,True,True,0.13990267639902676,0.8600973236009732,Toujours inscrit
8740949,3ème,Luxe,_ETUDIANT / ÉLÈVE,Pays de la Loire,Loire-Atlantique (44),30,30,10,70,A,1,1,1,4,0,16,0,0,True,True,0.29200026036581395,0.707999739634186,Toujours inscrit
8762455,Première technologique,"International, études à l'étranger",Lycéen,Pays de la Loire,Loire-Atlantique (44),30,30,10,70,A,1,1,1,1,0,1,0,0,False,False,0.15656565656565657,0.8434343434343434,Toujours inscrit
5301585,Première,"Sciences de la vie (biologie, biotechnologies...)",Parent,Pays de la Loire,Loire-Atlantique (44),30,25,15,70,A,1,0,2,2,0,3,0,0,True,False,0.24259931489339945,0.7574006851066005,Toujours inscrit
8874294,Terminale,"Architecture, géographie, aménagement",Lycéen,Pays de la Loire,Loire-Atlantique (44),30,30,10,70,A,1,1,1,2,0,2,0,0,False,False,0.20217928761102463,0.7978207123889753,Toujours inscrit
8745568,Seconde Générale et Technologique,Economie,Parent,Pays de la Loire,Loire-Atlantique (44),30,30,10,70,A,1,1,1,1,0,1,0,0,False,False,0.23244402813032358,0.7675559718696764,Toujours inscrit
7945972,Première,"Architecture, géographie, aménagement",_ETUDIANT / ÉLÈVE,Pays de la Loire,Loire-Atlantique (44),30,30,10,70,A,1,1,1,4,0,149,0,0,True,True,0.23244402813032358,0.7675559718696764,Toujours inscrit
6608165,Terminale,"Vétérinaire, soins aux animaux",_ETUDIANT / ÉLÈVE,Pays de la Loire,Loire-Atlantique (44),30,25,15,70,A,0,0,0,10,1,31,0,0,False,False,0.136745406824147,0.8632545931758531,Toujours inscrit
8018636,Seconde Générale et Technologique,"Cosmétique, esthétique, soins personnels",_ETUDIANT / ÉLÈVE,Pays de la Loire,Loire-Atlantique (44),30,30,10,70,A,1,1,1,1,0,3,0,0,False,False,0.14044548651817115,0.8595545134818289,Toujours inscrit
6821276,Terminale Pro,"Education, formation",_ETUDIANT / ÉLÈVE,Pays de la Loire,Loire-Atlantique (44),30,30,10,70,A,1,1,1,2,0,3,0,0,False,False,0.23244402813032358,0.7675559718696764,Toujours inscrit
7427981,Bac +5 et au delà,"Digital, Informatique, multimédia",_ETUDIANT / ÉLÈVE,Pays de la Loire,Loire-Atlantique (44),30,30,10,70,A,1,1,1,2,0,2,0,0,False,False,0.18012117242508596,0.819878827574914,Toujours inscrit
5394716,Terminale,"International, études à l'étranger",_ETUDIANT / ÉLÈVE,Pays de la Loire,Loire-Atlantique (44),30,25,15,70,A,0,0,0,230,1,239,0,0,True,False,0.06133575647432985,0.9386642435256701,Toujours inscrit
5415353,Terminale technologique,"Energie, électricité",_ETUDIANT / ÉLÈVE,Pays de la Loire,Loire-Atlantique (44),30,25,15,70,A,0,0,0,39,1,401,0,0,True,True,0.1963337330820627,0.8036662669179373,Toujours inscrit
8782641,Bac+2,"Sciences de la Terre (environnement, agriculture, agronomie ...)",Etudiant,Centre-Val de Loire,Loiret (45),30,30,10,70,A,1,1,1,1,0,1,0,0,False,False,0.1850961861164436,0.8149038138835564,Toujours inscrit
4978314,Première,"Droit, science politique, administration publique",Lycéen,Centre-Val de Loire,Loiret (45),30,25,15,70,A,0,0,0,79,1,252,0,0,True,True,0.1850961861164436,0.8149038138835564,Toujours inscrit
5365678,3ème,"Mécanique, aéronautique, automobile",_ETUDIANT / ÉLÈVE,Centre-Val de Loire,Loiret (45),30,30,10,70,A,1,1,1,1,0,1,0,0,False,False,0.1850961861164436,0.8149038138835564,Toujours inscrit
5481546,Seconde Générale et Technologique,"Lettres, langues et sciences humaines",_ETUDIANT / ÉLÈVE,Centre-Val de Loire,Loiret (45),30,25,15,70,A,0,0,0,243,1,255,0,0,True,True,0.2090625,0.7909375,Toujours inscrit
7025078,Terminale,"Architecture, géographie, aménagement",_ETUDIANT / ÉLÈVE,Pays de la Loire,Maine-et-Loire (49),30,30,10,70,A,1,1,1,1,0,1,0,0,False,False,0.10592472802117024,0.8940752719788297,Toujours inscrit
7944934,Bac+1,"Digital, Informatique, multimédia",_ETUDIANT / ÉLÈVE,Pays de la Loire,Maine-et-Loire (49),30,30,10,70,A,1,1,1,5,0,44,0,0,True,True,0.11326027397260274,0.8867397260273973,Toujours inscrit
7036034,Terminale,(Vide),Parent,Normandie,Manche (50),30,15,25,70,A,1,1,1,91,15,126,0,0,True,True,0.10304287690179806,0.896957123098202,Toujours inscrit
7955678,Seconde Générale et Technologique,"Commerce, vente, marketing",Lycéen,Normandie,Manche (50),30,25,15,70,A,0,0,0,125,1,134,0,0,True,True,0.1084920387137059,0.8915079612862941,Toujours inscrit
8796956,Terminale Pro,"International, études à l'étranger",Parent,Normandie,Manche (50),30,30,10,70,A,1,1,1,1,0,1,0,0,False,False,0.12938928258619317,0.8706107174138068,Toujours inscrit
4960881,Première,"Sciences de la matière (chimie, physique, matériaux, optique…)",_ETUDIANT / ÉLÈVE,Normandie,Manche (50),30,30,10,70,A,1,1,2,0,0,2,0,0,False,,0.1084920387137059,0.8915079612862941,Toujours inscrit
6725959,3ème,"Vétérinaire, soins aux animaux",Collégien,Bretagne,Morbihan (56),30,25,15,70,A,0,0,0,141,1,148,0,0,True,True,0.13283208020050125,0.8671679197994987,Toujours inscrit
7132328,Première,"Electronique, automatique",Parent,Bretagne,Morbihan (56),30,25,15,70,A,1,0,5,5,0,4,0,0,False,False,0.1762607355208104,0.8237392644791897,Toujours inscrit
5252888,Seconde Générale et Technologique,Economie,Parent,Bretagne,Morbihan (56),30,30,10,70,A,1,1,2,0,0,0,0,0,,,0.1403595173602561,0.8596404826397439,Toujours inscrit
8104055,Terminale,Economie,Parent,Bretagne,Morbihan (56),30,25,15,70,A,1,0,1,8,0,8,0,0,False,True,0.1450922172100725,0.8549077827899275,Toujours inscrit
7639492,Première,"Lettres, langues et sciences humaines",Lycéen,Bretagne,Morbihan (56),30,25,15,70,A,0,0,0,69,1,103,0,0,True,True,0.3012273212379936,0.6987726787620064,Toujours inscrit
7125564,Terminale,Sport,Parent,Bretagne,Morbihan (56),30,30,10,70,A,1,1,2,0,0,2,0,0,False,False,0.13198263386396528,0.8680173661360348,Toujours inscrit
8352179,Première,"Arts, audiovisuel, culture",Lycéen,Grand Est,Moselle (57),30,25,15,70,A,1,0,1,8,0,11,0,0,False,True,0.16748197267818965,0.8325180273218103,Toujours inscrit
7460053,Bac+2,"Banque, assurance, finance, immobilier",_ETUDIANT / ÉLÈVE,Grand Est,Moselle (57),30,30,10,70,A,1,1,1,2,0,4,0,0,False,False,0.10469047115994085,0.8953095288400592,Toujours inscrit
6641391,Bac+1,"Lettres, langues et sciences humaines",Etudiant,Grand Est,Moselle (57),30,25,15,70,A,0,0,0,222,1,229,0,0,True,False,0.10554997848845547,0.8944500215115445,Toujours inscrit
8505910,Seconde Générale et Technologique,"Commerce, vente, marketing",Lycéen,Grand Est,Moselle (57),30,25,15,70,A,0,0,0,63,2,66,0,0,True,False,0.09790055248618784,0.9020994475138121,Toujours inscrit
6449640,Terminale Pro,"Architecture, géographie, aménagement",_ETUDIANT / ÉLÈVE,Grand Est,Moselle (57),30,25,15,70,A,1,0,1,2,1,72,0,0,True,False,0.1919932928107315,0.8080067071892685,Toujours inscrit
7646697,Terminale,Luxe,_ETUDIANT / ÉLÈVE,Grand Est,Moselle (57),30,30,10,70,A,1,1,1,1,0,136,0,0,True,True,0.17232972725887552,0.8276702727411245,Toujours inscrit
8295709,Bac+2,"Sciences de la Terre (environnement, agriculture, agronomie ...)",_ETUDIANT / ÉLÈVE,Grand Est,Moselle (57),30,30,10,70,A,1,1,1,2,0,3,0,0,False,False,0.1919932928107315,0.8080067071892685,Toujours inscrit
8402302,3ème,"Sciences de la vie (biologie, biotechnologies...)",Collégien,Grand Est,Moselle (57),30,25,15,70,A,0,0,0,7,1,56,0,0,True,True,0.16748197267818965,0.8325180273218103,Toujours inscrit
5993735,Terminale,"Armée, défense, sécurité",Parent,Hauts-de-France,Nord (59),30,30,10,70,A,1,1,2,0,0,0,0,0,,,0.19676351599852887,0.8032364840014711,Toujours inscrit
8222199,Première,"International, études à l'étranger",Parent,Hauts-de-France,Nord (59),30,25,15,70,A,1,0,1,2,1,2,0,0,False,False,0.15406162464985995,0.84593837535014,Toujours inscrit
6377400,Terminale,Economie,Parent,Hauts-de-France,Nord (59),30,30,10,70,A,1,1,4,0,0,0,0,0,,,0.09711599066487232,0.9028840093351277,Toujours inscrit
8086833,Terminale,Luxe,Lycéen,Hauts-de-France,Nord (59),30,30,10,70,A,1,1,1,2,0,3,0,0,False,False,0.11788287241459447,0.8821171275854055,Toujours inscrit
8693059,Terminale,"Sciences de la vie (biologie, biotechnologies...)",Parent,Hauts-de-France,Nord (59),30,25,15,70,A,0,0,0,15,1,54,0,0,True,True,0.057824100513992005,0.942175899486008,Toujours inscrit
6249509,Bac+1,"Banque, assurance, finance, immobilier",Etudiant,Hauts-de-France,Nord (59),30,30,10,70,A,1,1,2,0,0,3,0,0,False,False,0.36555674901539564,0.6344432509846044,Toujours inscrit
8934480,Seconde Générale et Technologique,"Mécanique, aéronautique, automobile",Parent,Hauts-de-France,Nord (59),30,30,10,70,A,1,1,1,1,0,1,0,0,False,False,0.33016476552598223,0.6698352344740177,Toujours inscrit
6217316,Seconde Générale et Technologique,"Architecture, géographie, aménagement",Parent,Hauts-de-France,Nord (59),30,30,10,70,A,1,1,6,0,0,2,0,0,False,False,0.10699068662569285,0.8930093133743071,Toujours inscrit
8205119,Bac+3,"Commerce, vente, marketing",Etudiant,Hauts-de-France,Nord (59),30,30,10,70,A,1,1,1,1,0,2,0,0,False,False,0.21324309428281882,0.7867569057171812,Toujours inscrit
7245438,Bac+2,"Arts, audiovisuel, culture",_ETUDIANT / ÉLÈVE,Hauts-de-France,Nord (59),30,30,10,70,A,1,1,1,1,0,4,0,0,False,False,0.2135855000235084,0.7864144999764916,Toujours inscrit
7069635,Seconde Générale et Technologique,"Cosmétique, esthétique, soins personnels",_ETUDIANT / ÉLÈVE,Hauts-de-France,Nord (59),30,25,15,70,A,1,0,1,181,0,205,0,0,True,True,0.049686192468619245,0.9503138075313807,Toujours inscrit
4899901,Seconde Générale et Technologique,"Commerce, vente, marketing",_ETUDIANT / ÉLÈVE,Hauts-de-France,Nord (59),30,30,10,70,A,1,1,1,2,0,2,0,0,False,False,0.19428085726428268,0.8057191427357173,Toujours inscrit
5562335,Seconde Générale et Technologique,"Droit, science politique, administration publique",Parent,Hauts-de-France,Nord (59),30,30,10,70,A,1,1,2,0,0,2,0,0,False,False,0.09943906170321265,0.9005609382967874,Toujours inscrit
8361961,Bac+2,"Electronique, automatique",_ETUDIANT / ÉLÈVE,Hauts-de-France,Nord (59),30,30,10,70,A,1,1,1,1,0,2,0,0,False,False,0.16235906331309627,0.8376409366869038,Toujours inscrit
6615948,Bac+1,"Commerce, vente, marketing",_ETUDIANT / ÉLÈVE,Hauts-de-France,Nord (59),30,30,10,70,A,1,1,1,1,0,2,0,0,False,False,0.1952202706593723,0.8047797293406277,Toujours inscrit
6376369,Première,"Droit, science politique, administration publique",Lycéen,Hauts-de-France,Nord (59),30,25,15,70,A,1,0,1,54,0,92,0,0,True,True,0.21324309428281882,0.7867569057171812,Toujours inscrit
8906043,Seconde Générale et Technologique,"Commerce, vente, marketing",_ETUDIANT / ÉLÈVE,Hauts-de-France,Nord (59),30,30,10,70,A,1,1,1,4,0,6,0,0,False,False,0.11026767878545746,0.8897323212145426,Toujours inscrit
6360076,Première,"Lettres, langues et sciences humaines",_ETUDIANT / ÉLÈVE,Hauts-de-France,Nord (59),30,30,10,70,A,1,1,2,0,0,0,0,0,,,0.11608736296422198,0.883912637035778,Toujours inscrit
5570769,Terminale,"Action sociale, animation, sciences sociales",Parent,Hauts-de-France,Nord (59),30,25,15,70,A,0,0,0,226,1,236,0,0,True,True,0.1816059367964646,0.8183940632035354,Toujours inscrit
5986095,Bac+1,"Mécanique, aéronautique, automobile",Etudiant,Hauts-de-France,Nord (59),30,30,10,70,A,1,1,2,0,0,0,0,0,,,0.2839645220329438,0.7160354779670561,Toujours inscrit
8857494,Terminale technologique,"Santé, paramédical",Lycéen,Hauts-de-France,Nord (59),30,30,10,70,A,1,1,1,3,0,4,0,0,False,True,0.16235906331309627,0.8376409366869038,Toujours inscrit
7182900,Bac +5 et au delà,"Action sociale, animation, sciences sociales",_ETUDIANT / ÉLÈVE,Hauts-de-France,Nord (59),30,25,15,70,A,0,0,0,8,1,18,0,0,False,True,0.21324309428281882,0.7867569057171812,Toujours inscrit
5480100,Terminale,"Education, formation",_ETUDIANT / ÉLÈVE,Hauts-de-France,Nord (59),30,25,15,70,A,0,0,0,270,1,291,0,0,True,True,0.09947499309201437,0.9005250069079856,Toujours inscrit
8884286,Terminale,"Lettres, langues et sciences humaines",_ETUDIANT / ÉLÈVE,Hauts-de-France,Nord (59),30,25,15,70,A,1,0,1,32,0,36,0,0,True,True,0.15645246946362187,0.8435475305363781,Toujours inscrit
6380686,Terminale technologique,"Architecture, géographie, aménagement",Lycéen,Hauts-de-France,Nord (59),30,30,10,70,A,1,1,3,0,0,0,0,0,,,0.08470178553139189,0.9152982144686082,Toujours inscrit
7255882,Première,"Communication, information, journalisme",_ETUDIANT / ÉLÈVE,Hauts-de-France,Nord (59),30,25,15,70,A,1,0,1,9,0,37,0,0,False,True,0.33016476552598223,0.6698352344740177,Toujours inscrit
5971697,Terminale Générale Agricole,"Architecture, géographie, aménagement",Parent,Hauts-de-France,Nord (59),30,30,10,70,A,1,1,3,0,0,4,0,0,,,0.29088242483500365,0.7091175751649963,Toujours inscrit
8958002,Terminale Pro,"Energie, électricité",Lycéen,Hauts-de-France,Nord (59),30,30,10,70,A,1,1,1,1,0,2,0,0,False,True,0.2135855000235084,0.7864144999764916,Toujours inscrit
8908059,Seconde Générale et Technologique,Economie,Lycéen,Hauts-de-France,Nord (59),30,25,15,70,A,1,0,1,14,0,15,0,0,True,True,0.21324309428281882,0.7867569057171812,Toujours inscrit
8159980,Seconde Générale et Technologique,"Sciences de la Terre (environnement, agriculture, agronomie ...)",Parent,Hauts-de-France,Nord (59),30,30,10,70,A,1,1,2,0,0,0,0,0,,,0.1952202706593723,0.8047797293406277,Toujours inscrit
7299702,Première,"Droit, science politique, administration publique",Parent,Hauts-de-France,Nord (59),30,25,15,70,A,1,0,1,2,1,131,0,0,True,False,0.33016476552598223,0.6698352344740177,Toujours inscrit
7243307,Terminale technologique,Sport,Lycéen,Hauts-de-France,Nord (59),30,30,10,70,A,1,1,1,2,0,3,0,0,False,False,0.21324309428281882,0.7867569057171812,Toujours inscrit
8168984,Terminale,"Comptabilité, gestion, ressources humaines",_ETUDIANT / ÉLÈVE,Hauts-de-France,Nord (59),30,30,10,70,A,1,1,1,2,0,2,0,0,False,False,0.11709132550815918,0.8829086744918409,Toujours inscrit
7092641,4ème,"Sciences de la Terre (environnement, agriculture, agronomie ...)",Parent,Hauts-de-France,Nord (59),30,30,10,70,A,1,1,2,0,0,3,0,0,False,False,0.21324309428281882,0.7867569057171812,Toujours inscrit
8523647,Première,"Education, formation",Parent,Hauts-de-France,Nord (59),30,25,15,70,A,0,0,0,30,1,43,0,0,True,True,0.035106891605764634,0.9648931083942354,Toujours inscrit
6385252,Première,"International, études à l'étranger",_ETUDIANT / ÉLÈVE,Hauts-de-France,Nord (59),30,25,15,70,A,1,0,1,11,0,26,0,0,False,True,0.19428085726428268,0.8057191427357173,Toujours inscrit
6381054,Première Générale Agricole,"Santé, paramédical",Parent,Hauts-de-France,Nord (59),30,30,10,70,A,1,1,3,0,0,0,0,0,,,0.280614550384094,0.719385449615906,Toujours inscrit
5614716,Première,Sport,_ETUDIANT / ÉLÈVE,Hauts-de-France,Nord (59),30,30,10,70,A,1,1,3,0,0,0,0,0,,,0.16871269287081878,0.8312873071291812,Toujours inscrit
7985863,Terminale technologique,"International, études à l'étranger",Lycéen,Hauts-de-France,Nord (59),30,30,10,70,A,1,1,1,2,0,4,0,0,False,False,0.1281618887015177,0.8718381112984823,Toujours inscrit
5213750,Bac+1,Economie,Etudiant,Hauts-de-France,Oise (60),30,25,15,70,A,0,0,0,356,1,428,0,0,True,True,0.18143691451416924,0.8185630854858308,Toujours inscrit
7425162,Terminale technologique,"Droit, science politique, administration publique",_ETUDIANT / ÉLÈVE,Hauts-de-France,Oise (60),30,25,15,70,A,1,0,1,190,0,217,0,0,True,False,0.1340443582596049,0.8659556417403951,Toujours inscrit
6591884,Terminale,"Commerce, vente, marketing",_ETUDIANT / ÉLÈVE,Hauts-de-France,Oise (60),30,25,15,70,A,1,0,3,3,0,3,0,0,False,False,0.1667976424361493,0.8332023575638506,Toujours inscrit
6159741,Terminale,"Tourisme, hôtellerie, restauration",Lycéen,Hauts-de-France,Oise (60),30,25,15,70,A,1,0,1,50,0,78,0,0,False,True,0.09410729991204925,0.9058927000879508,Toujours inscrit
7027017,Seconde Pro,"Cosmétique, esthétique, soins personnels",Parent,Hauts-de-France,Oise (60),30,25,15,70,A,1,0,1,36,0,143,0,0,True,False,0.1468179691155826,0.8531820308844174,Toujours inscrit
8476783,Bac+2,"Sciences de la Terre (environnement, agriculture, agronomie ...)",_ETUDIANT / ÉLÈVE,Île-de-France,Paris (75),30,25,15,70,A,0,0,0,22,1,27,0,0,False,True,0.3553023737555222,0.6446976262444778,Toujours inscrit
8548522,Bac +5 et au delà,"Communication, information, journalisme","En recherche d'emploi, de stage / Jeune diplômé",Île-de-France,Paris (75),30,30,10,70,A,1,1,1,1,0,2,0,0,False,False,0.4322079396718236,0.5677920603281764,Toujours inscrit
8488831,Bac +5 et au delà,"Cosmétique, esthétique, soins personnels",Professionnel hors secteur de l'éducation,Île-de-France,Paris (75),30,30,10,70,A,1,1,7,0,0,0,0,0,False,False,0.3368189898567395,0.6631810101432605,Toujours inscrit
5787605,Terminale Pro,"Comptabilité, gestion, ressources humaines",_ETUDIANT / ÉLÈVE,Île-de-France,Paris (75),30,25,15,70,A,0,0,0,19,1,99,0,0,True,True,0.4037398457058192,0.5962601542941808,Toujours inscrit
6385545,Seconde Générale et Technologique,"Droit, science politique, administration publique",Parent,Île-de-France,Paris (75),30,30,10,70,A,1,1,5,0,0,0,0,0,,,0.46097499368527406,0.5390250063147259,Toujours inscrit
5601819,Bac+4,"Transport, logistique",Etudiant,Île-de-France,Paris (75),30,25,15,70,A,0,0,0,91,1,438,0,0,True,True,0.30719265481655644,0.6928073451834436,Toujours inscrit
7486387,Terminale,"Vétérinaire, soins aux animaux",_ETUDIANT / ÉLÈVE,Île-de-France,Paris (75),30,25,15,70,A,0,0,0,200,1,222,0,0,True,True,0.4477847040686373,0.5522152959313626,Toujours inscrit
8156498,Bac +5 et au delà,"Education, formation","En recherche d'emploi, de stage / Jeune diplômé",Île-de-France,Paris (75),30,25,15,70,A,1,0,2,2,0,2,0,0,False,False,0.3368189898567395,0.6631810101432605,Toujours inscrit
6834014,Première,"Armée, défense, sécurité",Lycéen,Île-de-France,Paris (75),30,30,10,70,A,1,1,1,1,0,1,0,0,False,False,0.4487578747176988,0.5512421252823012,Toujours inscrit
8498739,Terminale,"International, études à l'étranger",Lycéen,Île-de-France,Paris (75),30,30,10,70,A,1,1,2,0,0,2,0,0,False,False,0.4322079396718236,0.5677920603281764,Toujours inscrit
7764689,Bac +5 et au delà,"Banque, assurance, finance, immobilier","En recherche d'emploi, de stage / Jeune diplômé",Île-de-France,Paris (75),30,25,15,70,A,1,0,1,36,0,176,0,0,True,False,0.39740679705233045,0.6025932029476695,Toujours inscrit
7750338,Bac+1,"Action sociale, animation, sciences sociales",_ETUDIANT / ÉLÈVE,Île-de-France,Paris (75),30,25,15,70,A,0,0,0,21,1,152,0,0,True,True,,,Toujours inscrit
7678681,Terminale,"International, études à l'étranger",Parent,Île-de-France,Paris (75),30,30,10,70,A,1,1,2,0,0,3,0,0,False,False,0.4037398457058192,0.5962601542941808,Toujours inscrit
8088264,Première,"Sciences de la matière (chimie, physique, matériaux, optique…)",_ETUDIANT / ÉLÈVE,Île-de-France,Paris (75),30,30,10,70,A,1,1,1,2,0,3,0,0,False,False,0.4317053710158317,0.5682946289841683,Toujours inscrit
5825819,Première,"International, études à l'étranger",_ETUDIANT / ÉLÈVE,Île-de-France,Paris (75),30,25,15,70,A,0,0,0,13,2,125,0,0,True,True,0.39740679705233045,0.6025932029476695,Toujours inscrit
7652981,Terminale,"International, études à l'étranger",Lycéen,Île-de-France,Paris (75),30,30,10,70,A,1,1,3,0,0,0,0,0,False,False,0.39740679705233045,0.6025932029476695,Toujours inscrit
8261429,Terminale,(Vide),_ETUDIANT / ÉLÈVE,Île-de-France,Paris (75),30,15,25,70,A,1,1,1,117,15,129,0,0,True,True,0.39740679705233045,0.6025932029476695,Toujours inscrit
7474051,Seconde Générale et Technologique,"Digital, Informatique, multimédia",Lycéen,Île-de-France,Paris (75),30,25,15,70,A,0,0,0,27,1,175,0,0,True,False,0.4037398457058192,0.5962601542941808,Toujours inscrit
5131110,Terminale,Economie,Lycéen,Île-de-France,Paris (75),30,25,15,70,A,0,0,0,288,1,382,0,0,True,True,0.4251233327242828,0.5748766672757172,Toujours inscrit
8473362,Seconde Générale et Technologique,Je ne sais pas quoi faire,_ETUDIANT / ÉLÈVE,Île-de-France,Paris (75),30,15,25,70,A,1,1,2,138,2,74,0,0,True,True,0.4957668922794539,0.5042331077205461,Toujours inscrit
7500552,Terminale,"Droit, science politique, administration publique",Parent,Île-de-France,Paris (75),30,25,15,70,A,0,0,0,7,1,187,0,0,True,False,0.39740679705233045,0.6025932029476695,Toujours inscrit
5546258,Bac +5 et au delà,"Architecture, géographie, aménagement",Etudiant,Île-de-France,Paris (75),30,35,5,70,A,0,0,0,1,0,1,1,1,False,False,0.46251625401374624,0.5374837459862537,Toujours inscrit
7755943,Première,"Droit, science politique, administration publique",Lycéen,Île-de-France,Paris (75),30,30,10,70,A,1,1,4,0,0,2,0,0,False,False,0.4251233327242828,0.5748766672757172,Toujours inscrit
4970262,Terminale,"Mécanique, aéronautique, automobile",Lycéen,Île-de-France,Paris (75),30,25,15,70,A,1,0,2,2,0,2,0,0,False,False,0.39740679705233045,0.6025932029476695,Toujours inscrit
6034197,Terminale,"Mécanique, aéronautique, automobile",Lycéen,Île-de-France,Paris (75),30,25,15,70,A,1,0,1,21,0,46,0,0,False,True,0.46251625401374624,0.5374837459862537,Toujours inscrit
6571362,Première technologique,"Communication, information, journalisme",Lycéen,Île-de-France,Paris (75),30,25,15,70,A,0,0,0,13,2,132,0,0,True,True,0.30719265481655644,0.6928073451834436,Toujours inscrit
6946837,Terminale,"Arts, audiovisuel, culture",_ETUDIANT / ÉLÈVE,Île-de-France,Paris (75),30,25,15,70,A,1,0,1,63,0,66,0,0,True,True,0.30719265481655644,0.6928073451834436,Toujours inscrit
8340396,Terminale,"Banque, assurance, finance, immobilier",_ETUDIANT / ÉLÈVE,Île-de-France,Paris (75),30,25,15,70,A,0,0,0,38,1,160,0,0,True,False,0.30719265481655644,0.6928073451834436,Toujours inscrit
7593745,Première,"Santé, paramédical",_ETUDIANT / ÉLÈVE,Île-de-France,Paris (75),30,30,10,70,A,1,1,1,2,0,2,0,0,False,False,0.4322079396718236,0.5677920603281764,Toujours inscrit
8168111,Terminale,"Sciences de la vie (biologie, biotechnologies...)",_ETUDIANT / ÉLÈVE,Île-de-France,Paris (75),30,30,10,70,A,1,1,1,5,0,6,0,0,False,False,0.4037398457058192,0.5962601542941808,Toujours inscrit
5265518,Terminale,"Arts, audiovisuel, culture",Lycéen,Hauts-de-France,Pas-de-Calais (62),30,25,15,70,A,0,0,0,51,1,133,0,0,True,True,0.15310693053180227,0.8468930694681978,Toujours inscrit
8131430,Première,"Architecture, géographie, aménagement",Lycéen,Hauts-de-France,Pas-de-Calais (62),30,30,10,70,A,1,1,1,1,0,2,0,0,False,False,0.13568731956473462,0.8643126804352653,Toujours inscrit
7873656,Terminale,"Education, formation",_ETUDIANT / ÉLÈVE,Hauts-de-France,Pas-de-Calais (62),30,30,10,70,A,1,1,1,1,0,2,0,0,False,False,0.15310693053180227,0.8468930694681978,Toujours inscrit
6688731,Première Pro,"Sciences de la matière (chimie, physique, matériaux, optique…)",_ETUDIANT / ÉLÈVE,Hauts-de-France,Pas-de-Calais (62),30,25,15,70,A,0,0,0,52,1,57,0,0,True,False,0.08057590300580955,0.9194240969941905,Toujours inscrit
7055367,4ème,"Action sociale, animation, sciences sociales",_ETUDIANT / ÉLÈVE,Hauts-de-France,Pas-de-Calais (62),30,30,10,70,A,1,1,4,0,0,1,0,0,False,False,0.06514886164623468,0.9348511383537653,Toujours inscrit
7667834,Bac +5 et au delà,"Santé, paramédical",_ETUDIANT / ÉLÈVE,Hauts-de-France,Pas-de-Calais (62),30,25,15,70,A,0,0,0,52,1,172,0,0,True,,0.07017843421838982,0.9298215657816101,Toujours inscrit
7311028,Bac+4,"Génie civil, bâtiment",_ETUDIANT / ÉLÈVE,Hauts-de-France,Pas-de-Calais (62),30,30,10,70,A,1,1,2,0,0,1,0,0,False,False,0.07851321804810177,0.9214867819518983,Toujours inscrit
5462937,5ème,"Cosmétique, esthétique, soins personnels",Parent,Hauts-de-France,Pas-de-Calais (62),30,25,15,70,A,0,0,0,175,2,188,0,0,True,True,0.08245692548668605,0.917543074513314,Toujours inscrit
8189602,Terminale technologique,"Génie civil, bâtiment",_ETUDIANT / ÉLÈVE,Hauts-de-France,Pas-de-Calais (62),30,25,15,70,A,1,0,1,130,0,135,0,0,True,False,0.09846547314578005,0.90153452685422,Toujours inscrit
6378168,Terminale,"Sciences de la matière (chimie, physique, matériaux, optique…)",Lycéen,Hauts-de-France,Pas-de-Calais (62),30,25,15,70,A,1,0,1,80,0,428,0,0,True,True,0.10855829982768524,0.8914417001723147,Toujours inscrit
5991910,Terminale,"Banque, assurance, finance, immobilier",Lycéen,Hauts-de-France,Pas-de-Calais (62),30,30,10,70,A,1,1,2,0,0,0,0,0,,,0.13593539703903096,0.8640646029609691,Toujours inscrit
7868205,Bac+4,"Energie, électricité",_ETUDIANT / ÉLÈVE,Hauts-de-France,Pas-de-Calais (62),30,30,10,70,A,1,1,1,2,0,3,0,0,False,False,0.14528539451594852,0.8547146054840515,Toujours inscrit
7433192,Terminale,"Electronique, automatique",Lycéen,Hauts-de-France,Pas-de-Calais (62),30,25,15,70,A,1,0,1,12,0,99,0,0,True,True,0.14778846153846154,0.8522115384615384,Toujours inscrit
7284876,Terminale,"Action sociale, animation, sciences sociales",_ETUDIANT / ÉLÈVE,Hauts-de-France,Pas-de-Calais (62),30,30,10,70,A,1,1,1,1,0,3,0,0,False,False,0.07017843421838982,0.9298215657816101,Toujours inscrit
6559042,Bac+1,"Arts, audiovisuel, culture",_ETUDIANT / ÉLÈVE,Auvergne-Rhône-Alpes,Puy-de-Dôme (63),30,25,15,70,A,1,0,1,60,0,98,0,0,False,True,0.11109698741578747,0.8889030125842126,Toujours inscrit
8647277,Terminale technologique,"Architecture, géographie, aménagement","En recherche d'emploi, de stage / Jeune diplômé",Auvergne-Rhône-Alpes,Puy-de-Dôme (63),30,25,15,70,A,0,0,0,6,1,15,0,0,False,False,0.22812702527543746,0.7718729747245625,Toujours inscrit
6315384,Première,Sport,_ETUDIANT / ÉLÈVE,Auvergne-Rhône-Alpes,Puy-de-Dôme (63),30,30,10,70,A,1,1,2,0,0,0,0,0,,,0.2273381294964029,0.7726618705035971,Toujours inscrit
8201766,Seconde Générale et Technologique,Economie,_ETUDIANT / ÉLÈVE,Auvergne-Rhône-Alpes,Puy-de-Dôme (63),30,30,10,70,A,1,1,1,4,0,89,0,0,True,True,0.1598970251716247,0.8401029748283753,Toujours inscrit
7270801,Terminale,"Arts, audiovisuel, culture",_ETUDIANT / ÉLÈVE,Auvergne-Rhône-Alpes,Puy-de-Dôme (63),30,30,10,70,A,1,1,1,1,0,2,0,0,False,False,0.14520611394163965,0.8547938860583604,Toujours inscrit
8187104,Bac+1,"Santé, paramédical",Etudiant,Auvergne-Rhône-Alpes,Puy-de-Dôme (63),30,30,10,70,A,1,1,1,1,0,3,0,0,False,False,0.16474309471167578,0.8352569052883242,Toujours inscrit
8112522,3ème,Sport,_ETUDIANT / ÉLÈVE,Auvergne-Rhône-Alpes,Puy-de-Dôme (63),30,25,15,70,A,1,0,1,1,1,58,0,0,False,False,0.22400237353508382,0.7759976264649162,Toujours inscrit
8210030,Terminale,"Banque, assurance, finance, immobilier",Parent,Auvergne-Rhône-Alpes,Puy-de-Dôme (63),30,25,15,70,A,1,0,2,2,0,2,0,0,False,False,0.14228159457167092,0.8577184054283291,Toujours inscrit
7716619,Seconde Générale et Technologique,"Mécanique, aéronautique, automobile",Parent,Nouvelle-Aquitaine,Pyrénées-Atlantiques (64),30,25,15,70,A,0,0,0,15,2,70,0,0,False,False,0.18919190902686928,0.8108080909731307,Toujours inscrit
6839365,Première,Economie,_ETUDIANT / ÉLÈVE,Nouvelle-Aquitaine,Pyrénées-Atlantiques (64),30,30,10,70,A,1,1,1,2,0,2,0,0,False,False,0.16174252506432438,0.8382574749356756,Toujours inscrit
8579993,Première technologique,"Cosmétique, esthétique, soins personnels",Lycéen,Nouvelle-Aquitaine,Pyrénées-Atlantiques (64),30,30,10,70,A,1,1,1,2,0,2,0,0,False,False,0.1789715034392401,0.8210284965607599,Toujours inscrit
6830291,Seconde Générale et Technologique,"Communication, information, journalisme",_ETUDIANT / ÉLÈVE,Nouvelle-Aquitaine,Pyrénées-Atlantiques (64),30,30,10,70,A,1,1,1,4,0,71,0,0,True,True,0.1807377049180328,0.8192622950819672,Toujours inscrit
7423360,Terminale Pro,"Cosmétique, esthétique, soins personnels",_ETUDIANT / ÉLÈVE,Auvergne-Rhône-Alpes,Rhône (69),30,30,10,70,A,1,1,1,1,0,2,0,0,True,True,0.11952565457320653,0.8804743454267935,Toujours inscrit
6778418,Bac+3,"Sciences de la vie (biologie, biotechnologies...)",Etudiant,Auvergne-Rhône-Alpes,Rhône (69),30,25,15,70,A,1,0,1,59,0,100,0,0,False,True,0.1936645657690104,0.8063354342309896,Toujours inscrit
6398362,Bac+1,"Commerce, vente, marketing",Parent,Auvergne-Rhône-Alpes,Rhône (69),30,30,10,70,A,1,1,2,0,0,0,0,0,,,0.13731935743968243,0.8626806425603175,Toujours inscrit
8802535,Première,"Sciences de la vie (biologie, biotechnologies...)",_ETUDIANT / ÉLÈVE,Auvergne-Rhône-Alpes,Rhône (69),30,30,10,70,A,1,1,1,1,0,1,0,0,False,False,0.24462818183333612,0.7553718181666639,Toujours inscrit
7976731,Seconde Générale et Technologique,"Architecture, géographie, aménagement",Parent,Auvergne-Rhône-Alpes,Rhône (69),30,30,10,70,A,1,1,1,1,0,1,0,0,False,False,0.29559529122963624,0.7044047087703638,Toujours inscrit
5507433,Seconde Générale et Technologique,"Mécanique, aéronautique, automobile",_ETUDIANT / ÉLÈVE,Auvergne-Rhône-Alpes,Rhône (69),30,30,10,70,A,1,1,1,1,0,1,0,0,False,False,0.29559529122963624,0.7044047087703638,Toujours inscrit
8838023,Première,"Commerce, vente, marketing",Parent,Auvergne-Rhône-Alpes,Rhône (69),30,30,10,70,A,1,1,1,4,0,26,0,0,True,False,0.2763890687734749,0.7236109312265251,Toujours inscrit
6285236,Bac+1,Sport,_ETUDIANT / ÉLÈVE,Auvergne-Rhône-Alpes,Rhône (69),30,25,15,70,A,1,0,1,165,0,358,0,0,True,False,0.07769642951880737,0.9223035704811926,Toujours inscrit
6988535,Terminale,"Education, formation",Lycéen,Auvergne-Rhône-Alpes,Rhône (69),30,30,10,70,A,1,1,1,1,0,2,0,0,False,False,0.27399201339688267,0.7260079866031174,Toujours inscrit
9042677,Première,"Architecture, géographie, aménagement",_ETUDIANT / ÉLÈVE,Auvergne-Rhône-Alpes,Rhône (69),30,30,10,70,A,1,1,1,1,0,1,0,0,False,False,0.26626569675295647,0.7337343032470435,Toujours inscrit
5902698,3ème,Technologie industrielle,_ETUDIANT / ÉLÈVE,Auvergne-Rhône-Alpes,Rhône (69),30,25,15,70,A,1,0,1,15,0,16,0,0,False,True,0.3822156073075352,0.6177843926924649,Toujours inscrit
6308853,Première,"Architecture, géographie, aménagement",Parent,Auvergne-Rhône-Alpes,Rhône (69),30,30,10,70,A,1,1,3,0,0,0,0,0,,,0.2346128391793514,0.7653871608206486,Toujours inscrit
6310836,Seconde Générale et Technologique,"Electronique, automatique",Parent,Auvergne-Rhône-Alpes,Rhône (69),30,30,10,70,A,1,1,3,0,0,1,0,0,False,False,0.30118270799347474,0.6988172920065253,Toujours inscrit
8621066,Terminale technologique,"Santé, paramédical",Lycéen,Auvergne-Rhône-Alpes,Rhône (69),30,25,15,70,A,1,0,1,7,0,92,0,0,True,True,0.29559529122963624,0.7044047087703638,Toujours inscrit
7896707,Bac+1,"Tourisme, hôtellerie, restauration",Etudiant,Auvergne-Rhône-Alpes,Rhône (69),30,30,10,70,A,1,1,1,1,0,3,0,0,False,False,0.28938773632641795,0.710612263673582,Toujours inscrit
6126485,3ème,Sport,Collégien,Auvergne-Rhône-Alpes,Rhône (69),30,30,10,70,A,1,1,1,5,0,165,0,0,True,True,0.1661087102075598,0.8338912897924402,Toujours inscrit
7228517,Seconde Générale et Technologique,"Sciences de la Terre (environnement, agriculture, agronomie ...)",Parent,Auvergne-Rhône-Alpes,Rhône (69),30,30,10,70,A,1,1,3,0,0,1,0,0,False,False,0.33115671641791045,0.6688432835820896,Toujours inscrit
8881978,Bac+1,"Arts, audiovisuel, culture",_ETUDIANT / ÉLÈVE,Auvergne-Rhône-Alpes,Rhône (69),30,25,15,70,A,1,0,1,8,0,44,0,0,True,True,0.24365416827728387,0.7563458317227162,Toujours inscrit
8070472,Terminale,Sport,_ETUDIANT / ÉLÈVE,Auvergne-Rhône-Alpes,Rhône (69),30,30,10,70,A,1,1,2,0,0,0,0,0,,,0.4209707529558183,0.5790292470441817,Toujours inscrit
6298574,Bac+3,"Lettres, langues et sciences humaines",_ETUDIANT / ÉLÈVE,Auvergne-Rhône-Alpes,Rhône (69),30,30,10,70,A,1,1,1,1,0,4,0,0,False,False,0.3257956448911223,0.6742043551088778,Toujours inscrit
6037386,Première,Economie,Parent,Auvergne-Rhône-Alpes,Rhône (69),30,30,10,70,A,1,1,2,0,0,0,0,0,,,0.28938773632641795,0.710612263673582,Toujours inscrit
8695454,Terminale technologique,"Banque, assurance, finance, immobilier",Parent,Auvergne-Rhône-Alpes,Rhône (69),30,30,10,70,A,1,1,1,1,0,1,0,0,False,False,0.2655597722960152,0.7344402277039849,Toujours inscrit
8126997,Bac +5 et au delà,"Arts, audiovisuel, culture",_ETUDIANT / ÉLÈVE,Auvergne-Rhône-Alpes,Rhône (69),30,30,10,70,A,1,1,1,1,0,2,0,0,False,False,0.3338800801895389,0.666119919810461,Toujours inscrit
8023046,Bac +5 et au delà,"Mécanique, aéronautique, automobile",_ETUDIANT / ÉLÈVE,Auvergne-Rhône-Alpes,Rhône (69),30,30,10,70,A,1,1,1,2,0,3,0,0,False,False,0.2621158392434988,0.7378841607565012,Toujours inscrit
7495978,Seconde Générale et Technologique,"Banque, assurance, finance, immobilier",_ETUDIANT / ÉLÈVE,Auvergne-Rhône-Alpes,Rhône (69),30,25,15,70,A,1,0,1,27,0,78,0,0,True,False,0.0670995670995671,0.9329004329004329,Toujours inscrit
5667762,Bac+1,"Santé, paramédical",_ETUDIANT / ÉLÈVE,Auvergne-Rhône-Alpes,Rhône (69),30,25,15,70,A,1,0,1,6,0,84,0,0,False,True,0.0777793533749291,0.9222206466250709,Toujours inscrit
8124395,Bac+2,"Digital, Informatique, multimédia",_ETUDIANT / ÉLÈVE,Auvergne-Rhône-Alpes,Rhône (69),30,30,10,70,A,1,1,1,2,0,2,0,0,False,False,0.27831793874574623,0.7216820612542537,Toujours inscrit
7517468,Bac+2,"Sciences de la matière (chimie, physique, matériaux, optique…)",Etudiant,Auvergne-Rhône-Alpes,Rhône (69),30,30,10,70,A,1,1,2,0,0,0,0,0,,,0.0777793533749291,0.9222206466250709,Toujours inscrit
6026796,Seconde Générale et Technologique,"Arts, audiovisuel, culture",Lycéen,Pays de la Loire,Sarthe (72),30,25,15,70,A,0,0,0,244,1,303,0,0,True,True,0.11755301245371928,0.8824469875462807,Toujours inscrit
6983804,Terminale,"Mécanique, aéronautique, automobile",Lycéen,Pays de la Loire,Sarthe (72),30,25,15,70,A,1,0,2,4,0,4,0,0,False,False,0.15125186734389004,0.8487481326561099,Toujours inscrit
6134890,Terminale,"Sciences de la vie (biologie, biotechnologies...)",Lycéen,Auvergne-Rhône-Alpes,Savoie (73),30,30,10,70,A,1,1,2,0,0,0,0,0,,,0.13886379037723062,0.8611362096227694,Toujours inscrit
7450787,Bac+3,"Commerce, vente, marketing",_ETUDIANT / ÉLÈVE,Auvergne-Rhône-Alpes,Savoie (73),30,25,15,70,A,1,0,1,12,0,25,0,0,False,,0.19397568499364906,0.806024315006351,Toujours inscrit
7438019,4ème,Economie,Collégien,Auvergne-Rhône-Alpes,Savoie (73),30,25,15,70,A,1,0,1,10,0,44,0,0,True,True,0.1517721243748641,0.8482278756251359,Toujours inscrit
6954368,Seconde Générale et Technologique,"Arts, audiovisuel, culture",_ETUDIANT / ÉLÈVE,Normandie,Seine-Maritime (76),30,30,10,70,A,1,1,2,0,0,144,0,0,True,False,0.0968785151856018,0.9031214848143982,Toujours inscrit
8529778,Bac+1,"Banque, assurance, finance, immobilier",Etudiant,Normandie,Seine-Maritime (76),30,25,15,70,A,1,0,1,16,0,64,0,0,True,True,0.0874057762344372,0.9125942237655628,Toujours inscrit
6261907,Première,"Commerce, vente, marketing",Parent,Normandie,Seine-Maritime (76),30,30,10,70,A,1,1,2,0,0,1,0,0,False,False,0.34268917124976295,0.657310828750237,Toujours inscrit
6635675,Terminale,"Comptabilité, gestion, ressources humaines",Lycéen,Normandie,Seine-Maritime (76),30,25,15,70,A,0,0,0,191,2,194,0,0,True,False,0.34268917124976295,0.657310828750237,Toujours inscrit
7386135,3ème,"Commerce, vente, marketing",_ETUDIANT / ÉLÈVE,Normandie,Seine-Maritime (76),30,30,10,70,A,1,1,1,1,0,2,0,0,False,False,0.12265707002549107,0.8773429299745089,Toujours inscrit
8105108,Terminale Pro,Je ne sais pas quoi faire,_ETUDIANT / ÉLÈVE,Normandie,Seine-Maritime (76),30,15,25,70,A,1,1,2,152,2,128,0,0,True,True,0.1076558566563009,0.892344143343699,Toujours inscrit
7231056,Bac+1,Luxe,Etudiant,Île-de-France,Seine-St-Denis (93),30,30,10,70,A,1,1,1,1,0,2,0,0,False,False,0.1089135493109003,0.8910864506890996,Toujours inscrit
8797174,Bac+2,"Droit, science politique, administration publique",_ETUDIANT / ÉLÈVE,Île-de-France,Seine-St-Denis (93),30,25,15,70,A,1,0,1,25,0,27,0,0,True,False,0.09048242393282463,0.9095175760671754,Toujours inscrit
6790017,Terminale Pro,"Commerce, vente, marketing",Recruteur particulier,Île-de-France,Seine-St-Denis (93),30,25,15,70,A,0,0,0,290,1,344,0,0,True,True,0.19000957985493364,0.8099904201450664,Toujours inscrit
7334308,Terminale technologique,Technologie industrielle,_ETUDIANT / ÉLÈVE,Île-de-France,Seine-St-Denis (93),30,25,15,70,A,1,0,2,4,0,3,0,0,False,False,0.1822481677177433,0.8177518322822567,Toujours inscrit
5901049,Seconde Pro,"Commerce, vente, marketing",Lycéen,Île-de-France,Seine-St-Denis (93),30,25,15,70,A,0,0,0,133,1,305,0,0,True,True,0.12307621839501649,0.8769237816049835,Toujours inscrit
6511103,Bac+3,"Lettres, langues et sciences humaines",_ETUDIANT / ÉLÈVE,Île-de-France,Seine-St-Denis (93),30,25,15,70,A,0,0,0,82,2,421,0,0,True,True,0.12157898994256748,0.8784210100574326,Toujours inscrit
5393466,Terminale Pro,"Cosmétique, esthétique, soins personnels",_ETUDIANT / ÉLÈVE,Île-de-France,Seine-St-Denis (93),30,25,15,70,A,1,0,1,124,0,151,0,0,True,True,0.0992556898851267,0.9007443101148733,Toujours inscrit
8395010,Bac+2,"Banque, assurance, finance, immobilier",_ETUDIANT / ÉLÈVE,Île-de-France,Seine-St-Denis (93),30,25,15,70,A,0,0,0,6,1,7,0,0,True,True,0.10368423437712421,0.8963157656228757,Toujours inscrit
6834519,Terminale,"Santé, paramédical",_ETUDIANT / ÉLÈVE,Île-de-France,Seine-St-Denis (93),30,30,10,70,A,1,1,2,0,0,1,0,0,False,False,0.09754631593833969,0.9024536840616603,Toujours inscrit
8517595,Terminale Pro,"Commerce, vente, marketing","En recherche d'emploi, de stage / Jeune diplômé",Île-de-France,Seine-St-Denis (93),30,25,15,70,A,1,0,1,59,0,62,0,0,True,True,0.10368423437712421,0.8963157656228757,Toujours inscrit
5838171,Terminale,"Education, formation",_ETUDIANT / ÉLÈVE,Île-de-France,Seine-St-Denis (93),30,25,15,70,A,1,0,1,35,0,560,0,0,True,True,0.10368423437712421,0.8963157656228757,Toujours inscrit
7323907,Seconde Générale et Technologique,Technologie industrielle,_ETUDIANT / ÉLÈVE,Île-de-France,Seine-St-Denis (93),30,30,10,70,A,1,1,2,0,0,129,0,0,True,False,0.12157898994256748,0.8784210100574326,Toujours inscrit
7513745,Terminale technologique,Luxe,Lycéen,Île-de-France,Seine-St-Denis (93),30,25,15,70,A,0,0,0,112,1,259,0,0,True,True,0.1822481677177433,0.8177518322822567,Toujours inscrit
5274201,Bac+2,"Génie civil, bâtiment",_ETUDIANT / ÉLÈVE,Île-de-France,Seine-St-Denis (93),30,25,15,70,A,0,0,0,385,1,464,0,0,True,True,0.08166437496263526,0.9183356250373648,Toujours inscrit
7756799,Terminale,Technologie industrielle,_ETUDIANT / ÉLÈVE,Île-de-France,Seine-St-Denis (93),30,30,10,70,A,1,1,1,4,0,163,0,0,True,False,0.2150048195351826,0.7849951804648174,Toujours inscrit
7699843,Bac+2,Technologie industrielle,_ETUDIANT / ÉLÈVE,Île-de-France,Seine-St-Denis (93),30,25,15,70,A,0,0,0,17,1,126,0,0,True,True,0.09754631593833969,0.9024536840616603,Toujours inscrit
7416694,Bac+4,"Armée, défense, sécurité",Etudiant,Île-de-France,Seine-St-Denis (93),30,25,15,70,A,1,0,1,129,0,188,0,0,True,False,0.1822481677177433,0.8177518322822567,Toujours inscrit
5068732,Première,"Sciences de la matière (chimie, physique, matériaux, optique…)",Lycéen,Île-de-France,Seine-St-Denis (93),30,30,10,70,A,1,1,1,3,0,30,0,0,True,True,0.08166437496263526,0.9183356250373648,Toujours inscrit
5213222,Terminale,"Electronique, automatique",Parent,Île-de-France,Seine-et-Marne (77),30,25,15,70,A,0,0,0,11,1,53,0,0,True,True,0.1662977897704878,0.8337022102295122,Toujours inscrit
6178581,Première technologique,"Arts, audiovisuel, culture",Lycéen,Île-de-France,Seine-et-Marne (77),30,25,15,70,A,1,0,2,4,0,225,0,0,True,True,0.1695438482472887,0.8304561517527114,Toujours inscrit
6003786,Terminale,"International, études à l'étranger",Lycéen,Île-de-France,Seine-et-Marne (77),30,25,15,70,A,1,0,1,21,0,225,0,0,True,True,0.28374375899128373,0.7162562410087162,Toujours inscrit
7548950,Terminale technologique,"Banque, assurance, finance, immobilier",Lycéen,Île-de-France,Seine-et-Marne (77),30,25,15,70,A,0,0,0,56,2,269,0,0,True,True,0.17164053751399777,0.8283594624860022,Toujours inscrit
9007073,4ème,"Cosmétique, esthétique, soins personnels",_ETUDIANT / ÉLÈVE,Île-de-France,Seine-et-Marne (77),30,30,10,70,A,1,1,1,1,0,1,0,0,False,False,0.17297654929059766,0.8270234507094023,Toujours inscrit
7797621,Première,"Tourisme, hôtellerie, restauration",Lycéen,Île-de-France,Seine-et-Marne (77),30,25,15,70,A,1,0,2,4,0,1,0,0,False,False,0.24947959091320482,0.7505204090867952,Toujours inscrit
8884407,Première technologique,"Santé, paramédical",_ETUDIANT / ÉLÈVE,Île-de-France,Seine-et-Marne (77),30,25,15,70,A,1,0,1,25,0,29,0,0,True,True,0.2193146417445483,0.7806853582554517,Toujours inscrit
8004187,Terminale,"Communication, information, journalisme",Lycéen,Île-de-France,Seine-et-Marne (77),30,25,15,70,A,1,0,1,253,0,269,0,0,True,True,0.13513022410660205,0.864869775893398,Toujours inscrit
6396042,Bac+1,"Digital, Informatique, multimédia",Etudiant,Île-de-France,Seine-et-Marne (77),30,25,15,70,A,0,0,0,75,1,184,0,0,True,True,0.13038751261939893,0.869612487380601,Toujours inscrit
6831975,Seconde Générale et Technologique,"Sciences de la matière (chimie, physique, matériaux, optique…)",_ETUDIANT / ÉLÈVE,Île-de-France,Seine-et-Marne (77),30,25,15,70,A,0,0,0,65,1,164,0,0,True,True,0.24947959091320482,0.7505204090867952,Toujours inscrit
7329696,Seconde Générale et Technologique,"International, études à l'étranger",Parent,Île-de-France,Seine-et-Marne (77),30,25,15,70,A,1,0,2,4,0,3,0,0,False,False,0.14794352363413138,0.8520564763658687,Toujours inscrit
5821344,Terminale technologique,"Banque, assurance, finance, immobilier",Lycéen,Île-de-France,Seine-et-Marne (77),30,25,15,70,A,0,0,0,359,2,430,0,0,True,True,0.24947959091320482,0.7505204090867952,Toujours inscrit
4881719,Seconde Générale et Technologique,"Arts, audiovisuel, culture",_ETUDIANT / ÉLÈVE,Île-de-France,Seine-et-Marne (77),30,25,15,70,A,1,0,1,4,1,48,0,0,False,False,0.24947959091320482,0.7505204090867952,Toujours inscrit
8824586,Première,"Arts, audiovisuel, culture",Parent,Hauts-de-France,Somme (80),30,25,15,70,A,1,0,1,5,1,21,0,0,True,False,0.09569765728598792,0.9043023427140121,Toujours inscrit
6272141,Terminale technologique,"Arts, audiovisuel, culture",Lycéen,Hauts-de-France,Somme (80),30,30,10,70,A,1,1,1,1,0,1,0,0,False,False,0.09772854739203589,0.9022714526079642,Toujours inscrit
6306025,Première,Sport,Lycéen,Hauts-de-France,Somme (80),30,30,10,70,A,1,1,3,0,0,0,0,0,,,0.1558530724339169,0.8441469275660831,Toujours inscrit
8396352,Terminale,"Santé, paramédical",Lycéen,Hauts-de-France,Somme (80),30,25,15,70,A,1,0,1,13,0,167,0,0,True,True,0.12390082168084186,0.8760991783191582,Toujours inscrit
8812217,Terminale,"Education, formation",Lycéen,Hauts-de-France,Somme (80),30,25,15,70,A,0,0,0,23,1,32,0,0,True,True,0.06798516687268233,0.9320148331273177,Toujours inscrit
7190114,Seconde Générale et Technologique,"Sciences de la Terre (environnement, agriculture, agronomie ...)",Parent,Hauts-de-France,Somme (80),30,30,10,70,A,1,1,2,0,0,3,0,0,False,False,0.09937380887557855,0.9006261911244214,Toujours inscrit
8843692,Première,"Sciences de la matière (chimie, physique, matériaux, optique…)",Lycéen,Hauts-de-France,Somme (80),30,25,15,70,A,1,0,1,1,1,1,0,0,False,False,0.10474430067775724,0.8952556993222428,Toujours inscrit
7145456,Première,Economie,Parent,Hauts-de-France,Somme (80),30,30,10,70,A,1,1,4,0,0,1,0,0,False,False,0.14587525150905434,0.8541247484909457,Toujours inscrit
5857056,Première,Technologie industrielle,Lycéen,Île-de-France,Val-D'Oise (95),30,25,15,70,A,0,0,0,101,2,150,0,0,True,False,0.15339267136747198,0.8466073286325281,Toujours inscrit
4605078,4ème,"Génie civil, bâtiment",Parent,Île-de-France,Val-D'Oise (95),30,30,10,70,A,1,1,3,0,0,0,0,0,,,0.16504293724270253,0.8349570627572974,Toujours inscrit
6028649,3ème,"Electronique, automatique",Parent,Île-de-France,Val-D'Oise (95),30,30,10,70,A,1,1,2,0,0,0,0,0,,,0.22121655796619194,0.7787834420338081,Toujours inscrit
5382416,Seconde Générale et Technologique,"Santé, paramédical",_ETUDIANT / ÉLÈVE,Île-de-France,Val-D'Oise (95),30,30,10,70,A,1,1,3,0,0,1,0,0,False,False,0.18775248477075987,0.8122475152292401,Toujours inscrit
5228477,Première technologique,"Commerce, vente, marketing",_ETUDIANT / ÉLÈVE,Île-de-France,Val-D'Oise (95),30,30,10,70,A,1,1,4,0,0,1,0,0,False,False,0.1957018747142204,0.8042981252857796,Toujours inscrit
6746786,Bac+1,"Architecture, géographie, aménagement",_ETUDIANT / ÉLÈVE,Île-de-France,Val-D'Oise (95),30,25,15,70,A,0,0,0,222,1,373,0,0,True,True,0.16043785935426802,0.839562140645732,Toujours inscrit
5093446,Première technologique,"Sciences de la vie (biologie, biotechnologies...)",_ETUDIANT / ÉLÈVE,Île-de-France,Val-D'Oise (95),30,25,15,70,A,0,0,0,200,1,325,0,0,True,True,0.25138794854434665,0.7486120514556533,Toujours inscrit
5794405,Terminale,Economie,_ETUDIANT / ÉLÈVE,Île-de-France,Val-D'Oise (95),30,25,15,70,A,0,0,0,97,1,459,0,0,True,True,0.13691020221638295,0.863089797783617,Toujours inscrit
8797077,Seconde Générale et Technologique,"Digital, Informatique, multimédia",Parent,Île-de-France,Val-de-Marne (94),30,30,10,70,A,1,1,1,1,0,1,0,0,False,False,0.2728174603174603,0.7271825396825397,Toujours inscrit
8159851,Bac+3,"Mécanique, aéronautique, automobile",Etudiant,Île-de-France,Val-de-Marne (94),30,30,10,70,A,1,1,1,1,0,2,0,0,False,False,0.18308478610936077,0.8169152138906393,Toujours inscrit
5983286,Terminale,"Commerce, vente, marketing",_ETUDIANT / ÉLÈVE,Île-de-France,Val-de-Marne (94),30,30,10,70,A,1,1,2,0,0,1,0,0,False,False,0.3429161645722155,0.6570838354277845,Toujours inscrit
6759928,Terminale Pro,"Arts, audiovisuel, culture",_ETUDIANT / ÉLÈVE,Île-de-France,Val-de-Marne (94),30,30,10,70,A,1,1,1,5,0,64,0,0,True,True,0.23755234993020008,0.7624476500697999,Toujours inscrit
5210311,Bac+2,"Commerce, vente, marketing",Etudiant,Île-de-France,Val-de-Marne (94),30,25,15,70,A,0,0,0,125,1,154,0,0,False,True,0.1492524649142159,0.8507475350857842,Toujours inscrit
8208887,Bac+3,Economie,Etudiant,Île-de-France,Val-de-Marne (94),30,30,10,70,A,1,1,1,1,0,2,0,0,False,False,0.45192889103881967,0.5480711089611803,Toujours inscrit
6983045,Terminale technologique,"Education, formation",_ETUDIANT / ÉLÈVE,Île-de-France,Val-de-Marne (94),30,25,15,70,A,1,0,1,2,1,73,0,0,True,True,0.24060069723786537,0.7593993027621346,Toujours inscrit
6841087,Première,Technologie industrielle,Parent,Île-de-France,Val-de-Marne (94),30,30,10,70,A,1,1,2,0,0,2,0,0,False,False,0.35454545454545455,0.6454545454545455,Toujours inscrit
5988946,Terminale,"Banque, assurance, finance, immobilier",_ETUDIANT / ÉLÈVE,Île-de-France,Val-de-Marne (94),30,25,15,70,A,1,0,1,62,0,575,0,0,True,True,0.15218622208241586,0.8478137779175842,Toujours inscrit
7762529,Terminale,"Commerce, vente, marketing",_ETUDIANT / ÉLÈVE,Île-de-France,Val-de-Marne (94),30,25,15,70,A,1,0,2,4,0,3,0,0,False,False,0.18143808109148923,0.8185619189085107,Toujours inscrit
8230027,Bac+3,"Education, formation",_ETUDIANT / ÉLÈVE,Île-de-France,Val-de-Marne (94),30,30,10,70,A,1,1,2,0,0,2,0,0,False,False,0.21852039952598612,0.7814796004740139,Toujours inscrit
6681019,Bac+1,Luxe,_ETUDIANT / ÉLÈVE,Île-de-France,Val-de-Marne (94),30,25,15,70,A,1,0,1,9,0,39,0,0,False,False,0.4016652455233987,0.5983347544766013,Toujours inscrit
7348932,Bac+2,"Droit, science politique, administration publique",_ETUDIANT / ÉLÈVE,Île-de-France,Val-de-Marne (94),30,30,10,70,A,1,1,1,2,0,3,0,0,False,False,0.21852039952598612,0.7814796004740139,Toujours inscrit
7213318,Terminale,"Communication, information, journalisme",Lycéen,Provence-Alpes-Côte d'Azur,Var (83),30,25,15,70,A,0,0,0,8,2,31,0,0,False,True,0.13248826036209657,0.8675117396379034,Toujours inscrit
7306397,Seconde Générale et Technologique,Technologie industrielle,Parent,Provence-Alpes-Côte d'Azur,Var (83),30,30,10,70,A,1,1,2,0,0,2,0,0,False,False,0.13732542343064338,0.8626745765693566,Toujours inscrit
7519085,Bac+2,"Banque, assurance, finance, immobilier",_ETUDIANT / ÉLÈVE,Provence-Alpes-Côte d'Azur,Var (83),30,25,15,70,A,0,0,0,197,1,222,0,0,True,True,0.2112420670897552,0.7887579329102448,Toujours inscrit
7438345,Bac+4,"Commerce, vente, marketing",_ETUDIANT / ÉLÈVE,Provence-Alpes-Côte d'Azur,Var (83),30,25,15,70,A,1,0,1,1,1,154,0,0,True,True,0.13570885518786763,0.8642911448121323,Toujours inscrit
6593653,3ème,Sport,_ETUDIANT / ÉLÈVE,Provence-Alpes-Côte d'Azur,Vaucluse (84),30,25,15,70,A,0,0,0,22,1,81,0,0,True,True,0.14105580802184184,0.8589441919781582,Toujours inscrit
7897934,Bac+2,"Droit, science politique, administration publique",_ETUDIANT / ÉLÈVE,Provence-Alpes-Côte d'Azur,Vaucluse (84),30,30,10,70,A,1,1,1,2,0,2,0,0,False,False,0.14105580802184184,0.8589441919781582,Toujours inscrit
8779080,Terminale Pro,"Commerce, vente, marketing",_ETUDIANT / ÉLÈVE,Provence-Alpes-Côte d'Azur,Vaucluse (84),30,25,15,70,A,1,0,1,38,0,41,0,0,True,True,0.12595744680851065,0.8740425531914894,Toujours inscrit
7117646,3ème,"Santé, paramédical",Parent,Provence-Alpes-Côte d'Azur,Vaucluse (84),30,30,10,70,A,1,1,3,0,0,2,0,0,False,False,0.12267699115044248,0.8773230088495575,Toujours inscrit
7916368,Terminale technologique,"Commerce, vente, marketing",_ETUDIANT / ÉLÈVE,Provence-Alpes-Côte d'Azur,Vaucluse (84),30,30,10,70,A,1,1,1,1,0,2,0,0,False,False,0.21649968691296181,0.7835003130870382,Toujours inscrit
8453099,Terminale,Economie,_ETUDIANT / ÉLÈVE,Provence-Alpes-Côte d'Azur,Vaucluse (84),30,25,15,70,A,0,0,0,105,2,131,0,0,True,True,0.2022202873313017,0.7977797126686983,Toujours inscrit
7305322,Terminale,Je ne sais pas quoi faire,Parent,Provence-Alpes-Côte d'Azur,Vaucluse (84),30,15,25,70,A,1,1,2,10,2,123,0,0,True,False,0.14105580802184184,0.8589441919781582,Toujours inscrit
5833855,Bac +5 et au delà,"Energie, électricité",_ETUDIANT / ÉLÈVE,Provence-Alpes-Côte d'Azur,Vaucluse (84),30,25,15,70,A,0,0,0,34,1,64,0,0,False,False,0.14105580802184184,0.8589441919781582,Toujours inscrit
7914397,Première,"Sciences de la vie (biologie, biotechnologies...)",_ETUDIANT / ÉLÈVE,Pays de la Loire,Vendée (85),30,25,15,70,A,1,0,1,19,0,185,0,0,True,True,0.13899951981470496,0.8610004801852951,Toujours inscrit
6909437,Première,"International, études à l'étranger",Parent,Nouvelle-Aquitaine,Vienne (86),30,30,10,70,A,1,1,2,0,0,2,0,0,False,False,0.12220068906115418,0.8777993109388458,Toujours inscrit
5889993,3ème,"Digital, Informatique, multimédia",Collégien,Nouvelle-Aquitaine,Vienne (86),30,30,10,70,A,1,1,3,0,0,2,0,0,False,False,0.15438871473354232,0.8456112852664577,Toujours inscrit
8975380,4ème,"Digital, Informatique, multimédia",_ETUDIANT / ÉLÈVE,Nouvelle-Aquitaine,Vienne (86),30,30,10,70,A,1,1,1,4,0,11,0,0,True,True,0.14228038424056802,0.857719615759432,Toujours inscrit
7225718,Première technologique,"Lettres, langues et sciences humaines",Parent,Nouvelle-Aquitaine,Vienne (86),30,30,10,70,A,1,1,1,1,0,37,0,0,False,True,0.17914128227444154,0.8208587177255584,Toujours inscrit
7303660,Seconde Générale et Technologique,"Sciences de la vie (biologie, biotechnologies...)",Parent,Nouvelle-Aquitaine,Vienne (86),30,25,15,70,A,1,0,1,98,0,174,0,0,True,True,0.14228038424056802,0.857719615759432,Toujours inscrit
7350947,Bac +5 et au delà,"Communication, information, journalisme",_ETUDIANT / ÉLÈVE,Île-de-France,Yvelines (78),30,25,15,70,A,0,0,0,149,2,159,0,0,True,True,0.31056511056511055,0.6894348894348894,Toujours inscrit
5388677,Première,"Communication, information, journalisme",Parent,Île-de-France,Yvelines (78),30,25,15,70,A,0,0,0,247,2,261,0,0,True,True,0.28659685863874346,0.7134031413612566,Toujours inscrit
4551868,Bac+1,"Droit, science politique, administration publique",_ETUDIANT / ÉLÈVE,Île-de-France,Yvelines (78),30,25,15,70,A,0,0,0,19,1,19,0,0,False,False,0.3673042383394745,0.6326957616605254,Toujours inscrit
5400014,Bac +5 et au delà,"Sciences de la matière (chimie, physique, matériaux, optique…)",Etudiant,Île-de-France,Yvelines (78),30,25,15,70,A,0,0,0,170,1,177,0,0,True,True,0.36813154999710496,0.631868450002895,Toujours inscrit
8025493,Terminale Pro,"Arts, audiovisuel, culture",Lycéen,Île-de-France,Yvelines (78),30,25,15,70,A,1,0,1,26,0,202,0,0,True,True,0.3054386260313184,0.6945613739686816,Toujours inscrit
6122144,Seconde Générale et Technologique,"Tourisme, hôtellerie, restauration",Parent,Île-de-France,Yvelines (78),30,30,10,70,A,1,1,2,0,0,2,0,0,False,False,0.23337868906301318,0.7666213109369868,Toujours inscrit
7258774,Première,(Vide),Lycéen,Île-de-France,Yvelines (78),30,15,25,70,A,1,1,1,90,3,152,0,0,True,True,0.20862239841427155,0.7913776015857285,Toujours inscrit
8125092,Bac+2,"Commerce, vente, marketing",Etudiant,Île-de-France,Yvelines (78),30,25,15,70,A,1,0,1,45,0,205,0,0,True,True,0.17285766826038984,0.8271423317396102,Toujours inscrit
9013572,Première,"International, études à l'étranger",_ETUDIANT / ÉLÈVE,Île-de-France,Yvelines (78),30,25,15,70,A,1,0,1,10,0,20,0,0,True,False,0.4130253270247704,0.5869746729752296,Toujours inscrit
6750978,Terminale technologique,"Sciences de la Terre (environnement, agriculture, agronomie ...)",Lycéen,Île-de-France,Yvelines (78),30,30,10,70,A,1,1,1,1,0,5,0,0,False,False,0.3346953277669213,0.6653046722330787,Toujours inscrit
6951421,Bac+1,Sport,Etudiant,Île-de-France,Yvelines (78),30,25,15,70,A,0,0,0,43,1,249,0,0,True,True,0.23636142230881638,0.7636385776911836,Toujours inscrit
8013605,Première,"Génie civil, bâtiment",Lycéen,Île-de-France,Yvelines (78),30,30,10,70,A,1,1,1,2,0,2,0,0,False,False,0.23337868906301318,0.7666213109369868,Toujours inscrit
6307526,Première,"Banque, assurance, finance, immobilier",_ETUDIANT / ÉLÈVE,Bourgogne-Franche-Comté,Côte-d'Or (21),30,25,10,65,A,1,0,1,2,0,2,0,0,False,False,0.13267936417012746,0.8673206358298725,Toujours inscrit
7521371,Bac+1,"Arts, audiovisuel, culture",Etudiant,Bourgogne-Franche-Comté,Côte-d'Or (21),30,25,10,65,A,0,0,0,155,0,182,0,0,True,True,0.12162698412698413,0.8783730158730159,Toujours inscrit
7960780,Bac+3,"Arts, audiovisuel, culture",Etudiant,Collectivités d'outre-mer,Polynésie française (987),30,25,10,65,A,0,0,0,138,0,159,0,0,True,True,,,Toujours inscrit
7713244,3ème,"Arts, audiovisuel, culture",Collégien,Guadeloupe,Guadeloupe (971),30,25,10,65,A,0,0,0,2,1,76,0,0,True,False,0.09062140391254316,0.9093785960874569,Toujours inscrit
8387447,Terminale,"Droit, science politique, administration publique",Lycéen,,Corse (20),30,25,10,65,A,0,0,0,12,0,107,0,0,True,False,0.14424070247933884,0.8557592975206612,Toujours inscrit
8368646,3ème,"Arts, audiovisuel, culture",Parent,Provence-Alpes-Côte d'Azur,Alpes-de-Haute-Provence (04),30,25,10,65,A,0,0,0,88,0,92,0,0,True,True,0.1316504854368932,0.8683495145631068,Toujours inscrit
8530183,Terminale Pro,"Armée, défense, sécurité",_ETUDIANT / ÉLÈVE,Pays de la Loire,Mayenne (53),30,25,10,65,A,0,0,0,52,0,69,0,0,True,True,0.10429447852760736,0.8957055214723927,Toujours inscrit
7133155,Terminale Pro,"Communication, information, journalisme",Lycéen,Occitanie,Pyrénées-Orientales (66),30,25,10,65,A,0,0,0,154,0,160,0,0,True,True,0.1556053811659193,0.8443946188340807,Toujours inscrit
8777097,Bac+3,"Comptabilité, gestion, ressources humaines",Etudiant,Grand Est,Meurthe-et-Moselle (54),30,30,5,65,A,1,1,1,0,0,0,0,0,,,0.20214788686222315,0.7978521131377768,Toujours inscrit
7516988,Première,"Digital, Informatique, multimédia",Lycéen,,Corse (20),30,25,10,65,A,0,0,0,186,0,193,0,0,True,True,0.21947835738068813,0.7805216426193119,Toujours inscrit
9001359,CAP/BEP,"Action sociale, animation, sciences sociales",_ETUDIANT / ÉLÈVE,Occitanie,Pyrénées-Orientales (66),30,25,10,65,A,1,0,1,1,0,15,0,0,True,True,0.16393442622950818,0.8360655737704918,Toujours inscrit
6808439,Première Pro,Sport,_ETUDIANT / ÉLÈVE,Grand Est,Marne (51),30,25,10,65,A,0,0,0,61,0,201,0,0,True,True,0.09885071160602632,0.9011492883939737,Toujours inscrit
6201456,Terminale,"Sciences de la matière (chimie, physique, matériaux, optique…)",_ETUDIANT / ÉLÈVE,Auvergne-Rhône-Alpes,Haute-Loire (43),30,30,5,65,A,1,1,1,0,0,0,0,0,,,0.09547152194211017,0.9045284780578898,Toujours inscrit
7102396,Première technologique,"Génie civil, bâtiment",_ETUDIANT / ÉLÈVE,Auvergne-Rhône-Alpes,Ardèche (07),30,25,10,65,A,0,0,0,162,0,174,0,0,True,True,0.1008498583569405,0.8991501416430595,Toujours inscrit
7834067,Terminale technologique,Economie,_ETUDIANT / ÉLÈVE,Grand Est,Haut-Rhin (68),30,30,5,65,A,1,1,1,0,0,1,0,0,True,True,0.148837823560486,0.851162176439514,Toujours inscrit
5783933,Terminale Pro,"Banque, assurance, finance, immobilier",Lycéen,Guadeloupe,Guadeloupe (971),30,25,10,65,A,0,0,0,119,0,172,0,0,True,True,0.12554991539763113,0.8744500846023688,Toujours inscrit
8488592,Bac+1,"Armée, défense, sécurité",Etudiant,Grand Est,Ardennes (08),30,25,10,65,A,0,0,0,6,0,73,0,0,True,True,0.1140754369825207,0.8859245630174793,Toujours inscrit
7039199,Terminale,(Vide),_ETUDIANT / ÉLÈVE,Centre-Val de Loire,Cher (18),30,15,20,65,A,1,1,1,10,1,41,0,0,False,False,0.11192557090499013,0.8880744290950099,Toujours inscrit
7148708,Seconde Pro,"Santé, paramédical",_ETUDIANT / ÉLÈVE,Grand Est,Meuse (55),30,25,10,65,A,0,0,0,3,1,57,0,0,True,False,0.08170515097690942,0.9182948490230906,Toujours inscrit
6919463,3ème,"Lettres, langues et sciences humaines",Parent,Nouvelle-Aquitaine,Charente (16),30,25,10,65,A,1,0,2,0,0,3,0,0,False,False,0.13415116739216462,0.8658488326078354,Toujours inscrit
6402238,Première,"Santé, paramédical",Lycéen,Occitanie,Pyrénées-Orientales (66),30,25,10,65,A,1,0,1,1,0,1,0,0,,,0.16853018906281764,0.8314698109371823,Toujours inscrit
5301692,6ème,"Sciences de la vie (biologie, biotechnologies...)",_ETUDIANT / ÉLÈVE,Bourgogne-Franche-Comté,Côte-d'Or (21),30,25,10,65,A,0,0,0,34,0,122,0,0,True,True,0.17148373508073952,0.8285162649192604,Toujours inscrit
5635053,Première,"Arts, audiovisuel, culture",Parent,Nouvelle-Aquitaine,Creuse (23),30,25,10,65,A,0,0,0,131,0,154,0,0,True,True,0.07651006711409396,0.9234899328859061,Toujours inscrit
4994253,Seconde Générale et Technologique,"Digital, Informatique, multimédia",Lycéen,Occitanie,Aveyron (12),30,25,10,65,A,0,0,0,1,1,2,0,0,False,False,0.1818848551521819,0.8181151448478181,Toujours inscrit
6667080,Terminale,"Education, formation",Lycéen,Centre-Val de Loire,Loir-et-Cher (41),30,25,10,65,A,0,0,0,65,0,81,0,0,True,False,0.14346807860706648,0.8565319213929335,Toujours inscrit
7868748,Première,"Santé, paramédical",_ETUDIANT / ÉLÈVE,Occitanie,Aveyron (12),30,25,10,65,A,0,0,0,65,0,152,0,0,True,False,0.18855656697009102,0.811443433029909,Toujours inscrit
8431692,Terminale,"Lettres, langues et sciences humaines",_ETUDIANT / ÉLÈVE,Nouvelle-Aquitaine,Corrèze (19),30,25,10,65,A,0,0,0,15,0,113,0,0,True,True,0.18768115942028984,0.8123188405797102,Toujours inscrit
18031,6ème,"Commerce, vente, marketing",Professionnel de l'éducation dans le secondaire,Grand Est,Meuse (55),30,25,10,65,A,0,0,0,19,0,80,0,0,True,True,0.12523693474140266,0.8747630652585974,Toujours inscrit
7740105,Terminale,Je ne sais pas quoi faire,_ETUDIANT / ÉLÈVE,Occitanie,Tarn (81),30,15,20,65,A,1,1,1,173,1,187,0,0,True,True,0.11075949367088607,0.8892405063291139,Toujours inscrit
5468426,Bac+2,"Commerce, vente, marketing",Etudiant,Occitanie,Aude (11),30,25,10,65,A,0,0,0,30,0,104,0,0,False,True,0.12661204394312378,0.8733879560568762,Toujours inscrit
5451655,Première,"Tourisme, hôtellerie, restauration",_ETUDIANT / ÉLÈVE,Normandie,Orne (61),30,25,10,65,A,1,0,1,2,0,2,0,0,False,False,0.14016910801476717,0.8598308919852328,Toujours inscrit
5247253,Bac+2,Economie,Parent,Occitanie,Hautes-Pyrénées (65),30,30,5,65,A,1,1,1,0,0,0,0,0,,,0.11569510537049627,0.8843048946295038,Toujours inscrit
7702760,Terminale Pro,"Comptabilité, gestion, ressources humaines",Lycéen,Centre-Val de Loire,Loir-et-Cher (41),30,25,10,65,A,0,0,0,125,0,225,0,0,True,True,0.14395744264221141,0.8560425573577886,Toujours inscrit
9083244,Première,"Architecture, géographie, aménagement",Parent,Occitanie,Gers (32),30,30,5,65,A,1,1,1,0,0,1,0,0,False,False,0.12578616352201258,0.8742138364779874,Toujours inscrit
7011424,Seconde Générale et Technologique,"International, études à l'étranger",Lycéen,Occitanie,Aude (11),30,25,10,65,A,0,0,0,34,0,204,0,0,True,True,0.13504611330698288,0.8649538866930171,Toujours inscrit
7376779,Bac+1,"Commerce, vente, marketing",_ETUDIANT / ÉLÈVE,Auvergne-Rhône-Alpes,Allier (03),30,25,10,65,A,0,0,0,151,0,151,0,0,False,False,0.12450521770421015,0.8754947822957898,Toujours inscrit
6097207,Bac+1,"Commerce, vente, marketing",Etudiant,Nouvelle-Aquitaine,Haute-Vienne (87),30,25,10,65,A,0,0,0,110,0,385,0,0,True,True,0.1475714928659182,0.8524285071340818,Toujours inscrit
5258006,Terminale,"International, études à l'étranger",Lycéen,Grand Est,Marne (51),30,25,10,65,A,0,0,0,33,0,35,0,0,True,True,0.06687797147385104,0.933122028526149,Toujours inscrit
4980700,Terminale Générale Agricole,"Sciences de la vie (biologie, biotechnologies...)",_ETUDIANT / ÉLÈVE,Centre-Val de Loire,Cher (18),30,25,10,65,A,0,0,0,51,0,266,0,0,True,True,0.093841642228739,0.906158357771261,Toujours inscrit
7872033,Bac+2,"Comptabilité, gestion, ressources humaines",Etudiant,Occitanie,Gers (32),30,25,10,65,A,0,0,0,6,0,62,0,0,True,True,0.14431266417257024,0.8556873358274297,Toujours inscrit
8373211,Seconde Générale et Technologique,"Lettres, langues et sciences humaines",_ETUDIANT / ÉLÈVE,Hauts-de-France,Aisne (02),30,25,10,65,A,0,0,0,73,0,79,0,0,True,True,0.07910486599011189,0.9208951340098881,Toujours inscrit
7664793,Bac+1,"Banque, assurance, finance, immobilier",Etudiant,Grand Est,Ardennes (08),30,25,10,65,A,0,0,0,12,0,190,0,0,True,True,0.11257817929117443,0.8874218207088256,Toujours inscrit
6202928,Première,"Commerce, vente, marketing",Parent,Grand Est,Haut-Rhin (68),30,30,5,65,A,1,1,1,0,0,0,0,0,,,0.14286378861183477,0.8571362113881652,Toujours inscrit
8394681,Première,Economie,Lycéen,Auvergne-Rhône-Alpes,Allier (03),30,25,10,65,A,0,0,0,16,0,115,0,0,True,True,0.16475354490209318,0.8352464550979068,Toujours inscrit
6233878,Terminale,"Arts, audiovisuel, culture",_ETUDIANT / ÉLÈVE,Provence-Alpes-Côte d'Azur,Hautes-Alpes (05),30,30,5,65,A,1,1,1,0,0,0,0,0,,,0.17384470292360893,0.8261552970763911,Toujours inscrit
7417674,Bac+1,"Digital, Informatique, multimédia",_ETUDIANT / ÉLÈVE,Martinique,Martinique (972),30,25,10,65,A,0,0,0,47,0,154,0,0,True,True,0.12720889409011119,0.8727911059098888,Toujours inscrit
8508772,Seconde Pro,"Secretariat, assistant de gestion","En recherche d'emploi, de stage / Jeune diplômé",Collectivités d'outre-mer,Saint-Pierre-et-Miquelon (975),30,25,10,65,A,0,0,0,17,0,60,0,0,True,False,,,Toujours inscrit
6982593,Terminale Pro,Je ne sais pas quoi faire,_ETUDIANT / ÉLÈVE,Nouvelle-Aquitaine,Haute-Vienne (87),30,15,20,65,A,1,1,1,225,1,250,0,0,True,True,0.1475714928659182,0.8524285071340818,Toujours inscrit
6527532,Bac+2,Economie,Etudiant,Bourgogne-Franche-Comté,Nièvre (58),30,25,10,65,A,0,0,0,12,0,19,0,0,False,True,0.1398148148148148,0.8601851851851852,Toujours inscrit
6288420,Seconde Générale et Technologique,"Energie, électricité",Lycéen,Nouvelle-Aquitaine,Lot-et-Garonne (47),30,30,5,65,A,1,1,1,0,0,1,0,0,False,False,0.1285134946161376,0.8714865053838624,Toujours inscrit
4666021,Bac+1,"Comptabilité, gestion, ressources humaines",_ETUDIANT / ÉLÈVE,Occitanie,Aveyron (12),30,25,10,65,A,0,0,0,17,0,21,0,0,False,True,0.1501262381044863,0.8498737618955137,Toujours inscrit
8985381,Bac+2,"Droit, science politique, administration publique",Parent,Normandie,Orne (61),30,30,5,65,A,1,1,1,0,0,1,0,0,False,False,0.14016910801476717,0.8598308919852328,Toujours inscrit
7933395,Terminale,"Architecture, géographie, aménagement",_ETUDIANT / ÉLÈVE,Occitanie,Aude (11),30,25,10,65,A,0,0,0,20,0,30,0,0,True,True,0.12387791741472172,0.8761220825852782,Toujours inscrit
5174817,Bac+1,"Lettres, langues et sciences humaines","En recherche d'emploi, de stage / Jeune diplômé",Occitanie,Aude (11),30,25,10,65,A,0,0,0,7,0,68,0,0,True,True,0.15397039030955587,0.8460296096904442,Toujours inscrit
8673714,Bac+3,"Lettres, langues et sciences humaines",Parent,Grand Est,Marne (51),30,30,5,65,A,1,1,1,0,0,2,0,0,False,False,0.19175044352454168,0.8082495564754583,Toujours inscrit
8224505,3ème,Sport,_ETUDIANT / ÉLÈVE,Bourgogne-Franche-Comté,Jura (39),30,25,10,65,A,0,0,0,4,2,50,0,0,True,True,0.11558589306029579,0.8844141069397042,Toujours inscrit
7654221,Bac+1,"Comptabilité, gestion, ressources humaines",Etudiant,Guadeloupe,Guadeloupe (971),30,25,10,65,A,0,0,0,51,0,96,0,0,True,True,0.0848822800495663,0.9151177199504337,Toujours inscrit
8383078,Seconde Générale et Technologique,"Sciences de la matière (chimie, physique, matériaux, optique…)",_ETUDIANT / ÉLÈVE,Bourgogne-Franche-Comté,Saône-et-Loire (71),30,25,10,65,A,0,0,0,71,0,74,0,0,True,False,0.13270397182547447,0.8672960281745256,Toujours inscrit
8926477,Première technologique,"Action sociale, animation, sciences sociales",Lycéen,Centre-Val de Loire,Indre (36),30,25,10,65,A,0,0,0,7,0,15,0,0,True,False,0.13015158216396608,0.869848417836034,Toujours inscrit
5620388,4ème,Luxe,Parent,Occitanie,Lozère (48),30,25,10,65,A,1,0,1,1,0,1,0,0,False,False,0.085995085995086,0.914004914004914,Toujours inscrit
8380325,3ème,"International, études à l'étranger",Collégien,Centre-Val de Loire,Loir-et-Cher (41),30,25,10,65,A,0,0,0,36,0,77,0,0,True,True,0.14395744264221141,0.8560425573577886,Toujours inscrit
6795806,Bac +5 et au delà,"Secretariat, assistant de gestion",_ETUDIANT / ÉLÈVE,Nouvelle-Aquitaine,Dordogne (24),30,25,10,65,A,0,0,0,173,0,190,0,0,True,True,0.1437285128091383,0.8562714871908617,Toujours inscrit
6588769,Seconde Générale et Technologique,"Vétérinaire, soins aux animaux",_ETUDIANT / ÉLÈVE,Occitanie,Aveyron (12),30,25,10,65,A,0,0,0,21,0,169,0,0,True,True,0.16103896103896104,0.8389610389610389,Toujours inscrit
5623390,Terminale,Sport,_ETUDIANT / ÉLÈVE,Bourgogne-Franche-Comté,Nièvre (58),30,25,10,65,A,0,0,0,15,0,413,0,0,True,True,0.13601319131868622,0.8639868086813138,Toujours inscrit
7625931,Terminale,"Santé, paramédical",_ETUDIANT / ÉLÈVE,,Corse (20),30,25,10,65,A,0,0,0,18,0,213,0,0,True,True,0.19991848379865498,0.800081516201345,Toujours inscrit
7498243,Première,"Sciences de la Terre (environnement, agriculture, agronomie ...)",Lycéen,Grand Est,Vosges (88),30,30,5,65,A,1,1,1,0,0,0,0,0,True,True,0.15535824901920298,0.8446417509807971,Toujours inscrit
6454829,Bac+1,"Cosmétique, esthétique, soins personnels",Etudiant,Grand Est,Haut-Rhin (68),30,25,10,65,A,0,0,0,71,0,350,0,0,True,True,0.1318723567858516,0.8681276432141484,Toujours inscrit
7567243,Terminale,"Lettres, langues et sciences humaines",_ETUDIANT / ÉLÈVE,Nouvelle-Aquitaine,Creuse (23),30,25,10,65,A,0,0,0,1,1,1,0,0,False,False,0.12465580114608915,0.8753441988539108,Toujours inscrit
5452352,4ème,"Santé, paramédical",Collégien,Bourgogne-Franche-Comté,Haute-Saône (70),30,25,10,65,A,0,0,0,122,0,132,0,0,True,True,0.10752799668187474,0.8924720033181253,Toujours inscrit
4664283,Bac+1,"International, études à l'étranger",Etudiant,Auvergne-Rhône-Alpes,Haute-Loire (43),30,30,5,65,A,1,1,1,0,0,1,0,0,False,False,0.15176230702009905,0.8482376929799009,Toujours inscrit
6404379,Première,"Communication, information, journalisme",_ETUDIANT / ÉLÈVE,Occitanie,Pyrénées-Orientales (66),30,30,5,65,A,1,1,1,0,0,0,0,0,,,0.11197867072938487,0.8880213292706152,Toujours inscrit
4950340,Bac+1,"Sciences de la matière (chimie, physique, matériaux, optique…)",_ETUDIANT / ÉLÈVE,Occitanie,Tarn-et-Garonne (82),30,25,10,65,A,0,0,0,174,0,180,0,0,True,True,0.15329861111111112,0.8467013888888889,Toujours inscrit
7880999,Première,Sport,Parent,Grand Est,Haut-Rhin (68),30,30,5,65,A,1,1,1,0,0,1,0,0,False,False,0.10523355633177432,0.8947664436682257,Toujours inscrit
5418337,Seconde Pro,"Banque, assurance, finance, immobilier",Lycéen,Nouvelle-Aquitaine,Charente (16),30,25,10,65,A,0,0,0,14,0,21,0,0,True,True,0.1451996342578482,0.8548003657421518,Toujours inscrit
8744665,Première,"Droit, science politique, administration publique",_ETUDIANT / ÉLÈVE,Centre-Val de Loire,Cher (18),30,25,10,65,A,1,0,1,5,0,41,0,0,True,True,0.113280336684592,0.886719663315408,Toujours inscrit
5792304,Terminale technologique,"Action sociale, animation, sciences sociales",_ETUDIANT / ÉLÈVE,Occitanie,Lot (46),30,25,10,65,A,0,0,0,26,0,29,0,0,True,True,0.17033603707995365,0.8296639629200464,Toujours inscrit
6617961,Première,Sport,_ETUDIANT / ÉLÈVE,Martinique,Martinique (972),30,25,10,65,A,0,0,0,46,0,126,0,0,True,True,0.12720889409011119,0.8727911059098888,Toujours inscrit
8298683,Terminale technologique,Sport,_ETUDIANT / ÉLÈVE,Grand Est,Haut-Rhin (68),30,25,10,65,A,0,0,0,40,0,123,0,0,True,False,0.16311204565935716,0.8368879543406428,Toujours inscrit
6030767,Bac+3,"Commerce, vente, marketing",Etudiant,Grand Est,Haut-Rhin (68),30,30,5,65,A,1,1,1,0,0,0,0,0,False,False,0.13208521626856037,0.8679147837314396,Toujours inscrit
8722828,Seconde Générale et Technologique,"Commerce, vente, marketing",_ETUDIANT / ÉLÈVE,Occitanie,Tarn (81),30,25,10,65,A,0,0,0,34,0,35,0,0,True,True,0.18034574053885688,0.8196542594611431,Toujours inscrit
8725253,Terminale,"International, études à l'étranger",_ETUDIANT / ÉLÈVE,Bourgogne-Franche-Comté,Côte-d'Or (21),30,30,5,65,A,1,1,1,0,0,1,0,0,True,True,0.11351572070232747,0.8864842792976725,Toujours inscrit
8486434,Bac+1,"Communication, information, journalisme","En recherche d'emploi, de stage / Jeune diplômé",Occitanie,Tarn-et-Garonne (82),30,25,10,65,A,0,0,0,25,0,27,0,0,True,False,0.11992363762582436,0.8800763623741756,Toujours inscrit
6835144,Terminale technologique,"Arts, audiovisuel, culture",Parent,Grand Est,Haut-Rhin (68),30,30,5,65,A,1,1,1,0,0,1,0,0,False,False,0.1347248576850095,0.8652751423149905,Toujours inscrit
7061506,Terminale Pro,"Génie civil, bâtiment",Parent,Nouvelle-Aquitaine,Lot-et-Garonne (47),30,25,10,65,A,1,0,1,1,0,2,0,0,False,False,0.1478537360890302,0.8521462639109698,Toujours inscrit
8788528,Première,Sport,_ETUDIANT / ÉLÈVE,Centre-Val de Loire,Loir-et-Cher (41),30,25,10,65,A,0,0,0,15,0,33,0,0,True,True,0.14661856558259745,0.8533814344174026,Toujours inscrit
5125222,Bac+3,Technologie industrielle,Etudiant,Grand Est,Aube (10),30,25,10,65,A,0,0,0,12,0,368,0,0,True,True,0.07770886537759941,0.9222911346224005,Toujours inscrit
6949516,Première,"Armée, défense, sécurité",_ETUDIANT / ÉLÈVE,Auvergne-Rhône-Alpes,Haute-Loire (43),30,25,10,65,A,1,0,2,0,0,123,0,0,True,True,0.15334800377239863,0.8466519962276013,Toujours inscrit
6573254,Terminale technologique,"Action sociale, animation, sciences sociales",Lycéen,Bourgogne-Franche-Comté,Côte-d'Or (21),30,25,10,65,A,0,0,0,58,0,84,0,0,True,True,0.121947983014862,0.878052016985138,Toujours inscrit
8330906,Première,"Vétérinaire, soins aux animaux",_ETUDIANT / ÉLÈVE,Occitanie,Pyrénées-Orientales (66),30,25,10,65,A,1,0,1,1,0,2,0,0,False,False,0.16981132075471697,0.8301886792452831,Toujours inscrit
8970404,Terminale,"Education, formation",_ETUDIANT / ÉLÈVE,Grand Est,Marne (51),30,25,10,65,A,0,0,0,11,0,37,0,0,True,True,0.10282776349614396,0.897172236503856,Toujours inscrit
7940819,Terminale,"Digital, Informatique, multimédia",Lycéen,,Corse (20),30,25,10,65,A,0,0,0,166,0,173,0,0,True,True,0.11764705882352941,0.8823529411764706,Toujours inscrit
6780562,Bac+1,Sport,_ETUDIANT / ÉLÈVE,Occitanie,Ariège (09),30,30,5,65,A,1,1,1,0,0,1,0,0,False,False,0.2073945696129405,0.7926054303870596,Toujours inscrit
5265783,Bac+1,"Sciences de la Terre (environnement, agriculture, agronomie ...)",Etudiant,Bourgogne-Franche-Comté,Côte-d'Or (21),30,25,10,65,A,0,0,0,186,0,241,0,0,True,True,0.17950502706883217,0.8204949729311678,Toujours inscrit
8693100,Terminale,"Lettres, langues et sciences humaines",Lycéen,Nouvelle-Aquitaine,Haute-Vienne (87),30,30,5,65,A,1,1,1,0,0,1,0,0,False,False,0.15492957746478872,0.8450704225352113,Toujours inscrit
5049451,Bac+2,"Commerce, vente, marketing",Etudiant,Nouvelle-Aquitaine,Charente (16),30,30,5,65,A,1,1,1,0,0,0,0,0,True,True,0.1451996342578482,0.8548003657421518,Toujours inscrit
5485349,Bac+2,"Electronique, automatique",_ETUDIANT / ÉLÈVE,Occitanie,Tarn (81),30,25,10,65,A,0,0,0,8,0,9,0,0,False,True,0.12342292923752057,0.8765770707624795,Toujours inscrit
7011167,Terminale,"Lettres, langues et sciences humaines",Lycéen,Bourgogne-Franche-Comté,Yonne (89),30,30,5,65,A,1,1,1,0,0,2,0,0,False,False,0.11594202898550725,0.8840579710144928,Toujours inscrit
5259344,Seconde Générale et Technologique,"Arts, audiovisuel, culture",_ETUDIANT / ÉLÈVE,Occitanie,Hautes-Pyrénées (65),30,30,5,65,A,1,1,1,0,0,0,0,0,,,0.22810011376564276,0.7718998862343572,Toujours inscrit
7900061,Bac+3,Economie,Etudiant,Nouvelle-Aquitaine,Corrèze (19),30,25,10,65,A,0,0,0,138,0,147,0,0,True,True,0.14223665823167278,0.8577633417683272,Toujours inscrit
6735816,Bac+2,"Digital, Informatique, multimédia",_ETUDIANT / ÉLÈVE,Pays de la Loire,Mayenne (53),30,25,10,65,A,0,0,0,76,0,178,0,0,True,True,0.1513672867744231,0.8486327132255769,Toujours inscrit
8437704,Bac +5 et au delà,"Droit, science politique, administration publique",_ETUDIANT / ÉLÈVE,Grand Est,Aube (10),30,25,10,65,A,0,0,0,62,0,62,0,0,True,False,0.14268413519762194,0.8573158648023781,Toujours inscrit
9001803,Première,"Armée, défense, sécurité",Lycéen,Occitanie,Pyrénées-Orientales (66),30,30,5,65,A,1,1,1,0,0,1,0,0,False,False,0.12767503490724647,0.8723249650927536,Toujours inscrit
8276487,Seconde Générale et Technologique,Economie,_ETUDIANT / ÉLÈVE,Auvergne-Rhône-Alpes,Ardèche (07),30,25,10,65,A,0,0,0,13,0,115,0,0,True,True,0.13936327219059666,0.8606367278094034,Toujours inscrit
6143735,Bac+2,"Action sociale, animation, sciences sociales",_ETUDIANT / ÉLÈVE,Nouvelle-Aquitaine,Haute-Vienne (87),30,25,10,65,A,1,0,1,2,0,2,0,0,False,False,0.1475714928659182,0.8524285071340818,Toujours inscrit
7445850,Bac+1,"Action sociale, animation, sciences sociales",Etudiant,Grand Est,Marne (51),30,25,10,65,A,0,0,0,10,0,42,0,0,True,True,0.1447296058661778,0.8552703941338222,Toujours inscrit
6833705,Seconde Générale et Technologique,Sport,_ETUDIANT / ÉLÈVE,Nouvelle-Aquitaine,Charente (16),30,30,5,65,A,1,1,1,0,0,1,0,0,False,False,0.12056737588652482,0.8794326241134752,Toujours inscrit
6142407,Bac+4,"Comptabilité, gestion, ressources humaines",_ETUDIANT / ÉLÈVE,Bourgogne-Franche-Comté,Territoire de Belfort (90),30,25,10,65,A,0,0,0,9,0,65,0,0,True,True,0.21923937360178972,0.7807606263982103,Toujours inscrit
5652794,Bac+1,"Vétérinaire, soins aux animaux",Etudiant,,,30,25,10,65,A,0,0,0,16,0,200,0,0,True,True,,,Toujours inscrit
7858077,Bac +5 et au delà,"Sciences de la Terre (environnement, agriculture, agronomie ...)",Etudiant,,,30,25,10,65,A,0,0,0,22,0,125,0,0,True,True,,,Toujours inscrit
6217341,Terminale Générale Agricole,"Cosmétique, esthétique, soins personnels",_ETUDIANT / ÉLÈVE,,,30,25,10,65,A,1,0,1,1,0,4,0,0,False,True,,,Toujours inscrit
5724151,CAP/BEP,Economie,Lycéen,,,30,25,10,65,A,0,0,0,39,0,153,0,0,True,True,,,Toujours inscrit
5869701,Bac+1,"Droit, science politique, administration publique","En recherche d'emploi, de stage / Jeune diplômé",,,30,25,10,65,A,0,0,0,53,0,105,0,0,True,True,,,Toujours inscrit
5672433,Bac+1,"Comptabilité, gestion, ressources humaines",_ETUDIANT / ÉLÈVE,,,30,25,10,65,A,0,0,0,22,0,145,0,0,True,,,,Toujours inscrit
7906185,Seconde Générale et Technologique,"Santé, paramédical",Parent,,,30,25,10,65,A,0,0,0,9,0,67,0,0,True,True,,,Toujours inscrit
5750121,Bac+1,"Comptabilité, gestion, ressources humaines",Etudiant,,,30,30,5,65,A,1,1,1,0,0,0,0,0,True,True,,,Toujours inscrit
8232376,Bac+3,"Arts, audiovisuel, culture",Etudiant,,,30,25,10,65,A,0,0,0,2,1,2,0,0,False,False,,,Toujours inscrit
6614533,Seconde Générale et Technologique,Technologie industrielle,Lycéen,,,30,25,10,65,A,0,0,0,56,0,124,0,0,True,False,,,Toujours inscrit
5776589,Terminale,"Commerce, vente, marketing",Lycéen,,,30,25,10,65,A,0,0,0,2,1,3,0,0,False,False,,,Toujours inscrit
5728237,Terminale Pro,"Cosmétique, esthétique, soins personnels",_ETUDIANT / ÉLÈVE,,,30,25,10,65,A,0,0,0,191,0,246,0,0,True,True,,,Toujours inscrit
6867948,3ème,"Santé, paramédical",Collégien,,,30,25,10,65,A,0,0,0,7,0,110,0,0,True,True,,,Toujours inscrit
5720812,Bac+2,Technologie industrielle,_ETUDIANT / ÉLÈVE,,,30,25,10,65,A,0,0,0,20,0,90,0,0,True,True,,,Toujours inscrit
6797681,Terminale,"Lettres, langues et sciences humaines",_ETUDIANT / ÉLÈVE,,,30,25,10,65,A,0,0,0,23,0,23,0,0,True,False,,,Toujours inscrit
5735191,Bac+4,"Digital, Informatique, multimédia",Etudiant,,,30,25,10,65,A,1,0,2,0,0,4,0,0,False,False,,,Toujours inscrit
6111858,Bac+1,"Santé, paramédical",_ETUDIANT / ÉLÈVE,,,30,30,5,65,A,1,1,1,0,0,0,0,0,,,,,Toujours inscrit
3812532,Bac+1,"Digital, Informatique, multimédia",Etudiant,,,30,25,10,65,A,1,0,1,1,0,3,0,0,True,True,,,Toujours inscrit
7650230,Bac+2,"Sciences de la Terre (environnement, agriculture, agronomie ...)",_ETUDIANT / ÉLÈVE,,,30,25,10,65,A,0,0,0,9,0,123,0,0,True,True,,,Toujours inscrit
8047496,Bac+2,"Communication, information, journalisme",_ETUDIANT / ÉLÈVE,,,30,25,10,65,A,0,0,0,95,0,104,0,0,True,False,,,Toujours inscrit
6222617,Terminale technologique,"Commerce, vente, marketing",Parent,,,30,30,5,65,A,1,1,1,0,0,0,0,0,,,,,Toujours inscrit
5946349,Bac+3,"Banque, assurance, finance, immobilier",Etudiant,,,30,25,10,65,A,0,0,0,16,0,187,0,0,True,True,,,Toujours inscrit
7698931,Terminale,"Lettres, langues et sciences humaines",Lycéen,,,30,25,10,65,A,0,0,0,11,0,11,0,0,True,True,,,Toujours inscrit
6062178,Terminale,"Droit, science politique, administration publique",Lycéen,,,30,30,5,65,A,1,1,1,0,0,0,0,0,,,,,Toujours inscrit
4298056,3ème,"Digital, Informatique, multimédia",Collégien,,,30,25,10,65,A,1,0,1,3,0,34,0,0,True,True,,,Toujours inscrit
5809373,Première,"Mécanique, aéronautique, automobile",Lycéen,,,30,30,5,65,A,1,1,1,0,0,0,0,0,,,,,Toujours inscrit
1001059,3ème,"Arts, audiovisuel, culture",_ETUDIANT / ÉLÈVE,,,30,25,10,65,A,0,0,0,6,0,13,0,0,False,True,,,Toujours inscrit
8261184,Première,"Génie civil, bâtiment",Lycéen,,,30,25,10,65,A,0,0,0,8,0,125,0,0,True,True,,,Toujours inscrit
7169600,Bac+1,"Génie civil, bâtiment",Etudiant,,,30,25,10,65,A,0,0,0,31,0,33,0,0,True,True,,,Toujours inscrit
6119956,Terminale,"Mécanique, aéronautique, automobile",Lycéen,,,30,25,10,65,A,0,0,0,26,0,494,0,0,True,True,,,Toujours inscrit
5867734,Terminale technologique,"Architecture, géographie, aménagement",_ETUDIANT / ÉLÈVE,,,30,25,10,65,A,0,0,0,220,0,295,0,0,True,True,,,Toujours inscrit
6468146,Bac+2,Luxe,_ETUDIANT / ÉLÈVE,,,30,25,10,65,A,1,0,1,1,0,2,0,0,False,False,,,Toujours inscrit
7735505,Première,"International, études à l'étranger",_ETUDIANT / ÉLÈVE,,,30,25,10,65,A,0,0,0,17,0,154,0,0,True,True,,,Toujours inscrit
4331187,Bac+1,Economie,_ETUDIANT / ÉLÈVE,,,30,25,10,65,A,0,0,0,1,1,2,0,0,False,False,,,Toujours inscrit
5829167,Terminale,"Commerce, vente, marketing",_ETUDIANT / ÉLÈVE,,,30,25,10,65,A,0,0,0,255,0,306,0,0,True,True,,,Toujours inscrit
4483056,Bac+2,"Communication, information, journalisme",Etudiant,,,30,30,5,65,A,1,1,1,0,0,40,0,0,False,True,,,Toujours inscrit
5672426,Terminale,Sport,_ETUDIANT / ÉLÈVE,,,30,25,10,65,A,0,0,0,17,0,119,0,0,False,False,,,Toujours inscrit
863883,5ème,"Energie, électricité",Parent,,,30,25,10,65,A,0,0,0,63,0,107,0,0,True,True,,,Toujours inscrit
7036486,Première,Economie,Parent,,,30,25,10,65,A,1,0,2,0,0,3,0,0,False,False,,,Toujours inscrit
3508465,Bac+1,"Energie, électricité",_ETUDIANT / ÉLÈVE,,,30,25,10,65,A,0,0,0,2,1,149,0,0,True,True,,,Toujours inscrit
5326531,Bac+3,"Energie, électricité",Parent,,,30,25,10,65,A,0,0,0,1,1,2,0,0,False,False,,,Toujours inscrit
6985000,Bac+3,"Arts, audiovisuel, culture","En recherche d'emploi, de stage / Jeune diplômé",,,30,25,10,65,A,0,0,0,1,1,1,0,0,False,False,,,Toujours inscrit
6043009,Première,"Arts, audiovisuel, culture",Lycéen,,,30,30,5,65,A,1,1,1,0,0,2,0,0,False,False,,,Toujours inscrit
6076528,Bac+2,"Sciences de la matière (chimie, physique, matériaux, optique…)",Etudiant,,,30,25,10,65,A,0,0,0,275,0,282,0,0,True,True,,,Toujours inscrit
8030765,Terminale,"Digital, Informatique, multimédia",Lycéen,,,30,25,10,65,A,0,0,0,81,0,170,0,0,True,True,,,Toujours inscrit
8737229,Bac+2,"Action sociale, animation, sciences sociales",Etudiant,,,30,25,10,65,A,0,0,0,7,0,7,0,0,True,False,,,Toujours inscrit
8330983,Bac+3,"Energie, électricité",_ETUDIANT / ÉLÈVE,,,30,25,10,65,A,0,0,0,79,0,115,0,0,True,True,,,Toujours inscrit
6123882,Terminale Pro,"Santé, paramédical",Lycéen,,,30,25,10,65,A,0,0,0,33,0,295,0,0,True,False,,,Toujours inscrit
6802309,Terminale,"Comptabilité, gestion, ressources humaines",_ETUDIANT / ÉLÈVE,,,30,25,10,65,A,0,0,0,11,0,61,0,0,True,True,,,Toujours inscrit
6568992,Terminale,"Digital, Informatique, multimédia",Lycéen,,,30,25,10,65,A,1,0,1,1,0,1,0,0,False,False,,,Toujours inscrit
4367122,Bac+2,"Vétérinaire, soins aux animaux","En recherche d'emploi, de stage / Jeune diplômé",,,30,25,10,65,A,1,0,2,0,0,1,0,0,False,False,,,Toujours inscrit
5737866,Bac+3,"Digital, Informatique, multimédia",Etudiant,,,30,30,5,65,A,1,1,1,0,0,3,0,0,False,False,,,Toujours inscrit
6850356,Terminale technologique,Je ne sais pas quoi faire,_ETUDIANT / ÉLÈVE,,,30,15,20,65,A,1,1,2,26,0,13,0,0,False,True,,,Toujours inscrit
8198810,Terminale,Economie,_ETUDIANT / ÉLÈVE,,,30,25,10,65,A,0,0,0,142,0,170,0,0,True,True,,,Toujours inscrit
8082265,4ème,"Sciences de la vie (biologie, biotechnologies...)",_ETUDIANT / ÉLÈVE,,,30,25,10,65,A,0,0,0,56,0,60,0,0,True,True,,,Toujours inscrit
5824873,3ème,"Electronique, automatique",_ETUDIANT / ÉLÈVE,,,30,25,10,65,A,1,0,3,0,0,1,0,0,False,False,,,Toujours inscrit
5741165,Seconde Générale et Technologique,"Santé, paramédical",_ETUDIANT / ÉLÈVE,,,30,25,10,65,A,0,0,0,194,0,256,0,0,True,True,,,Toujours inscrit
5737351,3ème,"Architecture, géographie, aménagement",_ETUDIANT / ÉLÈVE,,,30,30,5,65,A,1,1,1,0,0,0,0,0,,,,,Toujours inscrit
6926086,Bac+2,"Banque, assurance, finance, immobilier",_ETUDIANT / ÉLÈVE,,,30,25,10,65,A,0,0,0,8,0,23,0,0,False,False,,,Toujours inscrit
5812133,Seconde Générale et Technologique,"Armée, défense, sécurité",Lycéen,,,30,30,5,65,A,1,1,1,0,0,0,0,0,True,True,,,Toujours inscrit
8441426,Terminale technologique,"Banque, assurance, finance, immobilier",Lycéen,,,30,25,10,65,A,0,0,0,76,0,84,0,0,True,False,,,Toujours inscrit
7646674,6ème,"Action sociale, animation, sciences sociales",_ETUDIANT / ÉLÈVE,,,30,25,10,65,A,0,0,0,7,0,58,0,0,True,False,,,Toujours inscrit
7807759,6ème,"Santé, paramédical",Collégien,,,30,25,10,65,A,0,0,0,8,0,38,0,0,True,True,,,Toujours inscrit
5705039,Première,"Commerce, vente, marketing",Lycéen,,,30,25,10,65,A,1,0,1,2,0,267,0,0,True,True,,,Toujours inscrit
6195842,Terminale,"Sciences de la Terre (environnement, agriculture, agronomie ...)",Parent,,,30,30,5,65,A,1,1,1,0,0,0,0,0,,,,,Toujours inscrit
8224236,Bac +5 et au delà,"Tourisme, hôtellerie, restauration",_ETUDIANT / ÉLÈVE,,,30,25,10,65,A,0,0,0,55,0,101,0,0,True,True,,,Toujours inscrit
4992693,Terminale,"Santé, paramédical",Lycéen,,,30,25,10,65,A,0,0,0,37,0,146,0,0,True,False,,,Toujours inscrit
8272216,Seconde Pro,"Vétérinaire, soins aux animaux",Lycéen,,,30,25,10,65,A,0,0,0,110,0,126,0,0,True,True,,,Toujours inscrit
5724625,Seconde Générale et Technologique,"Génie civil, bâtiment",Lycéen,,,30,25,10,65,A,0,0,0,214,0,263,0,0,True,True,,,Toujours inscrit
6082234,6ème,"Action sociale, animation, sciences sociales",Lycéen,,,30,25,10,65,A,0,0,0,193,0,272,0,0,True,True,,,Toujours inscrit
7662869,Seconde Générale et Technologique,(Vide),_ETUDIANT / ÉLÈVE,,,30,15,20,65,A,1,1,2,68,0,93,0,0,True,True,,,Toujours inscrit
6067932,Terminale,"Arts, audiovisuel, culture",_ETUDIANT / ÉLÈVE,,,30,25,10,65,A,0,0,0,72,0,198,0,0,True,True,,,Toujours inscrit
8241334,Bac+1,"Armée, défense, sécurité",_ETUDIANT / ÉLÈVE,,,30,25,10,65,A,0,0,0,101,0,105,0,0,True,True,,,Toujours inscrit
7986262,Bac+1,"Droit, science politique, administration publique",Etudiant,,,30,25,10,65,A,0,0,0,6,0,162,0,0,True,True,,,Toujours inscrit
5737372,Terminale,Economie,Lycéen,,,30,25,10,65,A,0,0,0,27,0,161,0,0,True,True,,,Toujours inscrit
8680091,Seconde Générale et Technologique,"Commerce, vente, marketing",Lycéen,,,30,25,10,65,A,0,0,0,37,0,37,0,0,True,False,,,Toujours inscrit
9069135,3ème,"Lettres, langues et sciences humaines",_ETUDIANT / ÉLÈVE,,,30,25,10,65,A,0,0,0,1,1,1,0,0,False,False,,,Toujours inscrit
4002068,Première,"Armée, défense, sécurité",Parent,,,30,30,5,65,A,1,1,1,0,0,0,0,0,,,,,Toujours inscrit
6056117,Bac+3,"Lettres, langues et sciences humaines",_ETUDIANT / ÉLÈVE,,,30,30,5,65,A,1,1,1,0,0,0,0,0,,,,,Toujours inscrit
5710750,Première,Luxe,_ETUDIANT / ÉLÈVE,,,30,25,10,65,A,0,0,0,164,0,275,0,0,True,True,,,Toujours inscrit
7644405,Terminale,"Lettres, langues et sciences humaines",Lycéen,,,30,25,10,65,A,0,0,0,35,0,189,0,0,True,True,,,Toujours inscrit
5707068,Seconde Générale et Technologique,"Sciences de la Terre (environnement, agriculture, agronomie ...)",Parent,,,30,30,5,65,A,1,1,1,0,0,0,0,0,,,,,Toujours inscrit
5836982,Seconde Pro,"Commerce, vente, marketing",_ETUDIANT / ÉLÈVE,,,30,25,10,65,A,0,0,0,233,0,276,0,0,True,True,,,Toujours inscrit
5645299,Première,"Banque, assurance, finance, immobilier",Lycéen,,,30,25,10,65,A,0,0,0,55,0,265,0,0,True,True,,,Toujours inscrit
6084214,Première technologique,"Santé, paramédical",Lycéen,,,30,25,10,65,A,0,0,0,6,0,13,0,0,True,True,,,Toujours inscrit
8807435,Terminale,"Electronique, automatique",_ETUDIANT / ÉLÈVE,,,30,35,0,65,A,0,0,0,0,0,1,1,2,False,False,,,Toujours inscrit
3270483,Terminale,"Sciences de la vie (biologie, biotechnologies...)",_ETUDIANT / ÉLÈVE,,,30,25,10,65,A,0,0,0,3,2,4,0,0,True,True,,,Toujours inscrit
5645210,Bac+3,"Sciences de la vie (biologie, biotechnologies...)",Etudiant,,,30,25,10,65,A,0,0,0,3,1,60,0,0,True,True,,,Toujours inscrit
4355916,Terminale,"Digital, Informatique, multimédia",Lycéen,,,30,25,10,65,A,1,0,1,2,0,37,0,0,True,True,,,Toujours inscrit
5711637,3ème,"Communication, information, journalisme",_ETUDIANT / ÉLÈVE,,,30,25,10,65,A,0,0,0,6,0,161,0,0,True,True,,,Toujours inscrit
5840178,Seconde Générale et Technologique,Economie,Lycéen,,,30,25,10,65,A,0,0,0,9,0,11,0,0,False,True,,,Toujours inscrit
5851247,Bac+3,"Action sociale, animation, sciences sociales",Etudiant,,,30,25,10,65,A,1,0,1,3,0,4,0,0,False,False,,,Toujours inscrit
7765860,Première,Economie,Lycéen,,,30,25,10,65,A,0,0,0,54,0,120,0,0,True,True,,,Toujours inscrit
6721371,Bac+1,"Sciences de la vie (biologie, biotechnologies...)",Etudiant,,,30,25,10,65,A,0,0,0,17,0,116,0,0,True,True,,,Toujours inscrit
8360100,Bac+3,"Energie, électricité",Etudiant,,,30,25,10,65,A,0,0,0,29,0,94,0,0,True,True,,,Toujours inscrit
6108384,Seconde Générale et Technologique,"Action sociale, animation, sciences sociales",_ETUDIANT / ÉLÈVE,,,30,25,10,65,A,0,0,0,321,0,328,0,0,True,True,,,Toujours inscrit
7583097,Bac+3,Economie,Etudiant,,,30,25,10,65,A,0,0,0,15,0,61,0,0,True,True,,,Toujours inscrit
4069580,Seconde Générale et Technologique,"Lettres, langues et sciences humaines",_ETUDIANT / ÉLÈVE,,,30,25,10,65,A,1,0,2,0,0,7,0,0,False,True,,,Toujours inscrit
5725743,Seconde Générale et Technologique,"Digital, Informatique, multimédia",Parent,,,30,25,10,65,A,0,0,0,137,0,148,0,0,True,False,,,Toujours inscrit
5697353,Première Pro,"Comptabilité, gestion, ressources humaines",Parent,,,30,25,10,65,A,0,0,0,10,0,110,0,0,True,True,,,Toujours inscrit
6770676,Terminale technologique,"Action sociale, animation, sciences sociales",_ETUDIANT / ÉLÈVE,,,30,25,10,65,A,0,0,0,20,0,204,0,0,True,False,,,Toujours inscrit
8979664,CAP/BEP,"Communication, information, journalisme",_RECRUTEUR,,,30,25,10,65,A,0,0,0,3,1,25,0,0,True,True,,,Toujours inscrit
5936259,Bac +5 et au delà,"Architecture, géographie, aménagement",_ETUDIANT / ÉLÈVE,,,30,25,10,65,A,0,0,0,286,0,291,0,0,True,False,,,Toujours inscrit
6191112,Bac+1,"Arts, audiovisuel, culture",_ETUDIANT / ÉLÈVE,,,30,30,5,65,A,1,1,1,0,0,0,0,0,,,,,Toujours inscrit
7587253,Terminale technologique,"Communication, information, journalisme",Lycéen,Auvergne-Rhône-Alpes,Ain (01),30,25,10,65,A,0,0,0,13,0,222,0,0,True,True,0.135800387760263,0.864199612239737,Toujours inscrit
8824302,Première technologique,Sport,Parent,Auvergne-Rhône-Alpes,Ain (01),30,25,10,65,A,1,0,1,1,0,16,0,0,True,False,0.14205363879552782,0.8579463612044722,Toujours inscrit
8059101,Terminale Pro,"Digital, Informatique, multimédia",_ETUDIANT / ÉLÈVE,Auvergne-Rhône-Alpes,Ain (01),30,30,5,65,A,1,1,1,0,0,3,0,0,False,False,0.21961225967339715,0.7803877403266029,Toujours inscrit
6158325,Terminale,"International, études à l'étranger",Lycéen,Auvergne-Rhône-Alpes,Ain (01),30,25,10,65,A,1,0,1,4,0,189,0,0,True,True,0.14504881450488144,0.8549511854951185,Toujours inscrit
8457011,Terminale technologique,"Armée, défense, sécurité",_ETUDIANT / ÉLÈVE,Auvergne-Rhône-Alpes,Ain (01),30,25,10,65,A,0,0,0,7,0,7,0,0,True,False,0.14205363879552782,0.8579463612044722,Toujours inscrit
7654729,Bac+3,"Droit, science politique, administration publique","En recherche d'emploi, de stage / Jeune diplômé",Auvergne-Rhône-Alpes,Ain (01),30,25,10,65,A,0,0,0,100,0,109,0,0,True,False,0.14205363879552782,0.8579463612044722,Toujours inscrit
5497026,Terminale,"Mécanique, aéronautique, automobile",_ETUDIANT / ÉLÈVE,Auvergne-Rhône-Alpes,Ain (01),30,30,5,65,A,1,1,1,0,0,0,0,0,,,0.18125743967103128,0.8187425603289687,Toujours inscrit
7229247,Bac+2,Je ne sais pas quoi faire,Parent,Auvergne-Rhône-Alpes,Ain (01),30,15,20,65,A,1,1,2,22,0,49,0,0,True,False,0.1269478725363787,0.8730521274636213,Toujours inscrit
5379871,Bac+2,"Communication, information, journalisme",Parent,Provence-Alpes-Côte d'Azur,Alpes-Maritimes (06),30,25,10,65,A,1,0,1,1,0,2,0,0,False,False,0.16624411445128576,0.8337558855487143,Toujours inscrit
6924461,Seconde Générale et Technologique,"International, études à l'étranger",_ETUDIANT / ÉLÈVE,Provence-Alpes-Côte d'Azur,Alpes-Maritimes (06),30,25,10,65,A,1,0,2,0,0,3,0,0,False,False,0.28727785002167316,0.7127221499783268,Toujours inscrit
6597515,Terminale,Sport,_ETUDIANT / ÉLÈVE,Provence-Alpes-Côte d'Azur,Alpes-Maritimes (06),30,25,10,65,A,0,0,0,37,0,357,0,0,True,True,0.21367718167165553,0.7863228183283445,Toujours inscrit
5380766,Terminale,"Tourisme, hôtellerie, restauration",_ETUDIANT / ÉLÈVE,Provence-Alpes-Côte d'Azur,Alpes-Maritimes (06),30,25,10,65,A,0,0,0,111,0,409,0,0,True,True,0.20840336134453782,0.7915966386554621,Toujours inscrit
5381389,Première,"Arts, audiovisuel, culture",Parent,Provence-Alpes-Côte d'Azur,Alpes-Maritimes (06),30,30,5,65,A,1,1,1,0,0,0,0,0,,,0.17853703145216993,0.8214629685478301,Toujours inscrit
6171184,Terminale,"Communication, information, journalisme",Lycéen,Provence-Alpes-Côte d'Azur,Alpes-Maritimes (06),30,30,5,65,A,1,1,1,0,0,0,0,0,,,0.1575735158128352,0.8424264841871648,Toujours inscrit
8293042,Bac+1,"Vétérinaire, soins aux animaux","En recherche d'emploi, de stage / Jeune diplômé",Provence-Alpes-Côte d'Azur,Alpes-Maritimes (06),30,25,10,65,A,0,0,0,9,0,43,0,0,True,True,0.15675735579320663,0.8432426442067934,Toujours inscrit
6144231,Bac+3,"Communication, information, journalisme",Parent,Provence-Alpes-Côte d'Azur,Alpes-Maritimes (06),30,30,5,65,A,1,1,1,0,0,0,0,0,,,0.35619351408825095,0.643806485911749,Toujours inscrit
5298890,Bac+1,"Communication, information, journalisme",Etudiant,Provence-Alpes-Côte d'Azur,Alpes-Maritimes (06),30,25,10,65,A,0,0,0,105,0,447,0,0,True,True,0.17853703145216993,0.8214629685478301,Toujours inscrit
5329504,Terminale,"Sciences de la Terre (environnement, agriculture, agronomie ...)",Lycéen,Provence-Alpes-Côte d'Azur,Alpes-Maritimes (06),30,25,10,65,A,0,0,0,15,0,361,0,0,True,True,0.1819503683598294,0.8180496316401706,Toujours inscrit
7479359,Terminale technologique,"International, études à l'étranger",Lycéen,Provence-Alpes-Côte d'Azur,Alpes-Maritimes (06),30,30,5,65,A,1,1,1,0,0,0,0,0,True,True,0.17853703145216993,0.8214629685478301,Toujours inscrit
5713357,Terminale,"Comptabilité, gestion, ressources humaines",Lycéen,Grand Est,Bas-Rhin (67),30,25,10,65,A,1,0,1,1,0,1,0,0,False,False,0.12010633156114064,0.8798936684388593,Toujours inscrit
7845965,Terminale,"Vétérinaire, soins aux animaux",Lycéen,Grand Est,Bas-Rhin (67),30,25,10,65,A,1,0,1,5,0,20,0,0,True,False,0.1939254953201248,0.8060745046798752,Toujours inscrit
7871544,3ème,"Vétérinaire, soins aux animaux",_ETUDIANT / ÉLÈVE,Grand Est,Bas-Rhin (67),30,25,10,65,A,0,0,0,24,0,69,0,0,True,True,0.1762360446570973,0.8237639553429027,Toujours inscrit
8282105,Bac+3,"Lettres, langues et sciences humaines",_ETUDIANT / ÉLÈVE,Grand Est,Bas-Rhin (67),30,25,10,65,A,1,0,1,1,0,3,0,0,False,False,0.13612194257355548,0.8638780574264445,Toujours inscrit
5016692,3ème,"Arts, audiovisuel, culture",Collégien,Grand Est,Bas-Rhin (67),30,25,10,65,A,0,0,0,17,0,17,0,0,False,True,0.16976729520085768,0.8302327047991424,Toujours inscrit
7810877,Bac+4,"Comptabilité, gestion, ressources humaines",Etudiant,Grand Est,Bas-Rhin (67),30,25,10,65,A,0,0,0,154,0,172,0,0,True,True,0.09283819628647215,0.9071618037135278,Toujours inscrit
4969215,4ème,"Armée, défense, sécurité",_ETUDIANT / ÉLÈVE,Grand Est,Bas-Rhin (67),30,25,10,65,A,0,0,0,29,0,152,0,0,True,True,0.10679889386859921,0.8932011061314008,Toujours inscrit
8909297,Terminale,"Santé, paramédical",Lycéen,Provence-Alpes-Côte d'Azur,Bouches-du-Rhône (13),30,25,10,65,A,0,0,0,14,0,30,0,0,True,False,0.1557799978043693,0.8442200021956306,Toujours inscrit
6201992,3ème,"Banque, assurance, finance, immobilier",_ETUDIANT / ÉLÈVE,Provence-Alpes-Côte d'Azur,Bouches-du-Rhône (13),30,25,10,65,A,0,0,0,9,0,208,0,0,True,True,0.21590746822790233,0.7840925317720977,Toujours inscrit
9043878,Bac+2,Technologie industrielle,Etudiant,Provence-Alpes-Côte d'Azur,Bouches-du-Rhône (13),30,25,10,65,A,1,0,1,1,0,14,0,0,True,True,0.11279012882535196,0.887209871174648,Toujours inscrit
6102910,Terminale,"Commerce, vente, marketing",Parent,Provence-Alpes-Côte d'Azur,Bouches-du-Rhône (13),30,30,5,65,A,1,1,1,0,0,0,0,0,,,0.24976930175330667,0.7502306982466933,Toujours inscrit
5044244,Seconde Générale et Technologique,"Droit, science politique, administration publique",Lycéen,Provence-Alpes-Côte d'Azur,Bouches-du-Rhône (13),30,30,5,65,A,1,1,1,0,0,0,0,0,False,False,0.18760195758564438,0.8123980424143556,Toujours inscrit
6148085,Première,"Sciences de la matière (chimie, physique, matériaux, optique…)",_ETUDIANT / ÉLÈVE,Provence-Alpes-Côte d'Azur,Bouches-du-Rhône (13),30,30,5,65,A,1,1,1,0,0,0,0,0,,,0.2395397598656416,0.7604602401343584,Toujours inscrit
6116624,4ème,"Action sociale, animation, sciences sociales",Collégien,Provence-Alpes-Côte d'Azur,Bouches-du-Rhône (13),30,25,10,65,A,1,0,2,0,0,0,0,0,,,0.24333360515371444,0.7566663948462856,Toujours inscrit
7698809,Terminale technologique,"Communication, information, journalisme",_ETUDIANT / ÉLÈVE,Provence-Alpes-Côte d'Azur,Bouches-du-Rhône (13),30,25,10,65,A,0,0,0,8,0,201,0,0,True,True,0.11279012882535196,0.887209871174648,Toujours inscrit
7429720,Bac+1,"Transport, logistique",Etudiant,Provence-Alpes-Côte d'Azur,Bouches-du-Rhône (13),30,25,10,65,A,1,0,1,1,0,3,0,0,False,False,0.27521837137221755,0.7247816286277825,Toujours inscrit
7279979,Seconde Pro,"Energie, électricité",_ETUDIANT / ÉLÈVE,Provence-Alpes-Côte d'Azur,Bouches-du-Rhône (13),30,30,5,65,A,1,1,1,0,0,2,0,0,False,False,0.1360741498919595,0.8639258501080405,Toujours inscrit
6347863,Terminale technologique,"Architecture, géographie, aménagement",Lycéen,Provence-Alpes-Côte d'Azur,Bouches-du-Rhône (13),30,25,10,65,A,1,0,1,3,0,66,0,0,True,True,0.2867573705771231,0.7132426294228769,Toujours inscrit
8659142,Terminale,"Sciences de la matière (chimie, physique, matériaux, optique…)",Lycéen,Provence-Alpes-Côte d'Azur,Bouches-du-Rhône (13),30,30,5,65,A,1,1,1,0,0,1,0,0,False,False,0.2867573705771231,0.7132426294228769,Toujours inscrit
5911516,Première,Je ne sais pas quoi faire,_ETUDIANT / ÉLÈVE,Provence-Alpes-Côte d'Azur,Bouches-du-Rhône (13),30,10,25,65,A,1,0,2,74,2,83,0,0,True,True,0.20694690141240557,0.7930530985875944,Toujours inscrit
7930241,Terminale,"Arts, audiovisuel, culture",Lycéen,Provence-Alpes-Côte d'Azur,Bouches-du-Rhône (13),30,30,5,65,A,1,1,1,0,0,6,0,0,True,True,0.3163916391639164,0.6836083608360836,Toujours inscrit
6923212,Terminale,"Banque, assurance, finance, immobilier",Lycéen,Provence-Alpes-Côte d'Azur,Bouches-du-Rhône (13),30,25,10,65,A,0,0,0,140,0,171,0,0,True,True,0.21357285429141717,0.7864271457085829,Toujours inscrit
8809980,3ème,"Energie, électricité",Parent,Provence-Alpes-Côte d'Azur,Bouches-du-Rhône (13),30,25,10,65,A,1,0,1,4,0,21,0,0,True,False,0.20694690141240557,0.7930530985875944,Toujours inscrit
7449169,CAP/BEP,"Comptabilité, gestion, ressources humaines",Parent,Provence-Alpes-Côte d'Azur,Bouches-du-Rhône (13),30,25,10,65,A,0,0,0,2,1,2,0,0,False,False,0.17077877325982083,0.8292212267401792,Toujours inscrit
7388782,3ème,"Santé, paramédical",Collégien,Provence-Alpes-Côte d'Azur,Bouches-du-Rhône (13),30,30,5,65,A,1,1,1,0,0,2,0,0,False,False,0.21583411875589067,0.7841658812441094,Toujours inscrit
6560151,(Vide),"International, études à l'étranger",_ETUDIANT / ÉLÈVE,Provence-Alpes-Côte d'Azur,Bouches-du-Rhône (13),30,15,20,65,A,0,0,0,43,15,97,0,0,True,True,0.3019048073709839,0.6980951926290161,Toujours inscrit
6567031,Bac+2,"Commerce, vente, marketing",Etudiant,Provence-Alpes-Côte d'Azur,Bouches-du-Rhône (13),30,25,10,65,A,0,0,0,196,0,314,0,0,True,False,0.1557799978043693,0.8442200021956306,Toujours inscrit
6770149,4ème,"Cosmétique, esthétique, soins personnels",Parent,Provence-Alpes-Côte d'Azur,Bouches-du-Rhône (13),30,30,5,65,A,1,1,1,0,0,1,0,0,False,False,0.12553614093669938,0.8744638590633006,Toujours inscrit
5336958,Terminale,"Lettres, langues et sciences humaines",_ETUDIANT / ÉLÈVE,Provence-Alpes-Côte d'Azur,Bouches-du-Rhône (13),30,25,10,65,A,0,0,0,16,0,318,0,0,True,False,0.27521837137221755,0.7247816286277825,Toujours inscrit
7833078,Terminale,"Communication, information, journalisme",Lycéen,Provence-Alpes-Côte d'Azur,Bouches-du-Rhône (13),30,30,5,65,A,1,1,1,0,0,3,0,0,False,False,0.2867573705771231,0.7132426294228769,Toujours inscrit
6813025,Seconde Générale et Technologique,"Architecture, géographie, aménagement",_ETUDIANT / ÉLÈVE,Provence-Alpes-Côte d'Azur,Bouches-du-Rhône (13),30,25,10,65,A,0,0,0,15,0,57,0,0,True,False,0.24201557787413808,0.7579844221258619,Toujours inscrit
9053410,Bac+1,"Communication, information, journalisme",Etudiant,Provence-Alpes-Côte d'Azur,Bouches-du-Rhône (13),30,30,5,65,A,1,1,1,0,0,0,0,0,True,True,0.1281112737920937,0.8718887262079063,Toujours inscrit
9061723,Bac+2,"Secretariat, assistant de gestion",_ETUDIANT / ÉLÈVE,Provence-Alpes-Côte d'Azur,Bouches-du-Rhône (13),30,25,10,65,A,1,0,1,5,0,6,0,0,True,True,0.2867573705771231,0.7132426294228769,Toujours inscrit
6321881,Terminale,"Lettres, langues et sciences humaines",_ETUDIANT / ÉLÈVE,Provence-Alpes-Côte d'Azur,Bouches-du-Rhône (13),30,30,5,65,A,1,1,1,0,0,0,0,0,,,0.2395397598656416,0.7604602401343584,Toujours inscrit
6474003,Terminale technologique,"Santé, paramédical",_ETUDIANT / ÉLÈVE,Provence-Alpes-Côte d'Azur,Bouches-du-Rhône (13),30,25,10,65,A,0,0,0,239,0,367,0,0,True,True,0.17700453857791226,0.8229954614220878,Toujours inscrit
5492163,Terminale Pro,"Comptabilité, gestion, ressources humaines","En recherche d'emploi, de stage / Jeune diplômé",Provence-Alpes-Côte d'Azur,Bouches-du-Rhône (13),30,25,10,65,A,0,0,0,17,0,31,0,0,False,True,0.1237234878240377,0.8762765121759623,Toujours inscrit
4897903,Bac+3,"Lettres, langues et sciences humaines",Etudiant,Provence-Alpes-Côte d'Azur,Bouches-du-Rhône (13),30,25,10,65,A,0,0,0,28,0,427,0,0,True,True,0.1991031784411131,0.8008968215588869,Toujours inscrit
8790662,Terminale technologique,Sport,Lycéen,Normandie,Calvados (14),30,25,10,65,A,1,0,1,2,0,5,0,0,False,False,0.13292317655630212,0.8670768234436979,Toujours inscrit
7267042,Seconde Générale et Technologique,"Action sociale, animation, sciences sociales",Parent,Normandie,Calvados (14),30,25,10,65,A,1,0,1,2,0,3,0,0,False,False,0.20319874147876246,0.7968012585212375,Toujours inscrit
6491756,3ème,"Digital, Informatique, multimédia",Collégien,Normandie,Calvados (14),30,25,10,65,A,0,0,0,29,0,65,0,0,True,True,0.17493333333333333,0.8250666666666666,Toujours inscrit
6985336,Bac+1,Je ne sais pas quoi faire,Etudiant,Normandie,Calvados (14),30,15,20,65,A,1,1,3,6,0,2,0,0,False,False,0.17120994739359158,0.8287900526064084,Toujours inscrit
5458466,Terminale,"Sciences de la vie (biologie, biotechnologies...)",_ETUDIANT / ÉLÈVE,Normandie,Calvados (14),30,25,10,65,A,0,0,0,199,0,324,0,0,True,False,0.1600790513833992,0.8399209486166008,Toujours inscrit
8281763,Terminale,"Droit, science politique, administration publique",_ETUDIANT / ÉLÈVE,Normandie,Calvados (14),30,25,10,65,A,0,0,0,144,0,147,0,0,True,True,0.08146067415730338,0.9185393258426966,Toujours inscrit
7040553,Terminale technologique,Je ne sais pas quoi faire,Parent,Normandie,Calvados (14),30,15,20,65,A,1,1,1,11,2,83,0,0,True,True,0.22048734326945824,0.7795126567305417,Toujours inscrit
5757622,Première,"Sciences de la Terre (environnement, agriculture, agronomie ...)",_ETUDIANT / ÉLÈVE,Nouvelle-Aquitaine,Charente-Maritime (17),30,25,10,65,A,0,0,0,73,0,80,0,0,True,True,0.15893043933054393,0.841069560669456,Toujours inscrit
8134815,Seconde Générale et Technologique,"Digital, Informatique, multimédia",Lycéen,Nouvelle-Aquitaine,Charente-Maritime (17),30,30,5,65,A,1,1,1,0,0,2,0,0,False,False,0.15893043933054393,0.841069560669456,Toujours inscrit
5452298,Terminale,"Commerce, vente, marketing",Lycéen,Nouvelle-Aquitaine,Charente-Maritime (17),30,25,10,65,A,0,0,0,74,0,94,0,0,True,True,0.20537059871215235,0.7946294012878476,Toujours inscrit
7138095,Bac+3,"Commerce, vente, marketing",Etudiant,Nouvelle-Aquitaine,Charente-Maritime (17),30,25,10,65,A,1,0,1,1,0,2,0,0,False,False,0.11915412769418463,0.8808458723058153,Toujours inscrit
8813273,6ème,Economie,Parent,Nouvelle-Aquitaine,Charente-Maritime (17),30,30,5,65,A,1,1,1,0,0,1,0,0,False,False,0.12411234764175941,0.8758876523582406,Toujours inscrit
6317033,Première,"Santé, paramédical",Parent,Bretagne,Côtes d'Armor (22),30,30,5,65,A,1,1,1,0,0,2,0,0,False,False,0.15337931034482757,0.8466206896551725,Toujours inscrit
5512180,Terminale,Luxe,Lycéen,Bretagne,Côtes d'Armor (22),30,25,10,65,A,0,0,0,58,0,293,0,0,True,True,0.09852216748768473,0.9014778325123153,Toujours inscrit
8374002,Seconde Générale et Technologique,"International, études à l'étranger",Lycéen,Bretagne,Côtes d'Armor (22),30,25,10,65,A,0,0,0,16,0,108,0,0,True,True,0.16313398940196822,0.8368660105980318,Toujours inscrit
8880895,Terminale,Luxe,Lycéen,Bretagne,Côtes d'Armor (22),30,25,10,65,A,1,0,1,1,0,1,0,0,False,False,0.15337931034482757,0.8466206896551725,Toujours inscrit
7139384,Première,(Vide),Parent,Bretagne,Côtes d'Armor (22),30,15,20,65,A,1,1,2,166,0,108,0,0,True,True,0.13771247479112647,0.8622875252088735,Toujours inscrit
8046716,Seconde Générale et Technologique,"Armée, défense, sécurité",Parent,Bretagne,Côtes d'Armor (22),30,25,10,65,A,0,0,0,150,0,167,0,0,True,False,0.15337931034482757,0.8466206896551725,Toujours inscrit
7834479,Seconde Générale et Technologique,Sport,_ETUDIANT / ÉLÈVE,Bretagne,Côtes d'Armor (22),30,30,5,65,A,1,1,1,0,0,115,0,0,True,True,0.23610734616427215,0.7638926538357278,Toujours inscrit
9024279,Terminale technologique,"Lettres, langues et sciences humaines",_ETUDIANT / ÉLÈVE,Nouvelle-Aquitaine,Deux-Sèvres (79),30,25,10,65,A,0,0,0,21,0,23,0,0,True,True,0.15393322014714206,0.8460667798528579,Toujours inscrit
8173463,Terminale,"Armée, défense, sécurité",_ETUDIANT / ÉLÈVE,Nouvelle-Aquitaine,Deux-Sèvres (79),30,25,10,65,A,1,0,1,1,0,2,0,0,False,False,0.12734711770292978,0.8726528822970702,Toujours inscrit
6923826,Terminale Pro,"Génie civil, bâtiment",_ETUDIANT / ÉLÈVE,Nouvelle-Aquitaine,Deux-Sèvres (79),30,25,10,65,A,0,0,0,303,0,355,0,0,True,True,0.1955274094597269,0.8044725905402731,Toujours inscrit
6745711,3ème,"Action sociale, animation, sciences sociales",_ETUDIANT / ÉLÈVE,Nouvelle-Aquitaine,Deux-Sèvres (79),30,25,10,65,A,1,0,1,1,0,139,0,0,True,True,0.1261741558771262,0.8738258441228738,Toujours inscrit
6785592,Bac+1,"Lettres, langues et sciences humaines",_ETUDIANT / ÉLÈVE,Nouvelle-Aquitaine,Deux-Sèvres (79),30,30,5,65,A,1,1,1,0,0,2,0,0,False,False,0.12048611111111111,0.8795138888888889,Toujours inscrit
6419063,Première,"Lettres, langues et sciences humaines",Lycéen,Nouvelle-Aquitaine,Deux-Sèvres (79),30,25,10,65,A,0,0,0,34,0,111,0,0,True,True,0.110835144365104,0.889164855634896,Toujours inscrit
7129045,Terminale technologique,"Comptabilité, gestion, ressources humaines",Lycéen,Bourgogne-Franche-Comté,Doubs (25),30,30,5,65,A,1,1,1,0,0,2,0,0,False,False,0.12803426939552595,0.871965730604474,Toujours inscrit
6767742,Bac+2,Economie,_ETUDIANT / ÉLÈVE,Bourgogne-Franche-Comté,Doubs (25),30,25,10,65,A,0,0,0,10,0,132,0,0,True,True,0.16174354412495748,0.8382564558750425,Toujours inscrit
6327355,Première,"International, études à l'étranger",_ETUDIANT / ÉLÈVE,Bourgogne-Franche-Comté,Doubs (25),30,30,5,65,A,1,1,1,0,0,2,0,0,False,False,0.2194178334561533,0.7805821665438467,Toujours inscrit
5611106,CAP/BEP,"Commerce, vente, marketing",_ETUDIANT / ÉLÈVE,Bourgogne-Franche-Comté,Doubs (25),30,25,10,65,A,0,0,0,212,0,241,0,0,True,True,0.12389023405972559,0.8761097659402745,Toujours inscrit
5073681,Terminale Pro,"Banque, assurance, finance, immobilier",_ETUDIANT / ÉLÈVE,Bourgogne-Franche-Comté,Doubs (25),30,25,10,65,A,0,0,0,137,0,277,0,0,True,True,0.16174354412495748,0.8382564558750425,Toujours inscrit
7438439,Bac+1,"Arts, audiovisuel, culture",Etudiant,Auvergne-Rhône-Alpes,Drôme (26),30,25,10,65,A,0,0,0,2,1,2,0,0,False,False,0.1638090824837813,0.8361909175162188,Toujours inscrit
7140861,Première technologique,"Tourisme, hôtellerie, restauration",Parent,Auvergne-Rhône-Alpes,Drôme (26),30,25,10,65,A,1,0,1,1,0,1,0,0,False,False,0.19845559845559846,0.8015444015444015,Toujours inscrit
8401334,Terminale technologique,"Armée, défense, sécurité",Lycéen,Auvergne-Rhône-Alpes,Drôme (26),30,25,10,65,A,0,0,0,14,0,125,0,0,True,True,0.1687544483985765,0.8312455516014234,Toujours inscrit
8841597,Terminale,(Vide),Lycéen,Auvergne-Rhône-Alpes,Drôme (26),30,15,20,65,A,1,1,1,13,1,17,0,0,True,True,0.13293704404215076,0.8670629559578492,Toujours inscrit
7161516,Première technologique,"Secretariat, assistant de gestion",_ETUDIANT / ÉLÈVE,Auvergne-Rhône-Alpes,Drôme (26),30,25,10,65,A,0,0,0,32,0,191,0,0,True,True,0.12883935852133732,0.8711606414786627,Toujours inscrit
7417046,4ème,"Tourisme, hôtellerie, restauration",Collégien,Auvergne-Rhône-Alpes,Drôme (26),30,25,10,65,A,0,0,0,7,0,42,0,0,True,False,0.16006415396952686,0.8399358460304731,Toujours inscrit
8493406,Bac+1,"Droit, science politique, administration publique",Etudiant,Île-de-France,Essonne (91),30,25,10,65,A,0,0,0,14,0,79,0,0,True,False,0.28355635039759847,0.7164436496024016,Toujours inscrit
8530673,Seconde Générale et Technologique,"Vétérinaire, soins aux animaux",_ETUDIANT / ÉLÈVE,Île-de-France,Essonne (91),30,25,10,65,A,0,0,0,7,0,77,0,0,True,True,0.16683831101956745,0.8331616889804325,Toujours inscrit
5243192,Terminale,"Communication, information, journalisme",_ETUDIANT / ÉLÈVE,Île-de-France,Essonne (91),30,25,10,65,A,0,0,0,63,0,87,0,0,True,True,0.2459741856177013,0.7540258143822988,Toujours inscrit
5154455,Terminale,"Sciences de la matière (chimie, physique, matériaux, optique…)",Lycéen,Île-de-France,Essonne (91),30,25,10,65,A,0,0,0,34,0,40,0,0,False,True,0.1698328577252344,0.8301671422747656,Toujours inscrit
7344037,Seconde Générale et Technologique,"Droit, science politique, administration publique",Lycéen,Île-de-France,Essonne (91),30,25,10,65,A,0,0,0,201,0,211,0,0,True,True,0.20394182716603965,0.7960581728339604,Toujours inscrit
5292292,Terminale,"Tourisme, hôtellerie, restauration",Lycéen,Île-de-France,Essonne (91),30,25,10,65,A,0,0,0,48,0,94,0,0,True,False,0.1278968997232395,0.8721031002767605,Toujours inscrit
8987303,Bac+2,"Lettres, langues et sciences humaines","En recherche d'emploi, de stage / Jeune diplômé",Île-de-France,Essonne (91),30,25,10,65,A,1,0,1,3,0,17,0,0,True,False,0.1278968997232395,0.8721031002767605,Toujours inscrit
7238289,Seconde Générale et Technologique,"Armée, défense, sécurité",Lycéen,Île-de-France,Essonne (91),30,25,10,65,A,0,0,0,15,0,21,0,0,True,False,0.25237975951903807,0.7476202404809619,Toujours inscrit
5177818,Première,"Arts, audiovisuel, culture",Lycéen,Île-de-France,Essonne (91),30,25,10,65,A,0,0,0,306,0,330,0,0,True,True,0.28355635039759847,0.7164436496024016,Toujours inscrit
6805559,Terminale Pro,"Education, formation","En recherche d'emploi, de stage / Jeune diplômé",Île-de-France,Essonne (91),30,25,10,65,A,0,0,0,24,0,205,0,0,True,True,0.11114514871337863,0.8888548512866213,Toujours inscrit
5986624,Première,"Sciences de la matière (chimie, physique, matériaux, optique…)",_ETUDIANT / ÉLÈVE,Île-de-France,Essonne (91),30,30,5,65,A,1,1,1,0,0,415,0,0,True,True,0.25636711724778094,0.7436328827522191,Toujours inscrit
6691529,Bac +5 et au delà,"International, études à l'étranger",_ETUDIANT / ÉLÈVE,Île-de-France,Essonne (91),30,25,10,65,A,0,0,0,58,0,68,0,0,False,False,0.3217678645187939,0.6782321354812061,Toujours inscrit
6868268,Bac+4,"Comptabilité, gestion, ressources humaines",Etudiant,Île-de-France,Essonne (91),30,25,10,65,A,0,0,0,17,0,93,0,0,True,True,0.22219264386175075,0.7778073561382493,Toujours inscrit
6437536,Terminale technologique,"Mécanique, aéronautique, automobile",_ETUDIANT / ÉLÈVE,Normandie,Eure (27),30,30,5,65,A,1,1,1,0,0,0,0,0,,,0.13559501722767028,0.8644049827723297,Toujours inscrit
7969558,Première Pro,"Banque, assurance, finance, immobilier",_ETUDIANT / ÉLÈVE,Normandie,Eure (27),30,25,10,65,A,0,0,0,55,0,68,0,0,True,True,0.08898245614035087,0.9110175438596492,Toujours inscrit
7778682,Terminale Pro,"Digital, Informatique, multimédia",_ETUDIANT / ÉLÈVE,Normandie,Eure (27),30,25,10,65,A,0,0,0,12,0,165,0,0,True,True,0.17026415094339623,0.8297358490566038,Toujours inscrit
7636015,3ème,"Sciences de la vie (biologie, biotechnologies...)",Parent,Normandie,Eure (27),30,25,10,65,A,1,0,2,0,0,4,0,0,False,False,0.10108200455580865,0.8989179954441914,Toujours inscrit
6778312,Terminale,"Architecture, géographie, aménagement",Lycéen,Normandie,Eure (27),30,25,10,65,A,0,0,0,6,0,7,0,0,False,True,0.16094103750369132,0.8390589624963087,Toujours inscrit
8238978,Bac+4,"Lettres, langues et sciences humaines",Etudiant,Bretagne,Finistère (29),30,25,10,65,A,0,0,0,91,0,120,0,0,True,True,0.14924903074467044,0.8507509692553296,Toujours inscrit
6830409,Terminale technologique,"Communication, information, journalisme",Lycéen,Bretagne,Finistère (29),30,25,10,65,A,0,0,0,24,0,204,0,0,True,False,0.1400183430143687,0.8599816569856313,Toujours inscrit
5128968,3ème,"Lettres, langues et sciences humaines",_ETUDIANT / ÉLÈVE,Bretagne,Finistère (29),30,25,10,65,A,0,0,0,86,0,195,0,0,True,True,0.12593269377188976,0.8740673062281102,Toujours inscrit
6592263,Terminale technologique,"Santé, paramédical","En recherche d'emploi, de stage / Jeune diplômé",Bretagne,Finistère (29),30,25,10,65,A,0,0,0,283,0,341,0,0,True,True,0.14924903074467044,0.8507509692553296,Toujours inscrit
5468228,Bac+4,"Banque, assurance, finance, immobilier",Etudiant,Bretagne,Finistère (29),30,25,10,65,A,0,0,0,230,0,238,0,0,True,True,0.1579982126899017,0.8420017873100983,Toujours inscrit
7695760,Première,"Tourisme, hôtellerie, restauration",Lycéen,Occitanie,Gard (30),30,25,10,65,A,1,0,3,0,0,2,0,0,False,False,0.18835705045278137,0.8116429495472186,Toujours inscrit
6909627,Terminale,"Commerce, vente, marketing",_ETUDIANT / ÉLÈVE,Occitanie,Gard (30),30,25,10,65,A,1,0,2,0,0,2,0,0,False,False,0.22123134968273023,0.7787686503172697,Toujours inscrit
7243981,Terminale technologique,"Electronique, automatique",Lycéen,Occitanie,Gard (30),30,25,10,65,A,1,0,1,2,0,3,0,0,False,False,0.12460063897763578,0.8753993610223643,Toujours inscrit
7028080,Terminale,Economie,Parent,Occitanie,Gard (30),30,30,5,65,A,1,1,1,0,0,1,0,0,False,False,0.3087509349289454,0.6912490650710545,Toujours inscrit
8957895,Terminale,"Digital, Informatique, multimédia",Lycéen,Occitanie,Gard (30),30,25,10,65,A,1,0,1,2,0,2,0,0,False,False,0.1956521739130435,0.8043478260869565,Toujours inscrit
4658273,Terminale,"Mécanique, aéronautique, automobile",_ETUDIANT / ÉLÈVE,Occitanie,Gard (30),30,30,5,65,A,1,1,1,0,0,4,0,0,False,False,0.20228091236494597,0.7977190876350541,Toujours inscrit
8825216,Terminale,"Sciences de la vie (biologie, biotechnologies...)",Lycéen,Occitanie,Gard (30),30,25,10,65,A,1,0,1,1,0,44,0,0,True,True,0.17014846932072,0.82985153067928,Toujours inscrit
8864680,Première,Sport,Lycéen,Occitanie,Gard (30),30,25,10,65,A,1,0,1,1,0,26,0,0,True,True,0.1560645497136908,0.8439354502863092,Toujours inscrit
8784540,Bac+2,"Sciences de la matière (chimie, physique, matériaux, optique…)",_ETUDIANT / ÉLÈVE,Nouvelle-Aquitaine,Gironde (33),30,25,10,65,A,0,0,0,29,0,34,0,0,True,False,0.1875986842105263,0.8124013157894737,Toujours inscrit
8776405,Bac+3,"Sciences de la vie (biologie, biotechnologies...)",_ETUDIANT / ÉLÈVE,Nouvelle-Aquitaine,Gironde (33),30,25,10,65,A,1,0,2,0,0,0,0,0,False,False,0.16242185691132208,0.837578143088678,Toujours inscrit
8375360,Première Pro,"Comptabilité, gestion, ressources humaines",_ETUDIANT / ÉLÈVE,Nouvelle-Aquitaine,Gironde (33),30,25,10,65,A,0,0,0,87,0,110,0,0,True,True,0.23857588135345284,0.7614241186465471,Toujours inscrit
7135398,Première technologique,"Communication, information, journalisme",Lycéen,Nouvelle-Aquitaine,Gironde (33),30,30,5,65,A,1,1,1,0,0,2,0,0,False,False,0.11777829967120713,0.8822217003287929,Toujours inscrit
7199563,Première,"Arts, audiovisuel, culture",Lycéen,Nouvelle-Aquitaine,Gironde (33),30,25,10,65,A,1,0,1,2,0,37,0,0,True,True,0.15237745548008078,0.8476225445199193,Toujours inscrit
5550392,Terminale,"Commerce, vente, marketing",Lycéen,Nouvelle-Aquitaine,Gironde (33),30,25,10,65,A,0,0,0,31,0,44,0,0,False,True,0.23857588135345284,0.7614241186465471,Toujours inscrit
8655999,Terminale technologique,"Droit, science politique, administration publique",Lycéen,Nouvelle-Aquitaine,Gironde (33),30,30,5,65,A,1,1,1,0,0,2,0,0,False,False,0.1506827813530058,0.8493172186469942,Toujours inscrit
9069218,Bac+2,"Electronique, automatique",_ETUDIANT / ÉLÈVE,Nouvelle-Aquitaine,Gironde (33),30,25,10,65,A,1,0,1,1,0,4,0,0,True,False,0.16473114858415527,0.8352688514158447,Toujours inscrit
6308275,Première technologique,"Droit, science politique, administration publique",_ETUDIANT / ÉLÈVE,Nouvelle-Aquitaine,Gironde (33),30,30,5,65,A,1,1,1,0,0,0,0,0,,,0.22623380404716845,0.7737661959528316,Toujours inscrit
8025982,Bac+1,Luxe,Etudiant,Nouvelle-Aquitaine,Gironde (33),30,25,10,65,A,0,0,0,120,0,121,0,0,True,False,0.1875986842105263,0.8124013157894737,Toujours inscrit
8275459,Bac+4,"Commerce, vente, marketing",_ETUDIANT / ÉLÈVE,Nouvelle-Aquitaine,Gironde (33),30,25,10,65,A,0,0,0,5,1,145,0,0,True,True,0.23857588135345284,0.7614241186465471,Toujours inscrit
7114243,Bac+3,Luxe,_ETUDIANT / ÉLÈVE,Nouvelle-Aquitaine,Gironde (33),30,25,10,65,A,1,0,1,1,0,1,0,0,False,False,0.1875986842105263,0.8124013157894737,Toujours inscrit
8122431,Terminale,"Arts, audiovisuel, culture",Lycéen,Nouvelle-Aquitaine,Gironde (33),30,25,10,65,A,1,0,1,1,0,2,0,0,False,False,0.1873218304576144,0.8126781695423856,Toujours inscrit
7576850,Première,"International, études à l'étranger",_ETUDIANT / ÉLÈVE,Nouvelle-Aquitaine,Gironde (33),30,25,10,65,A,0,0,0,10,0,17,0,0,False,True,0.12769617573111022,0.8723038242688897,Toujours inscrit
8129148,Seconde Générale et Technologique,"Droit, science politique, administration publique",Lycéen,Nouvelle-Aquitaine,Gironde (33),30,25,10,65,A,0,0,0,5,1,100,0,0,True,False,0.1507954125046245,0.8492045874953755,Toujours inscrit
5522137,Terminale technologique,"Santé, paramédical",Parent,Nouvelle-Aquitaine,Gironde (33),30,25,10,65,A,0,0,0,17,0,41,0,0,False,True,0.15237745548008078,0.8476225445199193,Toujours inscrit
7459722,Bac+2,"Energie, électricité",Etudiant,Nouvelle-Aquitaine,Gironde (33),30,30,5,65,A,1,1,1,0,0,3,0,0,False,False,0.23857588135345284,0.7614241186465471,Toujours inscrit
8683407,Terminale,"Commerce, vente, marketing",_ETUDIANT / ÉLÈVE,Nouvelle-Aquitaine,Gironde (33),30,25,10,65,A,1,0,1,1,0,2,0,0,False,False,0.23857588135345284,0.7614241186465471,Toujours inscrit
6795618,Bac+1,"Santé, paramédical",_ETUDIANT / ÉLÈVE,Nouvelle-Aquitaine,Gironde (33),30,25,10,65,A,0,0,0,2,1,106,0,0,True,False,0.2089252625077208,0.7910747374922792,Toujours inscrit
6107785,Première,"Communication, information, journalisme",Parent,Nouvelle-Aquitaine,Gironde (33),30,30,5,65,A,1,1,1,0,0,0,0,0,,,0.2378080985915493,0.7621919014084507,Toujours inscrit
5681073,Terminale,"Architecture, géographie, aménagement",_ETUDIANT / ÉLÈVE,Nouvelle-Aquitaine,Gironde (33),30,25,10,65,A,0,0,0,57,0,81,0,0,False,True,0.25357273726639795,0.746427262733602,Toujours inscrit
5589889,CAP/BEP,"Commerce, vente, marketing",Lycéen,Nouvelle-Aquitaine,Gironde (33),30,25,10,65,A,0,0,0,37,0,144,0,0,True,False,0.10073919016157519,0.8992608098384248,Toujours inscrit
8578353,Bac +5 et au delà,"Santé, paramédical",_ETUDIANT / ÉLÈVE,Nouvelle-Aquitaine,Gironde (33),30,25,10,65,A,1,0,1,2,0,2,0,0,False,False,0.23857588135345284,0.7614241186465471,Toujours inscrit
8562916,Première,"Electronique, automatique",Parent,Nouvelle-Aquitaine,Gironde (33),30,25,10,65,A,1,0,1,1,0,2,0,0,False,False,0.23857588135345284,0.7614241186465471,Toujours inscrit
6077500,Bac+2,"Action sociale, animation, sciences sociales",Etudiant,Nouvelle-Aquitaine,Gironde (33),30,25,10,65,A,1,0,1,2,0,4,0,0,False,False,0.1875986842105263,0.8124013157894737,Toujours inscrit
6518755,Terminale,"Commerce, vente, marketing",_ETUDIANT / ÉLÈVE,Nouvelle-Aquitaine,Gironde (33),30,25,10,65,A,0,0,0,27,0,311,0,0,True,True,0.1875986842105263,0.8124013157894737,Toujours inscrit
4830991,3ème,"Arts, audiovisuel, culture",_ETUDIANT / ÉLÈVE,Nouvelle-Aquitaine,Gironde (33),30,25,10,65,A,1,0,1,1,0,2,0,0,False,False,0.1455728372471282,0.8544271627528718,Toujours inscrit
6276596,Terminale,"Santé, paramédical",_ETUDIANT / ÉLÈVE,Nouvelle-Aquitaine,Gironde (33),30,30,5,65,A,1,1,1,0,0,0,0,0,,,0.11517275913870806,0.8848272408612919,Toujours inscrit
8778402,Bac+3,"Arts, audiovisuel, culture",_ETUDIANT / ÉLÈVE,Nouvelle-Aquitaine,Gironde (33),30,25,10,65,A,1,0,1,1,0,1,0,0,False,False,0.23857588135345284,0.7614241186465471,Toujours inscrit
8880935,Seconde Générale et Technologique,"Santé, paramédical",Lycéen,Nouvelle-Aquitaine,Gironde (33),30,25,10,65,A,1,0,1,1,0,1,0,0,False,False,0.13399418902751667,0.8660058109724833,Toujours inscrit
6292164,5ème,"Tourisme, hôtellerie, restauration",Parent,Nouvelle-Aquitaine,Gironde (33),30,30,5,65,A,1,1,1,0,0,0,0,0,,,0.18458274398868457,0.8154172560113154,Toujours inscrit
7868665,Première Pro,"Cosmétique, esthétique, soins personnels",_ETUDIANT / ÉLÈVE,Nouvelle-Aquitaine,Gironde (33),30,25,10,65,A,0,0,0,44,0,148,0,0,True,True,0.11777829967120713,0.8822217003287929,Toujours inscrit
6015282,Première,"Droit, science politique, administration publique",_ETUDIANT / ÉLÈVE,Nouvelle-Aquitaine,Gironde (33),30,30,5,65,A,1,1,1,0,0,174,0,0,True,True,0.23857588135345284,0.7614241186465471,Toujours inscrit
6882306,Première,Technologie industrielle,Lycéen,Occitanie,Haute-Garonne (31),30,30,5,65,A,1,1,1,0,0,1,0,0,False,False,0.2065516546955763,0.7934483453044238,Toujours inscrit
9071698,Bac+4,"Commerce, vente, marketing",_ETUDIANT / ÉLÈVE,Occitanie,Haute-Garonne (31),30,25,10,65,A,1,0,1,1,0,4,0,0,True,True,0.24108351876927817,0.7589164812307219,Toujours inscrit
5268587,Bac+1,"Lettres, langues et sciences humaines",_ETUDIANT / ÉLÈVE,Occitanie,Haute-Garonne (31),30,25,10,65,A,0,0,0,205,0,328,0,0,True,True,0.24108351876927817,0.7589164812307219,Toujours inscrit
5206123,Première technologique,"Mécanique, aéronautique, automobile",_ETUDIANT / ÉLÈVE,Occitanie,Haute-Garonne (31),30,25,10,65,A,0,0,0,161,0,226,0,0,True,True,0.22782084409991388,0.7721791559000861,Toujours inscrit
6852951,Seconde Générale et Technologique,"Droit, science politique, administration publique",_ETUDIANT / ÉLÈVE,Occitanie,Haute-Garonne (31),30,30,5,65,A,1,1,1,0,0,0,0,0,True,False,0.3841314935064935,0.6158685064935064,Toujours inscrit
4548060,Terminale,Economie,_ETUDIANT / ÉLÈVE,Occitanie,Haute-Garonne (31),30,25,10,65,A,0,0,0,59,0,66,0,0,True,True,0.29359228806351007,0.7064077119364899,Toujours inscrit
7537179,Bac+1,"Arts, audiovisuel, culture",_ETUDIANT / ÉLÈVE,Occitanie,Haute-Garonne (31),30,25,10,65,A,0,0,0,20,0,185,0,0,True,True,0.24108351876927817,0.7589164812307219,Toujours inscrit
8411353,Terminale,"Sciences de la matière (chimie, physique, matériaux, optique…)",Lycéen,Occitanie,Haute-Garonne (31),30,25,10,65,A,0,0,0,16,0,97,0,0,True,False,0.24108351876927817,0.7589164812307219,Toujours inscrit
6023010,Bac +5 et au delà,"Sciences de la matière (chimie, physique, matériaux, optique…)",Etudiant,Occitanie,Haute-Garonne (31),30,25,10,65,A,0,0,0,380,0,460,0,0,True,True,0.24108351876927817,0.7589164812307219,Toujours inscrit
5092756,Bac+2,"Comptabilité, gestion, ressources humaines",_ETUDIANT / ÉLÈVE,Occitanie,Haute-Garonne (31),30,30,5,65,A,1,1,1,0,0,0,0,0,True,False,0.24108351876927817,0.7589164812307219,Toujours inscrit
7686273,Terminale Pro,"Armée, défense, sécurité",Lycéen,Occitanie,Haute-Garonne (31),30,25,10,65,A,0,0,0,76,0,123,0,0,True,True,0.24108351876927817,0.7589164812307219,Toujours inscrit
7505417,Seconde Générale et Technologique,"Vétérinaire, soins aux animaux",_ETUDIANT / ÉLÈVE,Occitanie,Haute-Garonne (31),30,25,10,65,A,0,0,0,114,0,134,0,0,True,True,0.24108351876927817,0.7589164812307219,Toujours inscrit
5315452,Terminale,"Droit, science politique, administration publique",_ETUDIANT / ÉLÈVE,Occitanie,Haute-Garonne (31),30,25,10,65,A,0,0,0,20,0,20,0,0,True,True,0.24108351876927817,0.7589164812307219,Toujours inscrit
8048810,Bac+2,Technologie industrielle,_ETUDIANT / ÉLÈVE,Occitanie,Haute-Garonne (31),30,25,10,65,A,0,0,0,12,0,249,0,0,True,True,0.24108351876927817,0.7589164812307219,Toujours inscrit
7770134,Terminale,(Vide),Parent,Occitanie,Haute-Garonne (31),30,10,25,65,A,1,0,1,28,3,99,0,0,True,True,0.15586071603727317,0.8441392839627269,Toujours inscrit
8511454,Terminale,"Commerce, vente, marketing",Parent,Occitanie,Haute-Garonne (31),30,25,10,65,A,1,0,1,2,0,2,0,0,False,False,0.19296465415186875,0.8070353458481312,Toujours inscrit
6884919,Seconde Pro,Economie,Lycéen,Occitanie,Haute-Garonne (31),30,30,5,65,A,1,1,1,0,0,1,0,0,False,False,0.274320987654321,0.725679012345679,Toujours inscrit
8566703,3ème,"Action sociale, animation, sciences sociales",Collégien,Occitanie,Haute-Garonne (31),30,25,10,65,A,1,0,1,4,0,22,0,0,True,False,0.25076923076923074,0.7492307692307693,Toujours inscrit
6885844,3ème,(Vide),Collégien,Auvergne-Rhône-Alpes,Haute-Savoie (74),30,15,20,65,A,1,1,1,16,2,91,0,0,True,True,0.19834533147093586,0.8016546685290642,Toujours inscrit
5237665,Terminale,"Armée, défense, sécurité",Lycéen,Auvergne-Rhône-Alpes,Haute-Savoie (74),30,30,5,65,A,1,1,1,0,0,2,0,0,False,False,0.13858034486406431,0.8614196551359357,Toujours inscrit
7973417,Première,Technologie industrielle,Lycéen,Auvergne-Rhône-Alpes,Haute-Savoie (74),30,30,5,65,A,1,1,1,0,0,2,0,0,False,False,0.20452316076294277,0.7954768392370573,Toujours inscrit
5468711,Première,"Cosmétique, esthétique, soins personnels",Parent,Auvergne-Rhône-Alpes,Haute-Savoie (74),30,30,5,65,A,1,1,1,0,0,0,0,0,,,0.13553113553113552,0.8644688644688645,Toujours inscrit
5995495,Seconde Générale et Technologique,"Sciences de la matière (chimie, physique, matériaux, optique…)",Parent,Auvergne-Rhône-Alpes,Haute-Savoie (74),30,30,5,65,A,1,1,1,0,0,0,0,0,,,0.24994224994224995,0.7500577500577501,Toujours inscrit
7973417,Première,"Electronique, automatique",_ETUDIANT / ÉLÈVE,Auvergne-Rhône-Alpes,Haute-Savoie (74),30,30,5,65,A,1,1,1,0,0,2,0,0,False,False,0.20452316076294277,0.7954768392370573,Toujours inscrit
7168729,Première,"Sciences de la Terre (environnement, agriculture, agronomie ...)",Lycéen,Auvergne-Rhône-Alpes,Haute-Savoie (74),30,25,10,65,A,1,0,1,1,0,2,0,0,False,False,0.20073999587458746,0.7992600041254125,Toujours inscrit
5619408,Terminale,"Génie civil, bâtiment",_ETUDIANT / ÉLÈVE,Auvergne-Rhône-Alpes,Haute-Savoie (74),30,25,10,65,A,0,0,0,383,0,399,0,0,True,True,0.20168259164795005,0.7983174083520499,Toujours inscrit
8563654,Terminale,(Vide),Parent,Auvergne-Rhône-Alpes,Haute-Savoie (74),30,15,20,65,A,1,1,2,56,0,28,0,0,True,False,0.19326500732064422,0.8067349926793558,Toujours inscrit
5283667,Terminale,"Sciences de la matière (chimie, physique, matériaux, optique…)",_ETUDIANT / ÉLÈVE,Île-de-France,Hauts-de-Seine (92),30,25,10,65,A,0,0,0,84,0,131,0,0,True,True,0.3945911607223886,0.6054088392776114,Toujours inscrit
6887911,Première,(Vide),Parent,Île-de-France,Hauts-de-Seine (92),30,15,20,65,A,1,1,1,66,1,118,0,0,True,True,0.397253140662631,0.602746859337369,Toujours inscrit
5480083,Terminale,"Transport, logistique",_ETUDIANT / ÉLÈVE,Île-de-France,Hauts-de-Seine (92),30,25,10,65,A,0,0,0,497,0,546,0,0,True,True,0.41135798912456334,0.5886420108754367,Toujours inscrit
5204764,Terminale,"Digital, Informatique, multimédia",Lycéen,Île-de-France,Hauts-de-Seine (92),30,25,10,65,A,0,0,0,1,1,1,0,0,,,0.397253140662631,0.602746859337369,Toujours inscrit
8368390,Bac+2,"Communication, information, journalisme",_ETUDIANT / ÉLÈVE,Île-de-France,Hauts-de-Seine (92),30,25,10,65,A,0,0,0,111,0,129,0,0,True,True,0.19307177958591798,0.806928220414082,Toujours inscrit
9014888,Première,"Commerce, vente, marketing",Lycéen,Île-de-France,Hauts-de-Seine (92),30,30,5,65,A,1,1,1,0,0,27,0,0,True,True,0.2586796350805346,0.7413203649194654,Toujours inscrit
8988054,4ème,"Mécanique, aéronautique, automobile",Collégien,Île-de-France,Hauts-de-Seine (92),30,25,10,65,A,0,0,0,1,1,12,0,0,True,True,0.43824520231651465,0.5617547976834854,Toujours inscrit
8591977,Première,"Droit, science politique, administration publique",Parent,Île-de-France,Hauts-de-Seine (92),30,30,5,65,A,1,1,1,0,0,36,0,0,True,False,0.3435872128091243,0.6564127871908757,Toujours inscrit
8270771,Terminale,"Commerce, vente, marketing",_ETUDIANT / ÉLÈVE,Île-de-France,Hauts-de-Seine (92),30,25,10,65,A,0,0,0,17,0,199,0,0,True,True,0.3781813068718237,0.6218186931281763,Toujours inscrit
4976379,Seconde Générale et Technologique,"Droit, science politique, administration publique",_ETUDIANT / ÉLÈVE,Île-de-France,Hauts-de-Seine (92),30,25,10,65,A,0,0,0,174,0,190,0,0,True,True,0.19307177958591798,0.806928220414082,Toujours inscrit
5947880,Terminale,"Sciences de la matière (chimie, physique, matériaux, optique…)",Lycéen,Île-de-France,Hauts-de-Seine (92),30,30,5,65,A,1,1,1,0,0,0,0,0,,,0.3891043509877591,0.6108956490122409,Toujours inscrit
5227822,Terminale,"Commerce, vente, marketing",Lycéen,Île-de-France,Hauts-de-Seine (92),30,25,10,65,A,0,0,0,9,0,136,0,0,False,True,0.26254036108963574,0.7374596389103643,Toujours inscrit
8157399,Première,"Communication, information, journalisme",_ETUDIANT / ÉLÈVE,Île-de-France,Hauts-de-Seine (92),30,25,10,65,A,1,0,1,2,0,2,0,0,False,False,0.397253140662631,0.602746859337369,Toujours inscrit
8472866,Bac+1,"Commerce, vente, marketing",Etudiant,Île-de-France,Hauts-de-Seine (92),30,25,10,65,A,1,0,1,2,0,2,0,0,False,False,0.3781813068718237,0.6218186931281763,Toujours inscrit
7812571,Première,Luxe,_ETUDIANT / ÉLÈVE,Île-de-France,Hauts-de-Seine (92),30,25,10,65,A,0,0,0,11,0,172,0,0,True,False,0.41394405295750586,0.5860559470424941,Toujours inscrit
7666757,Bac+1,"Arts, audiovisuel, culture",_ETUDIANT / ÉLÈVE,Île-de-France,Hauts-de-Seine (92),30,30,5,65,A,1,1,1,0,0,2,0,0,False,False,0.19307177958591798,0.806928220414082,Toujours inscrit
5433782,Seconde Générale et Technologique,"Génie civil, bâtiment",Lycéen,Île-de-France,Hauts-de-Seine (92),30,25,10,65,A,0,0,0,253,0,293,0,0,True,True,0.3781813068718237,0.6218186931281763,Toujours inscrit
6321226,Bac+4,"Banque, assurance, finance, immobilier",Etudiant,Île-de-France,Hauts-de-Seine (92),30,25,10,65,A,0,0,0,290,0,413,0,0,True,True,0.10813891362422083,0.8918610863757792,Toujours inscrit
8523516,Terminale,"Sciences de la Terre (environnement, agriculture, agronomie ...)",Lycéen,Île-de-France,Hauts-de-Seine (92),30,25,10,65,A,0,0,0,98,0,107,0,0,True,True,0.4243122501763461,0.5756877498236539,Toujours inscrit
6122289,3ème,"Commerce, vente, marketing",_ETUDIANT / ÉLÈVE,Île-de-France,Hauts-de-Seine (92),30,30,5,65,A,1,1,1,0,0,0,0,0,True,False,0.3781813068718237,0.6218186931281763,Toujours inscrit
8562798,Première,"Transport, logistique",_ETUDIANT / ÉLÈVE,Île-de-France,Hauts-de-Seine (92),30,25,10,65,A,0,0,0,2,1,2,0,0,False,False,0.3557320301364284,0.6442679698635716,Toujours inscrit
7594819,Terminale,"Commerce, vente, marketing",_ETUDIANT / ÉLÈVE,Île-de-France,Hauts-de-Seine (92),30,25,10,65,A,0,0,0,23,0,30,0,0,False,True,0.3435872128091243,0.6564127871908757,Toujours inscrit
8250910,Terminale technologique,"Comptabilité, gestion, ressources humaines",Lycéen,Île-de-France,Hauts-de-Seine (92),30,25,10,65,A,1,0,1,1,0,2,0,0,False,False,0.17129959610358755,0.8287004038964124,Toujours inscrit
8152179,Terminale,"Architecture, géographie, aménagement",_ETUDIANT / ÉLÈVE,Occitanie,Hérault (34),30,25,10,65,A,0,0,0,1,1,2,0,0,False,False,0.14211357389321014,0.8578864261067899,Toujours inscrit
9092845,Bac+2,"Communication, information, journalisme",_ETUDIANT / ÉLÈVE,Occitanie,Hérault (34),30,30,5,65,A,1,1,1,0,0,0,0,0,True,True,0.2082126875493551,0.7917873124506449,Toujours inscrit
7252641,4ème,Sport,Collégien,Occitanie,Hérault (34),30,25,10,65,A,1,0,1,3,0,44,0,0,True,True,0.13392670157068062,0.8660732984293193,Toujours inscrit
8933706,Terminale,"Santé, paramédical",Lycéen,Occitanie,Hérault (34),30,30,5,65,A,1,1,1,0,0,1,0,0,False,False,0.14211357389321014,0.8578864261067899,Toujours inscrit
8322649,Première,"Commerce, vente, marketing",Parent,Occitanie,Hérault (34),30,25,10,65,A,0,0,0,12,0,97,0,0,True,False,0.14291701592623637,0.8570829840737636,Toujours inscrit
7400661,Bac+3,"Action sociale, animation, sciences sociales",_ETUDIANT / ÉLÈVE,Occitanie,Hérault (34),30,25,10,65,A,1,0,1,1,0,3,0,0,False,False,0.23288672350791717,0.7671132764920828,Toujours inscrit
7567175,Terminale,"Banque, assurance, finance, immobilier",Lycéen,Occitanie,Hérault (34),30,30,5,65,A,1,1,1,0,0,4,0,0,False,False,0.11681148635338921,0.8831885136466108,Toujours inscrit
8215124,Terminale,Luxe,_ETUDIANT / ÉLÈVE,Occitanie,Hérault (34),30,30,5,65,A,1,1,1,0,0,2,0,0,False,False,0.21622826571555953,0.7837717342844405,Toujours inscrit
7290536,Terminale,"Comptabilité, gestion, ressources humaines",Parent,Occitanie,Hérault (34),30,30,5,65,A,1,1,1,0,0,4,0,0,False,False,0.14065335753176045,0.8593466424682396,Toujours inscrit
8610874,3ème,"Santé, paramédical",_ETUDIANT / ÉLÈVE,Occitanie,Hérault (34),30,25,10,65,A,0,0,0,17,0,19,0,0,True,False,0.16434004848282202,0.835659951517178,Toujours inscrit
6285907,Bac+3,"Communication, information, journalisme",Etudiant,Occitanie,Hérault (34),30,25,10,65,A,0,0,0,130,0,394,0,0,True,True,0.24725624304119612,0.7527437569588039,Toujours inscrit
8938320,Terminale,"Sciences de la vie (biologie, biotechnologies...)",Lycéen,Occitanie,Hérault (34),30,30,5,65,A,1,1,1,0,0,1,0,0,False,False,0.19046986992301565,0.8095301300769844,Toujours inscrit
4919200,Première,"Lettres, langues et sciences humaines",Lycéen,Occitanie,Hérault (34),30,25,10,65,A,0,0,0,278,0,316,0,0,True,True,0.19046986992301565,0.8095301300769844,Toujours inscrit
7100136,Bac +5 et au delà,Economie,_ETUDIANT / ÉLÈVE,Occitanie,Hérault (34),30,25,10,65,A,0,0,0,127,0,142,0,0,False,True,0.18691384950926937,0.8130861504907306,Toujours inscrit
8553653,Terminale,Je ne sais pas quoi faire,Parent,Occitanie,Hérault (34),30,15,20,65,A,1,1,2,108,0,55,0,0,True,True,0.17950108177149857,0.8204989182285014,Toujours inscrit
8319461,Bac+3,"Comptabilité, gestion, ressources humaines","En recherche d'emploi, de stage / Jeune diplômé",Occitanie,Hérault (34),30,25,10,65,A,1,0,1,2,0,2,0,0,False,False,0.17950108177149857,0.8204989182285014,Toujours inscrit
8100857,Seconde Pro,"Arts, audiovisuel, culture",Parent,Occitanie,Hérault (34),30,25,10,65,A,0,0,0,1,1,1,0,0,False,False,0.23288672350791717,0.7671132764920828,Toujours inscrit
6490223,Terminale,"Communication, information, journalisme",_ETUDIANT / ÉLÈVE,Occitanie,Hérault (34),30,30,5,65,A,1,1,1,0,0,0,0,0,,,0.26568682871678917,0.7343131712832108,Toujours inscrit
7248045,Terminale,"Education, formation",Lycéen,Occitanie,Hérault (34),30,30,5,65,A,1,1,1,0,0,4,0,0,False,False,0.11681148635338921,0.8831885136466108,Toujours inscrit
8222097,Terminale,"Electronique, automatique",Parent,Occitanie,Hérault (34),30,25,10,65,A,1,0,1,2,0,2,0,0,False,False,0.17950108177149857,0.8204989182285014,Toujours inscrit
8946080,Première,"Digital, Informatique, multimédia",Lycéen,Occitanie,Hérault (34),30,30,5,65,A,1,1,1,0,0,1,0,0,False,False,0.15539858728557013,0.8446014127144299,Toujours inscrit
4959617,Terminale,"Arts, audiovisuel, culture",_ETUDIANT / ÉLÈVE,Occitanie,Hérault (34),30,25,10,65,A,0,0,0,153,0,170,0,0,True,True,0.17950108177149857,0.8204989182285014,Toujours inscrit
4594697,4ème,"Communication, information, journalisme",Parent,Occitanie,Hérault (34),30,30,5,65,A,1,1,1,0,0,0,0,0,,,0.15598765875008969,0.8440123412499103,Toujours inscrit
5592999,Terminale,Economie,Lycéen,Occitanie,Hérault (34),30,25,10,65,A,0,0,0,168,0,171,0,0,True,True,0.11681148635338921,0.8831885136466108,Toujours inscrit
8985181,Bac+1,"Lettres, langues et sciences humaines",_ETUDIANT / ÉLÈVE,Occitanie,Hérault (34),30,25,10,65,A,0,0,0,25,0,28,0,0,True,True,0.2651882221393962,0.7348117778606038,Toujours inscrit
4998108,Terminale Pro,"International, études à l'étranger",_ETUDIANT / ÉLÈVE,Occitanie,Hérault (34),30,25,10,65,A,0,0,0,195,0,328,0,0,True,True,0.1711173944915698,0.8288826055084302,Toujours inscrit
7256352,Terminale,Sport,Parent,Occitanie,Hérault (34),30,25,10,65,A,1,0,1,1,0,2,0,0,False,False,0.21955128205128205,0.780448717948718,Toujours inscrit
5379351,Terminale,Economie,Lycéen,Occitanie,Hérault (34),30,25,10,65,A,0,0,0,153,0,421,0,0,True,True,0.2689842687900563,0.7310157312099437,Toujours inscrit
5763973,Première,"Santé, paramédical",Lycéen,Occitanie,Hérault (34),30,25,10,65,A,0,0,0,2,1,19,0,0,False,True,0.11681148635338921,0.8831885136466108,Toujours inscrit
8340364,Terminale,"Banque, assurance, finance, immobilier",_ETUDIANT / ÉLÈVE,Occitanie,Hérault (34),30,25,10,65,A,0,0,0,41,0,198,0,0,True,True,0.17950108177149857,0.8204989182285014,Toujours inscrit
5465560,3ème,"Digital, Informatique, multimédia",Collégien,Occitanie,Hérault (34),30,25,10,65,A,0,0,0,166,0,168,0,0,True,True,0.19620958751393533,0.8037904124860646,Toujours inscrit
8943462,Seconde Générale et Technologique,Sport,Lycéen,Occitanie,Hérault (34),30,25,10,65,A,1,0,1,1,0,1,0,0,False,False,0.17950108177149857,0.8204989182285014,Toujours inscrit
6334316,Terminale,"Digital, Informatique, multimédia",Lycéen,Bretagne,Ille-et-Vilaine (35),30,30,5,65,A,1,1,1,0,0,0,0,0,,,0.2851072049449488,0.7148927950550512,Toujours inscrit
8248293,Bac+2,"Commerce, vente, marketing",_ETUDIANT / ÉLÈVE,Bretagne,Ille-et-Vilaine (35),30,25,10,65,A,1,0,1,2,0,110,0,0,True,False,0.17674817674817675,0.8232518232518232,Toujours inscrit
8844980,Terminale,"Banque, assurance, finance, immobilier",Lycéen,Bretagne,Ille-et-Vilaine (35),30,30,5,65,A,1,1,1,0,0,1,0,0,False,False,0.2209846986572291,0.7790153013427709,Toujours inscrit
6162241,Seconde Générale et Technologique,"Armée, défense, sécurité",Lycéen,Bretagne,Ille-et-Vilaine (35),30,30,5,65,A,1,1,1,0,0,0,0,0,,,0.15265430530861063,0.8473456946913894,Toujours inscrit
4917665,Première,"Sciences de la matière (chimie, physique, matériaux, optique…)",Lycéen,Bretagne,Ille-et-Vilaine (35),30,25,10,65,A,0,0,0,274,0,300,0,0,True,True,0.14397759103641455,0.8560224089635854,Toujours inscrit
6332376,Terminale,"Commerce, vente, marketing",_ETUDIANT / ÉLÈVE,Bretagne,Ille-et-Vilaine (35),30,30,5,65,A,1,1,1,0,0,0,0,0,,,0.14738749622470554,0.8526125037752945,Toujours inscrit
7163967,Première technologique,"Cosmétique, esthétique, soins personnels",Lycéen,Bretagne,Ille-et-Vilaine (35),30,30,5,65,A,1,1,1,0,0,2,0,0,False,False,0.20305434804517694,0.796945651954823,Toujours inscrit
8091892,Seconde Générale et Technologique,"Communication, information, journalisme",Lycéen,Bretagne,Ille-et-Vilaine (35),30,25,10,65,A,0,0,0,32,0,128,0,0,True,False,0.13616826179150668,0.8638317382084933,Toujours inscrit
6805031,Bac+1,"Education, formation",Etudiant,Bretagne,Ille-et-Vilaine (35),30,25,10,65,A,0,0,0,37,0,46,0,0,False,True,0.13616826179150668,0.8638317382084933,Toujours inscrit
6300252,Première technologique,"Comptabilité, gestion, ressources humaines",Parent,Bretagne,Ille-et-Vilaine (35),30,30,5,65,A,1,1,1,0,0,0,0,0,,,0.18525223268163166,0.8147477673183683,Toujours inscrit
7149817,Seconde Générale et Technologique,"Droit, science politique, administration publique",Parent,Bretagne,Ille-et-Vilaine (35),30,30,5,65,A,1,1,1,0,0,2,0,0,False,False,0.20305434804517694,0.796945651954823,Toujours inscrit
7119942,Terminale technologique,"Digital, Informatique, multimédia",Lycéen,Bretagne,Ille-et-Vilaine (35),30,25,10,65,A,1,0,1,2,0,22,0,0,False,True,0.15061837455830387,0.8493816254416962,Toujours inscrit
8899760,Terminale,"Commerce, vente, marketing",_ETUDIANT / ÉLÈVE,Bretagne,Ille-et-Vilaine (35),30,30,5,65,A,1,1,1,0,0,1,0,0,False,False,0.19435629127712498,0.805643708722875,Toujours inscrit
5117504,Bac+2,"Communication, information, journalisme","En recherche d'emploi, de stage / Jeune diplômé",Bretagne,Ille-et-Vilaine (35),30,25,10,65,A,0,0,0,9,0,340,0,0,True,False,0.12498740046366294,0.875012599536337,Toujours inscrit
6524419,Seconde Générale et Technologique,"Armée, défense, sécurité",Lycéen,Bretagne,Ille-et-Vilaine (35),30,30,5,65,A,1,1,1,0,0,1,0,0,False,False,0.20305434804517694,0.796945651954823,Toujours inscrit
7170428,Première,"Arts, audiovisuel, culture",Lycéen,Bretagne,Ille-et-Vilaine (35),30,25,10,65,A,1,0,1,1,0,6,0,0,False,False,0.16657408142210936,0.8334259185778906,Toujours inscrit
5006244,Terminale Pro,"Sciences de la matière (chimie, physique, matériaux, optique…)",Lycéen,Bretagne,Ille-et-Vilaine (35),30,25,10,65,A,0,0,0,7,0,315,0,0,True,True,0.11022787493375728,0.8897721250662427,Toujours inscrit
4916683,Seconde Générale et Technologique,"Sciences de la vie (biologie, biotechnologies...)",Lycéen,Bretagne,Ille-et-Vilaine (35),30,25,10,65,A,0,0,0,100,0,186,0,0,True,True,0.14397759103641455,0.8560224089635854,Toujours inscrit
8868410,Terminale,"Santé, paramédical","En recherche d'emploi, de stage / Jeune diplômé",Bretagne,Ille-et-Vilaine (35),30,25,10,65,A,1,0,2,0,0,33,0,0,True,True,0.13338595106550907,0.8666140489344909,Toujours inscrit
7171351,Seconde Générale et Technologique,"International, études à l'étranger",Lycéen,Centre-Val de Loire,Indre-et-Loire (37),30,25,10,65,A,1,0,1,1,0,32,0,0,True,False,0.14821124361158433,0.8517887563884157,Toujours inscrit
6786786,Bac+1,"Action sociale, animation, sciences sociales",_ETUDIANT / ÉLÈVE,Centre-Val de Loire,Indre-et-Loire (37),30,25,10,65,A,0,0,0,128,0,187,0,0,True,False,0.1752647298398045,0.8247352701601955,Toujours inscrit
8442254,Terminale technologique,"Communication, information, journalisme",_ETUDIANT / ÉLÈVE,Centre-Val de Loire,Indre-et-Loire (37),30,25,10,65,A,0,0,0,15,0,29,0,0,True,True,0.16594345825115056,0.8340565417488495,Toujours inscrit
8749252,Première,"Droit, science politique, administration publique",_ETUDIANT / ÉLÈVE,Auvergne-Rhône-Alpes,Isère (38),30,30,5,65,A,1,1,1,0,0,1,0,0,False,False,0.23902151488358384,0.7609784851164162,Toujours inscrit
8153323,Bac+4,"Energie, électricité",_ETUDIANT / ÉLÈVE,Auvergne-Rhône-Alpes,Isère (38),30,25,10,65,A,0,0,0,24,0,25,0,0,False,False,0.38551587301587303,0.614484126984127,Toujours inscrit
8722189,Première,"Santé, paramédical",Lycéen,Auvergne-Rhône-Alpes,Isère (38),30,30,5,65,A,1,1,1,0,0,51,0,0,True,True,0.21534179857366498,0.784658201426335,Toujours inscrit
7586392,3ème,"Droit, science politique, administration publique",Collégien,Auvergne-Rhône-Alpes,Isère (38),30,25,10,65,A,0,0,0,75,0,103,0,0,True,True,0.38551587301587303,0.614484126984127,Toujours inscrit
5018872,3ème,"Digital, Informatique, multimédia",_ETUDIANT / ÉLÈVE,Auvergne-Rhône-Alpes,Isère (38),30,25,10,65,A,0,0,0,22,0,104,0,0,True,True,0.18374535040653084,0.8162546495934692,Toujours inscrit
7112584,Première,Technologie industrielle,Parent,Auvergne-Rhône-Alpes,Isère (38),30,30,5,65,A,1,1,1,0,0,1,0,0,True,True,0.1408985446108416,0.8591014553891584,Toujours inscrit
7092117,Bac+1,Luxe,Etudiant,Auvergne-Rhône-Alpes,Isère (38),30,25,10,65,A,0,0,0,13,0,78,0,0,True,False,0.18465267222610196,0.8153473277738981,Toujours inscrit
6607806,Bac+1,"Arts, audiovisuel, culture",Etudiant,Auvergne-Rhône-Alpes,Isère (38),30,25,10,65,A,0,0,0,7,0,309,0,0,True,False,0.14084107510105667,0.8591589248989433,Toujours inscrit
7950621,Terminale,Je ne sais pas quoi faire,Lycéen,Auvergne-Rhône-Alpes,Isère (38),30,15,20,65,A,1,1,1,77,1,85,0,0,True,True,0.3628521364065238,0.6371478635934762,Toujours inscrit
5383350,Première technologique,Economie,_ETUDIANT / ÉLÈVE,Auvergne-Rhône-Alpes,Isère (38),30,30,5,65,A,1,1,1,0,0,0,0,0,,,0.18734733756717148,0.8126526624328285,Toujours inscrit
6241055,Terminale,"Sciences de la vie (biologie, biotechnologies...)",_ETUDIANT / ÉLÈVE,Auvergne-Rhône-Alpes,Isère (38),30,30,5,65,A,1,1,1,0,0,0,0,0,,,0.30369426751592354,0.6963057324840765,Toujours inscrit
8286735,Première,"Comptabilité, gestion, ressources humaines",Lycéen,Auvergne-Rhône-Alpes,Isère (38),30,25,10,65,A,0,0,0,82,0,107,0,0,True,False,0.38551587301587303,0.614484126984127,Toujours inscrit
5566278,Première,"Armée, défense, sécurité",Parent,Auvergne-Rhône-Alpes,Isère (38),30,25,10,65,A,0,0,0,6,0,24,0,0,True,False,0.14292182312103832,0.8570781768789617,Toujours inscrit
6244691,Seconde Pro,Technologie industrielle,Parent,Auvergne-Rhône-Alpes,Isère (38),30,30,5,65,A,1,1,1,0,0,0,0,0,,,0.20528181929331213,0.7947181807066879,Toujours inscrit
8929433,3ème,"Sciences de la Terre (environnement, agriculture, agronomie ...)",Collégien,Auvergne-Rhône-Alpes,Isère (38),30,25,10,65,A,1,0,1,1,0,1,0,0,False,False,0.2623224728487886,0.7376775271512114,Toujours inscrit
7042339,Terminale technologique,Sport,Lycéen,Auvergne-Rhône-Alpes,Isère (38),30,30,5,65,A,1,1,1,0,0,19,0,0,False,True,0.2623224728487886,0.7376775271512114,Toujours inscrit
5606113,Terminale Pro,"Santé, paramédical",Parent,Auvergne-Rhône-Alpes,Isère (38),30,30,5,65,A,1,1,1,0,0,0,0,0,,,0.1943163405210021,0.8056836594789979,Toujours inscrit
8899088,Terminale,"Sciences de la matière (chimie, physique, matériaux, optique…)",Lycéen,Auvergne-Rhône-Alpes,Isère (38),30,30,5,65,A,1,1,1,0,0,1,0,0,False,False,0.18465267222610196,0.8153473277738981,Toujours inscrit
7439850,3ème,"Commerce, vente, marketing",Parent,Auvergne-Rhône-Alpes,Isère (38),30,25,10,65,A,1,0,1,1,0,4,0,0,False,False,0.14819241111443082,0.8518075888855692,Toujours inscrit
7507753,Première,Sport,_ETUDIANT / ÉLÈVE,Auvergne-Rhône-Alpes,Isère (38),30,25,10,65,A,0,0,0,22,0,28,0,0,True,True,0.12332128099173553,0.8766787190082644,Toujours inscrit
6541668,Seconde Pro,"Secretariat, assistant de gestion",_ETUDIANT / ÉLÈVE,La Réunion,La Réunion (974),30,25,10,65,A,0,0,0,138,0,184,0,0,True,True,0.11878732200275609,0.8812126779972439,Toujours inscrit
8336488,Bac+1,"Sciences de la vie (biologie, biotechnologies...)",_ETUDIANT / ÉLÈVE,La Réunion,La Réunion (974),30,25,10,65,A,0,0,0,90,0,95,0,0,True,True,0.06303282340709936,0.9369671765929006,Toujours inscrit
5467415,Bac+1,Luxe,_ETUDIANT / ÉLÈVE,La Réunion,La Réunion (974),30,25,10,65,A,0,0,0,66,0,278,0,0,True,True,0.1061940500949453,0.8938059499050547,Toujours inscrit
8809530,Première,"Communication, information, journalisme",Lycéen,La Réunion,La Réunion (974),30,25,10,65,A,0,0,0,4,1,23,0,0,True,True,0.12443499896330085,0.8755650010366991,Toujours inscrit
8686310,Bac +5 et au delà,"Armée, défense, sécurité","En recherche d'emploi, de stage / Jeune diplômé",La Réunion,La Réunion (974),30,25,10,65,A,1,0,1,1,0,1,0,0,False,False,0.1061940500949453,0.8938059499050547,Toujours inscrit
5599645,Terminale,"Secretariat, assistant de gestion",_ETUDIANT / ÉLÈVE,La Réunion,La Réunion (974),30,25,10,65,A,0,0,0,13,0,13,0,0,True,True,0.07548118557421013,0.9245188144257899,Toujours inscrit
7526638,Terminale,"Sciences de la vie (biologie, biotechnologies...)",Lycéen,La Réunion,La Réunion (974),30,25,10,65,A,0,0,0,12,0,18,0,0,False,True,0.043923865300146414,0.9560761346998536,Toujours inscrit
8146284,Première,"Mécanique, aéronautique, automobile",_ETUDIANT / ÉLÈVE,La Réunion,La Réunion (974),30,25,10,65,A,0,0,0,50,0,173,0,0,True,True,0.12443499896330085,0.8755650010366991,Toujours inscrit
6970346,Première,"Action sociale, animation, sciences sociales",Lycéen,La Réunion,La Réunion (974),30,25,10,65,A,1,0,1,1,0,2,0,0,False,False,0.11179557380789414,0.8882044261921058,Toujours inscrit
8445689,Première,"Education, formation",_ETUDIANT / ÉLÈVE,La Réunion,La Réunion (974),30,25,10,65,A,0,0,0,58,0,61,0,0,True,False,0.06844497812848443,0.9315550218715156,Toujours inscrit
7988890,Bac+1,"Architecture, géographie, aménagement",_ETUDIANT / ÉLÈVE,La Réunion,La Réunion (974),30,25,10,65,A,0,0,0,106,0,122,0,0,True,True,0.06844497812848443,0.9315550218715156,Toujours inscrit
8727718,Première,"Energie, électricité",Parent,Auvergne-Rhône-Alpes,Loire (42),30,30,5,65,A,1,1,1,0,0,1,0,0,False,False,0.13425858290723156,0.8657414170927684,Toujours inscrit
5380460,Terminale,"Santé, paramédical",Lycéen,Auvergne-Rhône-Alpes,Loire (42),30,25,10,65,A,0,0,0,397,0,420,0,0,True,True,0.144257064721969,0.855742935278031,Toujours inscrit
5466288,Terminale technologique,"Arts, audiovisuel, culture",_ETUDIANT / ÉLÈVE,Auvergne-Rhône-Alpes,Loire (42),30,25,10,65,A,0,0,0,50,0,51,0,0,False,True,0.11208181304280795,0.887918186957192,Toujours inscrit
6175332,Première Générale Agricole,"Sciences de la Terre (environnement, agriculture, agronomie ...)",Lycéen,Auvergne-Rhône-Alpes,Loire (42),30,25,10,65,A,1,0,1,2,0,2,0,0,False,False,0.13411371237458194,0.8658862876254181,Toujours inscrit
8855041,Terminale,"Droit, science politique, administration publique",Lycéen,Auvergne-Rhône-Alpes,Loire (42),30,30,5,65,A,1,1,1,0,0,1,0,0,False,False,0.10373122774423285,0.8962687722557672,Toujours inscrit
7603124,Première,"Banque, assurance, finance, immobilier",Lycéen,Auvergne-Rhône-Alpes,Loire (42),30,25,10,65,A,0,0,0,221,0,250,0,0,True,True,0.13850771869639794,0.861492281303602,Toujours inscrit
5382906,Terminale technologique,"Génie civil, bâtiment",Lycéen,Auvergne-Rhône-Alpes,Loire (42),30,25,10,65,A,1,0,1,1,0,2,0,0,False,False,0.13762465468936738,0.8623753453106326,Toujours inscrit
5525070,Terminale Pro,"Commerce, vente, marketing",Lycéen,Auvergne-Rhône-Alpes,Loire (42),30,25,10,65,A,0,0,0,185,0,343,0,0,True,True,0.15397350993377484,0.8460264900662252,Toujours inscrit
8819415,Bac+2,Technologie industrielle,Etudiant,Auvergne-Rhône-Alpes,Loire (42),30,25,10,65,A,1,0,1,3,0,20,0,0,True,True,0.13762465468936738,0.8623753453106326,Toujours inscrit
7698271,Terminale technologique,"International, études à l'étranger",_ETUDIANT / ÉLÈVE,Pays de la Loire,Loire-Atlantique (44),30,30,5,65,A,1,1,1,0,0,2,0,0,False,False,0.13990267639902676,0.8600973236009732,Toujours inscrit
8599944,Première,"Action sociale, animation, sciences sociales",Parent,Pays de la Loire,Loire-Atlantique (44),30,25,10,65,A,1,0,1,2,0,2,0,0,False,False,0.23244402813032358,0.7675559718696764,Toujours inscrit
7006052,Terminale technologique,"Commerce, vente, marketing",_ETUDIANT / ÉLÈVE,Pays de la Loire,Loire-Atlantique (44),30,25,10,65,A,1,0,1,3,0,53,0,0,True,True,0.21198409433703552,0.7880159056629645,Toujours inscrit
8334579,Bac +5 et au delà,Technologie industrielle,"En recherche d'emploi, de stage / Jeune diplômé",Pays de la Loire,Loire-Atlantique (44),30,25,10,65,A,1,0,1,2,0,2,0,0,True,False,0.23244402813032358,0.7675559718696764,Toujours inscrit
8759041,6ème,Technologie industrielle,Collégien,Pays de la Loire,Loire-Atlantique (44),30,30,5,65,A,1,1,1,0,0,1,0,0,True,True,0.2488021502863153,0.7511978497136848,Toujours inscrit
8757493,Terminale technologique,(Vide),Lycéen,Pays de la Loire,Loire-Atlantique (44),30,15,20,65,A,1,1,2,54,0,31,0,0,True,True,0.13990267639902676,0.8600973236009732,Toujours inscrit
5253424,Première,"Communication, information, journalisme",Parent,Pays de la Loire,Loire-Atlantique (44),30,25,10,65,A,0,0,0,136,0,143,0,0,True,False,0.23244402813032358,0.7675559718696764,Toujours inscrit
7696655,Terminale,"Banque, assurance, finance, immobilier",_ETUDIANT / ÉLÈVE,Pays de la Loire,Loire-Atlantique (44),30,25,10,65,A,0,0,0,105,0,110,0,0,True,False,0.13536394589123033,0.8646360541087696,Toujours inscrit
6967206,4ème,"Sciences de la vie (biologie, biotechnologies...)",_ETUDIANT / ÉLÈVE,Pays de la Loire,Loire-Atlantique (44),30,25,10,65,A,0,0,0,34,0,73,0,0,True,True,0.1324172235341406,0.8675827764658595,Toujours inscrit
8398443,3ème,"Tourisme, hôtellerie, restauration",Collégien,Pays de la Loire,Loire-Atlantique (44),30,25,10,65,A,0,0,0,55,0,58,0,0,True,True,0.06133575647432985,0.9386642435256701,Toujours inscrit
6704174,Première,"Droit, science politique, administration publique",_ETUDIANT / ÉLÈVE,Pays de la Loire,Loire-Atlantique (44),30,25,10,65,A,0,0,0,50,0,131,0,0,True,False,0.13387806411062225,0.8661219358893778,Toujours inscrit
5397122,Terminale,"Arts, audiovisuel, culture",Parent,Pays de la Loire,Loire-Atlantique (44),30,25,10,65,A,1,0,1,1,0,2,0,0,False,False,0.13536394589123033,0.8646360541087696,Toujours inscrit
5302091,Première,"Energie, électricité",Parent,Pays de la Loire,Loire-Atlantique (44),30,25,10,65,A,1,0,1,1,0,1,0,0,False,False,0.14336115652697703,0.856638843473023,Toujours inscrit
6306303,Bac+1,"Santé, paramédical",_ETUDIANT / ÉLÈVE,Pays de la Loire,Loire-Atlantique (44),30,30,5,65,A,1,1,1,0,0,0,0,0,,,0.23244402813032358,0.7675559718696764,Toujours inscrit
6190753,Terminale,"Communication, information, journalisme",_ETUDIANT / ÉLÈVE,Pays de la Loire,Loire-Atlantique (44),30,30,5,65,A,1,1,1,0,0,0,0,0,,,0.1324172235341406,0.8675827764658595,Toujours inscrit
7888613,Première technologique,"Action sociale, animation, sciences sociales",Lycéen,Pays de la Loire,Loire-Atlantique (44),30,25,10,65,A,1,0,1,2,0,3,0,0,False,False,0.08476517754868271,0.9152348224513173,Toujours inscrit
6201408,Première,"Commerce, vente, marketing",_ETUDIANT / ÉLÈVE,Pays de la Loire,Loire-Atlantique (44),30,30,5,65,A,1,1,1,0,0,0,0,0,,,0.23244402813032358,0.7675559718696764,Toujours inscrit
6204012,Première,"Vétérinaire, soins aux animaux",_ETUDIANT / ÉLÈVE,Pays de la Loire,Loire-Atlantique (44),30,30,5,65,A,1,1,1,0,0,0,0,0,,,0.0790542154287079,0.9209457845712921,Toujours inscrit
5134225,Terminale,"Armée, défense, sécurité",Lycéen,Pays de la Loire,Loire-Atlantique (44),30,25,10,65,A,0,0,0,18,0,132,0,0,False,True,0.1963337330820627,0.8036662669179373,Toujours inscrit
7910995,Terminale technologique,"Digital, Informatique, multimédia","En recherche d'emploi, de stage / Jeune diplômé",Pays de la Loire,Loire-Atlantique (44),30,25,10,65,A,0,0,0,9,0,193,0,0,True,False,0.23244402813032358,0.7675559718696764,Toujours inscrit
8014504,Terminale,Luxe,_ETUDIANT / ÉLÈVE,Pays de la Loire,Loire-Atlantique (44),30,25,10,65,A,0,0,0,15,0,194,0,0,True,True,0.23244402813032358,0.7675559718696764,Toujours inscrit
5389073,3ème,"Communication, information, journalisme",Parent,Pays de la Loire,Loire-Atlantique (44),30,25,10,65,A,1,0,1,1,0,2,0,0,False,False,0.23244402813032358,0.7675559718696764,Toujours inscrit
8559153,Seconde Générale et Technologique,"Armée, défense, sécurité",Lycéen,Pays de la Loire,Loire-Atlantique (44),30,25,10,65,A,0,0,0,16,0,55,0,0,True,False,0.14336115652697703,0.856638843473023,Toujours inscrit
6194498,Première,"Droit, science politique, administration publique",_ETUDIANT / ÉLÈVE,Pays de la Loire,Loire-Atlantique (44),30,25,10,65,A,1,0,1,2,0,2,0,0,False,False,0.23244402813032358,0.7675559718696764,Toujours inscrit
6193821,Terminale technologique,"Secretariat, assistant de gestion",_ETUDIANT / ÉLÈVE,Pays de la Loire,Loire-Atlantique (44),30,25,10,65,A,1,0,1,1,0,2,0,0,False,False,0.1963337330820627,0.8036662669179373,Toujours inscrit
5520065,Bac+1,"Commerce, vente, marketing",Etudiant,Pays de la Loire,Loire-Atlantique (44),30,25,10,65,A,0,0,0,30,0,153,0,0,True,True,0.2644320297951583,0.7355679702048417,Toujours inscrit
6813390,3ème,"Digital, Informatique, multimédia",Parent,Pays de la Loire,Loire-Atlantique (44),30,25,10,65,A,1,0,3,0,0,2,0,0,False,False,0.13536394589123033,0.8646360541087696,Toujours inscrit
6003587,Première,"Génie civil, bâtiment",Parent,Pays de la Loire,Loire-Atlantique (44),30,30,5,65,A,1,1,1,0,0,0,0,0,,,0.23244402813032358,0.7675559718696764,Toujours inscrit
8023250,Terminale technologique,Technologie industrielle,_ETUDIANT / ÉLÈVE,Centre-Val de Loire,Loiret (45),30,25,10,65,A,0,0,0,12,0,153,0,0,True,False,0.1850961861164436,0.8149038138835564,Toujours inscrit
8776752,Terminale,"Banque, assurance, finance, immobilier",_ETUDIANT / ÉLÈVE,Centre-Val de Loire,Loiret (45),30,25,10,65,A,0,0,0,3,1,46,0,0,True,False,0.1286653517422748,0.8713346482577252,Toujours inscrit
5463250,Première technologique,"Armée, défense, sécurité",_ETUDIANT / ÉLÈVE,Centre-Val de Loire,Loiret (45),30,30,5,65,A,1,1,1,0,0,0,0,0,,,0.10405471421592574,0.8959452857840743,Toujours inscrit
5463029,Terminale,"Communication, information, journalisme",Lycéen,Centre-Val de Loire,Loiret (45),30,25,10,65,A,0,0,0,96,0,98,0,0,True,True,0.16174021648626144,0.8382597835137385,Toujours inscrit
5135881,3ème,"Education, formation",Parent,Centre-Val de Loire,Loiret (45),30,25,10,65,A,0,0,0,1,1,1,0,0,False,False,0.1850961861164436,0.8149038138835564,Toujours inscrit
6224508,Terminale Pro,"Comptabilité, gestion, ressources humaines",Lycéen,Centre-Val de Loire,Loiret (45),30,30,5,65,A,1,1,1,0,0,0,0,0,,,0.19458075528056326,0.8054192447194367,Toujours inscrit
6593450,3ème,"Energie, électricité",_ETUDIANT / ÉLÈVE,Pays de la Loire,Maine-et-Loire (49),30,25,10,65,A,0,0,0,8,0,73,0,0,True,True,0.09773904851625059,0.9022609514837494,Toujours inscrit
5669536,Bac+1,Sport,_ETUDIANT / ÉLÈVE,Pays de la Loire,Maine-et-Loire (49),30,25,10,65,A,0,0,0,9,0,145,0,0,True,True,0.22115518441196938,0.7788448155880306,Toujours inscrit
7608188,3ème,"Banque, assurance, finance, immobilier",_ETUDIANT / ÉLÈVE,Pays de la Loire,Maine-et-Loire (49),30,25,10,65,A,0,0,0,2,2,98,0,0,True,True,0.14014560582423297,0.859854394175767,Toujours inscrit
8237040,Première,"Vétérinaire, soins aux animaux",_ETUDIANT / ÉLÈVE,Pays de la Loire,Maine-et-Loire (49),30,25,10,65,A,0,0,0,66,0,124,0,0,True,False,0.16672986980154217,0.8332701301984579,Toujours inscrit
5419152,Première,"Tourisme, hôtellerie, restauration",_ETUDIANT / ÉLÈVE,Pays de la Loire,Maine-et-Loire (49),30,25,10,65,A,0,0,0,213,0,228,0,0,True,True,0.14014560582423297,0.859854394175767,Toujours inscrit
6792698,Bac+1,"Architecture, géographie, aménagement",Etudiant,Normandie,Manche (50),30,25,10,65,A,0,0,0,206,0,238,0,0,True,True,0.12938928258619317,0.8706107174138068,Toujours inscrit
8277669,Première technologique,"Commerce, vente, marketing",_ETUDIANT / ÉLÈVE,Normandie,Manche (50),30,25,10,65,A,0,0,0,21,0,99,0,0,True,False,0.13052370622869539,0.8694762937713046,Toujours inscrit
5136196,Bac+1,Economie,_ETUDIANT / ÉLÈVE,Normandie,Manche (50),30,25,10,65,A,1,0,1,1,0,2,0,0,False,False,0.12159814707585408,0.878401852924146,Toujours inscrit
5351154,Terminale,"Lettres, langues et sciences humaines",Parent,Normandie,Manche (50),30,25,10,65,A,0,0,0,11,0,53,0,0,True,False,0.1329026303645593,0.8670973696354407,Toujours inscrit
8799589,Terminale,"Banque, assurance, finance, immobilier",_ETUDIANT / ÉLÈVE,Normandie,Manche (50),30,30,5,65,A,1,1,1,0,0,1,0,0,False,False,0.11622047244094488,0.8837795275590551,Toujours inscrit
5544354,Terminale,"Vétérinaire, soins aux animaux",_ETUDIANT / ÉLÈVE,Bretagne,Morbihan (56),30,25,10,65,A,0,0,0,509,0,522,0,0,True,True,0.09837867546029129,0.9016213245397087,Toujours inscrit
5989303,Terminale technologique,"Commerce, vente, marketing",_ETUDIANT / ÉLÈVE,Bretagne,Morbihan (56),30,30,5,65,A,1,1,1,0,0,2,0,0,True,True,0.10398706896551724,0.8960129310344828,Toujours inscrit
6005131,Terminale,"Armée, défense, sécurité",Lycéen,Bretagne,Morbihan (56),30,25,10,65,A,1,0,2,0,0,0,0,0,,,0.1450922172100725,0.8549077827899275,Toujours inscrit
8866855,Terminale technologique,"Commerce, vente, marketing",Lycéen,Bretagne,Morbihan (56),30,25,10,65,A,1,0,1,1,0,1,0,0,False,False,0.12816799420709632,0.8718320057929037,Toujours inscrit
8496682,Bac+2,Luxe,_ETUDIANT / ÉLÈVE,Bretagne,Morbihan (56),30,25,10,65,A,0,0,0,12,0,64,0,0,True,True,0.1762607355208104,0.8237392644791897,Toujours inscrit
5259600,Terminale,"Communication, information, journalisme",Lycéen,Bretagne,Morbihan (56),30,25,10,65,A,0,0,0,23,0,195,0,0,True,False,0.16644295302013423,0.8335570469798658,Toujours inscrit
8446605,Terminale technologique,"Banque, assurance, finance, immobilier",_ETUDIANT / ÉLÈVE,Bretagne,Morbihan (56),30,25,10,65,A,0,0,0,86,0,96,0,0,True,True,0.13729645326790096,0.862703546732099,Toujours inscrit
5077579,Bac+3,"Lettres, langues et sciences humaines",_ETUDIANT / ÉLÈVE,Bretagne,Morbihan (56),30,25,10,65,A,0,0,0,19,0,48,0,0,False,True,0.13283208020050125,0.8671679197994987,Toujours inscrit
6018787,Terminale technologique,"Commerce, vente, marketing",_ETUDIANT / ÉLÈVE,Bretagne,Morbihan (56),30,30,5,65,A,1,1,1,0,0,0,0,0,,,0.11848752762867067,0.8815124723713293,Toujours inscrit
7650288,3ème,Sport,Collégien,Bretagne,Morbihan (56),30,25,10,65,A,0,0,0,38,0,96,0,0,True,True,0.1403595173602561,0.8596404826397439,Toujours inscrit
7084670,CAP/BEP,"Communication, information, journalisme",_ETUDIANT / ÉLÈVE,Bretagne,Morbihan (56),30,25,10,65,A,0,0,0,31,0,173,0,0,True,True,0.1450922172100725,0.8549077827899275,Toujours inscrit
5256327,Terminale technologique,"Droit, science politique, administration publique",Lycéen,Bretagne,Morbihan (56),30,25,10,65,A,0,0,0,95,0,406,0,0,True,True,0.13436899423446508,0.8656310057655349,Toujours inscrit
8114462,Terminale,"International, études à l'étranger",Lycéen,Bretagne,Morbihan (56),30,25,10,65,A,0,0,0,57,0,67,0,0,True,False,0.1450922172100725,0.8549077827899275,Toujours inscrit
8980708,3ème,"Comptabilité, gestion, ressources humaines",_ETUDIANT / ÉLÈVE,Grand Est,Moselle (57),30,25,10,65,A,0,0,0,6,0,14,0,0,True,True,0.1594007472103323,0.8405992527896677,Toujours inscrit
6875758,Bac+3,"Arts, audiovisuel, culture",Etudiant,Grand Est,Moselle (57),30,25,10,65,A,0,0,0,42,0,90,0,0,False,True,0.10251974860174133,0.8974802513982587,Toujours inscrit
7985008,3ème,"Mécanique, aéronautique, automobile",_ETUDIANT / ÉLÈVE,Grand Est,Moselle (57),30,25,10,65,A,0,0,0,39,0,81,0,0,True,False,0.19735449735449737,0.8026455026455026,Toujours inscrit
9072228,Seconde Générale et Technologique,"Sciences de la matière (chimie, physique, matériaux, optique…)",Lycéen,Grand Est,Moselle (57),30,25,10,65,A,0,0,0,7,0,7,0,0,True,True,0.16748197267818965,0.8325180273218103,Toujours inscrit
7473118,Première,"Lettres, langues et sciences humaines",Parent,Grand Est,Moselle (57),30,25,10,65,A,0,0,0,18,0,85,0,0,True,True,0.11253135826066181,0.8874686417393381,Toujours inscrit
8791908,Seconde Générale et Technologique,"Lettres, langues et sciences humaines",Lycéen,Grand Est,Moselle (57),30,25,10,65,A,0,0,0,28,0,32,0,0,True,False,0.16214410464993612,0.8378558953500639,Toujours inscrit
8629495,Terminale,Economie,Parent,Grand Est,Moselle (57),30,25,10,65,A,0,0,0,1,1,2,0,0,False,False,0.2312033497178227,0.7687966502821774,Toujours inscrit
8153809,Première,"Action sociale, animation, sciences sociales",_ETUDIANT / ÉLÈVE,Hauts-de-France,Nord (59),30,30,5,65,A,1,1,1,0,0,75,0,0,True,True,0.1735357917570499,0.8264642082429501,Toujours inscrit
5198720,Terminale,"Sciences de la vie (biologie, biotechnologies...)",_ETUDIANT / ÉLÈVE,Hauts-de-France,Nord (59),30,25,10,65,A,0,0,0,320,0,426,0,0,True,True,0.15967544396815678,0.8403245560318432,Toujours inscrit
7641245,Terminale technologique,"Santé, paramédical","En recherche d'emploi, de stage / Jeune diplômé",Hauts-de-France,Nord (59),30,25,10,65,A,0,0,0,169,0,189,0,0,True,False,0.08470178553139189,0.9152982144686082,Toujours inscrit
6454798,Terminale technologique,"Action sociale, animation, sciences sociales",Lycéen,Hauts-de-France,Nord (59),30,25,10,65,A,0,0,0,288,0,368,0,0,True,True,0.2457827526407063,0.7542172473592937,Toujours inscrit
9089820,Première technologique,"Commerce, vente, marketing",_ETUDIANT / ÉLÈVE,Hauts-de-France,Nord (59),30,30,5,65,A,1,1,1,0,0,1,0,0,False,True,0.305203007518797,0.694796992481203,Toujours inscrit
7286520,Première,Je ne sais pas quoi faire,Parent,Hauts-de-France,Nord (59),30,15,20,65,A,1,1,2,162,0,85,0,0,True,False,0.19428085726428268,0.8057191427357173,Toujours inscrit
8038720,Seconde Générale et Technologique,"Tourisme, hôtellerie, restauration",_ETUDIANT / ÉLÈVE,Hauts-de-France,Nord (59),30,25,10,65,A,0,0,0,36,0,37,0,0,True,True,0.18345864661654135,0.8165413533834587,Toujours inscrit
7441002,Terminale Pro,"Tourisme, hôtellerie, restauration",Lycéen,Hauts-de-France,Nord (59),30,25,10,65,A,0,0,0,142,0,219,0,0,True,True,0.20034767492394612,0.7996523250760539,Toujours inscrit
6445235,Seconde Générale et Technologique,"Digital, Informatique, multimédia",_ETUDIANT / ÉLÈVE,Hauts-de-France,Nord (59),30,30,5,65,A,1,1,1,0,0,0,0,0,,,0.21138086849965534,0.7886191315003447,Toujours inscrit
7286244,Terminale,"International, études à l'étranger",Lycéen,Hauts-de-France,Nord (59),30,30,5,65,A,1,1,1,0,0,1,0,0,False,False,0.280614550384094,0.719385449615906,Toujours inscrit
8353937,Bac+1,Sport,Etudiant,Hauts-de-France,Nord (59),30,25,10,65,A,1,0,1,2,0,3,0,0,False,False,0.21324309428281882,0.7867569057171812,Toujours inscrit
5587911,Bac+1,"Architecture, géographie, aménagement",_ETUDIANT / ÉLÈVE,Hauts-de-France,Nord (59),30,25,10,65,A,0,0,0,381,0,384,0,0,True,True,0.2516904583020286,0.7483095416979715,Toujours inscrit
5579299,Terminale,"Communication, information, journalisme",Lycéen,Hauts-de-France,Nord (59),30,30,5,65,A,1,1,1,0,0,0,0,0,,,0.3021839841164792,0.6978160158835208,Toujours inscrit
9011117,Bac+3,"Arts, audiovisuel, culture",Etudiant,Hauts-de-France,Nord (59),30,30,5,65,A,1,1,1,0,0,1,0,0,False,False,0.2839645220329438,0.7160354779670561,Toujours inscrit
8861214,Seconde Générale et Technologique,"Sciences de la matière (chimie, physique, matériaux, optique…)",Lycéen,Hauts-de-France,Nord (59),30,25,10,65,A,0,0,0,8,0,35,0,0,True,True,0.09711599066487232,0.9028840093351277,Toujours inscrit
5350636,Terminale,"Arts, audiovisuel, culture",_ETUDIANT / ÉLÈVE,Hauts-de-France,Nord (59),30,25,10,65,A,0,0,0,79,0,142,0,0,True,True,0.18487312867853567,0.8151268713214643,Toujours inscrit
6470625,Bac+2,"Energie, électricité",_ETUDIANT / ÉLÈVE,Hauts-de-France,Nord (59),30,25,10,65,A,1,0,1,2,0,2,0,0,False,False,0.21324309428281882,0.7867569057171812,Toujours inscrit
5520909,Terminale,"Energie, électricité",Lycéen,Hauts-de-France,Nord (59),30,25,10,65,A,0,0,0,63,0,489,0,0,True,True,0.18487312867853567,0.8151268713214643,Toujours inscrit
5998579,Première,"Mécanique, aéronautique, automobile",Lycéen,Hauts-de-France,Nord (59),30,30,5,65,A,1,1,1,0,0,0,0,0,,,0.213795729474825,0.786204270525175,Toujours inscrit
6121816,Première,"International, études à l'étranger",Lycéen,Hauts-de-France,Nord (59),30,30,5,65,A,1,1,1,0,0,0,0,0,,,0.23119918699186992,0.7688008130081301,Toujours inscrit
8155339,Terminale,(Vide),Parent,Hauts-de-France,Nord (59),30,10,25,65,A,1,0,1,107,8,108,0,0,True,False,0.11187026347822672,0.8881297365217733,Toujours inscrit
5332332,3ème,Economie,_ETUDIANT / ÉLÈVE,Hauts-de-France,Nord (59),30,25,10,65,A,0,0,0,163,0,168,0,0,True,False,0.08470178553139189,0.9152982144686082,Toujours inscrit
8199575,Bac+2,Economie,Parent,Hauts-de-France,Nord (59),30,25,10,65,A,1,0,1,1,0,87,0,0,True,False,0.2135855000235084,0.7864144999764916,Toujours inscrit
6356243,Seconde Générale et Technologique,"Santé, paramédical",Parent,Hauts-de-France,Nord (59),30,25,10,65,A,1,0,2,0,0,3,0,0,False,False,0.13865705614567528,0.8613429438543247,Toujours inscrit
5563037,Première,"Sciences de la Terre (environnement, agriculture, agronomie ...)",_ETUDIANT / ÉLÈVE,Hauts-de-France,Nord (59),30,30,5,65,A,1,1,1,0,0,0,0,0,,,0.19592976855546687,0.8040702314445332,Toujours inscrit
7446190,Bac+4,"Commerce, vente, marketing",_ETUDIANT / ÉLÈVE,Hauts-de-France,Nord (59),30,25,10,65,A,1,0,1,2,0,4,0,0,False,False,0.2839645220329438,0.7160354779670561,Toujours inscrit
8557813,Terminale,(Vide),Lycéen,Hauts-de-France,Nord (59),30,15,20,65,A,1,1,2,76,0,46,0,0,True,False,0.10380862448851118,0.8961913755114889,Toujours inscrit
8403979,Terminale technologique,"Comptabilité, gestion, ressources humaines",Lycéen,Hauts-de-France,Nord (59),30,25,10,65,A,0,0,0,56,0,67,0,0,True,True,0.07766470273165506,0.922335297268345,Toujours inscrit
5186256,Seconde Générale et Technologique,"Droit, science politique, administration publique",Parent,Hauts-de-France,Nord (59),30,30,5,65,A,1,1,1,0,0,0,0,0,,,0.11187026347822672,0.8881297365217733,Toujours inscrit
8642380,Bac+2,Luxe,Etudiant,Hauts-de-France,Nord (59),30,25,10,65,A,1,0,1,1,0,1,0,0,False,False,0.19428085726428268,0.8057191427357173,Toujours inscrit
7417842,Bac+3,"Santé, paramédical",_ETUDIANT / ÉLÈVE,Hauts-de-France,Nord (59),30,25,10,65,A,1,0,1,2,0,2,0,0,False,False,0.13734939759036144,0.8626506024096385,Toujours inscrit
8844718,Bac+1,"Education, formation",_ETUDIANT / ÉLÈVE,Hauts-de-France,Nord (59),30,25,10,65,A,1,0,1,1,0,1,0,0,False,False,0.11608736296422198,0.883912637035778,Toujours inscrit
6373717,Terminale,"Digital, Informatique, multimédia",Lycéen,Hauts-de-France,Nord (59),30,30,5,65,A,1,1,1,0,0,0,0,0,,,0.0702276993389374,0.9297723006610626,Toujours inscrit
5606213,Première,"Banque, assurance, finance, immobilier",Parent,Hauts-de-France,Nord (59),30,30,5,65,A,1,1,1,0,0,0,0,0,,,0.2488006617038875,0.7511993382961125,Toujours inscrit
5153761,Bac+1,"Sciences de la Terre (environnement, agriculture, agronomie ...)",_ETUDIANT / ÉLÈVE,Hauts-de-France,Nord (59),30,25,10,65,A,0,0,0,54,0,335,0,0,True,True,0.14597941642162407,0.854020583578376,Toujours inscrit
5011370,3ème,"Sciences de la Terre (environnement, agriculture, agronomie ...)",Collégien,Hauts-de-France,Nord (59),30,30,5,65,A,1,1,1,0,0,0,0,0,,,0.09711599066487232,0.9028840093351277,Toujours inscrit
8192919,Seconde Générale et Technologique,"Tourisme, hôtellerie, restauration",_ETUDIANT / ÉLÈVE,Hauts-de-France,Nord (59),30,30,5,65,A,1,1,1,0,0,2,0,0,False,False,0.14597941642162407,0.854020583578376,Toujours inscrit
6336755,Bac+1,"Action sociale, animation, sciences sociales",Etudiant,Hauts-de-France,Nord (59),30,30,5,65,A,1,1,1,0,0,0,0,0,,,0.10605214895143927,0.8939478510485607,Toujours inscrit
6379491,Terminale,"International, études à l'étranger",Lycéen,Hauts-de-France,Nord (59),30,30,5,65,A,1,1,1,0,0,0,0,0,,,0.16871269287081878,0.8312873071291812,Toujours inscrit
8686451,Bac+3,Luxe,_ETUDIANT / ÉLÈVE,Hauts-de-France,Nord (59),30,30,5,65,A,1,1,1,0,0,41,0,0,True,False,0.22390396659707723,0.7760960334029228,Toujours inscrit
8413144,Seconde Générale et Technologique,"Tourisme, hôtellerie, restauration",_ETUDIANT / ÉLÈVE,Hauts-de-France,Nord (59),30,30,5,65,A,1,1,1,0,0,0,0,0,,,0.0845222072678331,0.9154777927321669,Toujours inscrit
5609544,3ème,"Banque, assurance, finance, immobilier",_ETUDIANT / ÉLÈVE,Hauts-de-France,Nord (59),30,25,10,65,A,0,0,0,9,0,36,0,0,False,False,0.16123336049986417,0.8387666395001359,Toujours inscrit
8921460,Terminale technologique,Luxe,_ETUDIANT / ÉLÈVE,Hauts-de-France,Nord (59),30,30,5,65,A,1,1,1,0,0,1,0,0,False,False,0.14142538975501115,0.8585746102449888,Toujours inscrit
6452210,Terminale,"Sciences de la vie (biologie, biotechnologies...)",Lycéen,Hauts-de-France,Nord (59),30,25,10,65,A,0,0,0,451,0,522,0,0,True,True,0.14431934493346982,0.8556806550665302,Toujours inscrit
7717694,Première,"Droit, science politique, administration publique",_ETUDIANT / ÉLÈVE,Hauts-de-France,Nord (59),30,25,10,65,A,0,0,0,13,0,135,0,0,True,True,0.060903905221588416,0.9390960947784116,Toujours inscrit
6379491,Terminale,"Armée, défense, sécurité",Lycéen,Hauts-de-France,Nord (59),30,30,5,65,A,1,1,1,0,0,0,0,0,,,0.16871269287081878,0.8312873071291812,Toujours inscrit
5601136,Seconde Générale et Technologique,"Commerce, vente, marketing",_ETUDIANT / ÉLÈVE,Hauts-de-France,Nord (59),30,25,10,65,A,0,0,0,13,0,13,0,0,False,True,0.18345864661654135,0.8165413533834587,Toujours inscrit
8964760,Bac +5 et au delà,"Arts, audiovisuel, culture","En recherche d'emploi, de stage / Jeune diplômé",Hauts-de-France,Nord (59),30,30,5,65,A,1,1,1,0,0,1,0,0,False,False,0.21324309428281882,0.7867569057171812,Toujours inscrit
8929724,Terminale,"Arts, audiovisuel, culture",Lycéen,Hauts-de-France,Nord (59),30,25,10,65,A,1,0,1,1,0,1,0,0,False,False,0.18345864661654135,0.8165413533834587,Toujours inscrit
7250793,Terminale,"Communication, information, journalisme",_ETUDIANT / ÉLÈVE,Hauts-de-France,Nord (59),30,30,5,65,A,1,1,1,0,0,4,0,0,False,False,0.13840155945419103,0.8615984405458089,Toujours inscrit
5611281,Terminale,"Architecture, géographie, aménagement",Lycéen,Hauts-de-France,Nord (59),30,25,10,65,A,0,0,0,32,0,45,0,0,False,True,0.08470178553139189,0.9152982144686082,Toujours inscrit
5440052,Seconde Générale et Technologique,"Arts, audiovisuel, culture",_ETUDIANT / ÉLÈVE,Hauts-de-France,Nord (59),30,25,10,65,A,0,0,0,291,0,314,0,0,True,True,0.09711599066487232,0.9028840093351277,Toujours inscrit
8932072,Terminale,"Communication, information, journalisme",_ETUDIANT / ÉLÈVE,Hauts-de-France,Nord (59),30,30,5,65,A,1,1,1,0,0,23,0,0,True,True,0.07266561705219814,0.9273343829478019,Toujours inscrit
6335570,Terminale,"Communication, information, journalisme",_ETUDIANT / ÉLÈVE,Hauts-de-France,Nord (59),30,25,10,65,A,1,0,2,0,0,0,0,0,,,0.2135855000235084,0.7864144999764916,Toujours inscrit
7427746,Bac+1,"Communication, information, journalisme",Etudiant,Hauts-de-France,Nord (59),30,25,10,65,A,1,0,1,1,0,3,0,0,False,False,0.15645246946362187,0.8435475305363781,Toujours inscrit
8382375,Terminale,"Arts, audiovisuel, culture",Lycéen,Hauts-de-France,Oise (60),30,25,10,65,A,0,0,0,30,0,40,0,0,True,True,0.12825941609092936,0.8717405839090706,Toujours inscrit
6202153,Terminale,"Mécanique, aéronautique, automobile",Lycéen,Hauts-de-France,Oise (60),30,30,5,65,A,1,1,1,0,0,0,0,0,,,0.19913575801224342,0.8008642419877565,Toujours inscrit
6175490,Terminale,"Communication, information, journalisme",_ETUDIANT / ÉLÈVE,Hauts-de-France,Oise (60),30,30,5,65,A,1,1,1,0,0,0,0,0,True,True,0.18143691451416924,0.8185630854858308,Toujours inscrit
8935629,3ème,"Communication, information, journalisme",_ETUDIANT / ÉLÈVE,Hauts-de-France,Oise (60),30,25,10,65,A,0,0,0,13,0,13,0,0,True,False,0.13703664811508978,0.8629633518849102,Toujours inscrit
5637623,3ème,"Banque, assurance, finance, immobilier",Collégien,Hauts-de-France,Oise (60),30,25,10,65,A,0,0,0,9,0,58,0,0,True,False,0.1256135833266275,0.8743864166733725,Toujours inscrit
6739270,Seconde Générale et Technologique,"Vétérinaire, soins aux animaux",Lycéen,Hauts-de-France,Oise (60),30,25,10,65,A,0,0,0,107,0,291,0,0,True,True,0.1046050258506673,0.8953949741493327,Toujours inscrit
6252918,Seconde Générale et Technologique,"Comptabilité, gestion, ressources humaines",Parent,Hauts-de-France,Oise (60),30,30,5,65,A,1,1,1,0,0,0,0,0,,,0.1256135833266275,0.8743864166733725,Toujours inscrit
7475621,Terminale,Luxe,Lycéen,Hauts-de-France,Oise (60),30,25,10,65,A,0,0,0,233,0,434,0,0,True,True,0.07961488613219773,0.9203851138678023,Toujours inscrit
8550017,Seconde Générale et Technologique,"International, études à l'étranger",Parent,Hauts-de-France,Oise (60),30,25,10,65,A,1,0,2,0,0,36,0,0,True,False,0.11750405186385737,0.8824959481361426,Toujours inscrit
7926358,Bac+4,"Arts, audiovisuel, culture",_ETUDIANT / ÉLÈVE,Île-de-France,Paris (75),30,25,10,65,A,0,0,0,91,0,163,0,0,True,False,0.4487578747176988,0.5512421252823012,Toujours inscrit
5226608,Terminale,"Droit, science politique, administration publique",Lycéen,Île-de-France,Paris (75),30,25,10,65,A,0,0,0,41,0,313,0,0,True,True,0.4251233327242828,0.5748766672757172,Toujours inscrit
6022200,Terminale,"Communication, information, journalisme",Lycéen,Île-de-France,Paris (75),30,30,5,65,A,1,1,1,0,0,0,0,0,,,0.4814926498303807,0.5185073501696194,Toujours inscrit
4643527,Seconde Générale et Technologique,"Sciences de la Terre (environnement, agriculture, agronomie ...)",_ETUDIANT / ÉLÈVE,Île-de-France,Paris (75),30,25,10,65,A,1,0,1,4,0,2,0,0,False,False,0.2834635001593879,0.7165364998406121,Toujours inscrit
5275810,Seconde Pro,Technologie industrielle,_ETUDIANT / ÉLÈVE,Île-de-France,Paris (75),30,25,10,65,A,0,0,0,152,0,312,0,0,True,True,0.4317053710158317,0.5682946289841683,Toujours inscrit
6858776,Première Générale Agricole,"Architecture, géographie, aménagement",Lycéen,Île-de-France,Paris (75),30,25,10,65,A,0,0,0,11,0,109,0,0,True,True,0.4814926498303807,0.5185073501696194,Toujours inscrit
7043664,Bac+1,"Lettres, langues et sciences humaines","En recherche d'emploi, de stage / Jeune diplômé",Île-de-France,Paris (75),30,25,10,65,A,0,0,0,40,0,43,0,0,True,True,0.4317053710158317,0.5682946289841683,Toujours inscrit
6019801,Terminale,"International, études à l'étranger",Lycéen,Île-de-France,Paris (75),30,25,10,65,A,1,0,1,5,0,203,0,0,True,True,0.3368189898567395,0.6631810101432605,Toujours inscrit
5068203,Bac+1,"Lettres, langues et sciences humaines",Etudiant,Île-de-France,Paris (75),30,25,10,65,A,0,0,0,193,0,218,0,0,True,False,0.3368189898567395,0.6631810101432605,Toujours inscrit
7486545,4ème,"Architecture, géographie, aménagement",_ETUDIANT / ÉLÈVE,Île-de-France,Paris (75),30,25,10,65,A,0,0,0,51,0,60,0,0,True,True,,,Toujours inscrit
8789277,Terminale,"Digital, Informatique, multimédia",Lycéen,Île-de-France,Paris (75),30,30,5,65,A,1,1,1,0,0,0,0,0,False,False,0.4247853565466253,0.5752146434533747,Toujours inscrit
8591396,Bac +5 et au delà,Economie,_ETUDIANT / ÉLÈVE,Île-de-France,Paris (75),30,25,10,65,A,1,0,1,2,0,2,0,0,False,False,0.4322079396718236,0.5677920603281764,Toujours inscrit
5858989,Bac+4,"Digital, Informatique, multimédia",_ETUDIANT / ÉLÈVE,Île-de-France,Paris (75),30,25,10,65,A,0,0,0,32,0,38,0,0,True,True,0.4251233327242828,0.5748766672757172,Toujours inscrit
6027077,Terminale,"Communication, information, journalisme",_ETUDIANT / ÉLÈVE,Île-de-France,Paris (75),30,30,5,65,A,1,1,1,0,0,0,0,0,,,0.4317053710158317,0.5682946289841683,Toujours inscrit
5267774,4ème,"Sciences de la matière (chimie, physique, matériaux, optique…)",_ETUDIANT / ÉLÈVE,Île-de-France,Paris (75),30,25,10,65,A,1,0,1,1,0,1,0,0,False,False,0.2834635001593879,0.7165364998406121,Toujours inscrit
5964915,Bac +5 et au delà,"Droit, science politique, administration publique",Etudiant,Île-de-France,Paris (75),30,25,10,65,A,0,0,0,3,1,51,0,0,True,False,0.39740679705233045,0.6025932029476695,Toujours inscrit
7415208,Seconde Générale et Technologique,Luxe,_ETUDIANT / ÉLÈVE,Île-de-France,Paris (75),30,25,10,65,A,0,0,0,141,0,223,0,0,True,True,0.4251233327242828,0.5748766672757172,Toujours inscrit
6517804,Première Pro,"Secretariat, assistant de gestion",_ETUDIANT / ÉLÈVE,Île-de-France,Paris (75),30,25,10,65,A,0,0,0,18,0,23,0,0,False,True,0.3368189898567395,0.6631810101432605,Toujours inscrit
6018355,Terminale,"Action sociale, animation, sciences sociales",_ETUDIANT / ÉLÈVE,Île-de-France,Paris (75),30,30,5,65,A,1,1,1,0,0,0,0,0,,,0.3553023737555222,0.6446976262444778,Toujours inscrit
7410026,Bac +5 et au delà,"Arts, audiovisuel, culture",_ETUDIANT / ÉLÈVE,Île-de-France,Paris (75),30,25,10,65,A,1,0,1,1,0,2,0,0,False,False,0.4487578747176988,0.5512421252823012,Toujours inscrit
8984811,Bac+3,"Commerce, vente, marketing",_ETUDIANT / ÉLÈVE,Île-de-France,Paris (75),30,25,10,65,A,1,0,1,1,0,1,0,0,False,False,0.30719265481655644,0.6928073451834436,Toujours inscrit
5693443,Première,Economie,_ETUDIANT / ÉLÈVE,Île-de-France,Paris (75),30,25,10,65,A,0,0,0,170,0,175,0,0,True,False,0.4251233327242828,0.5748766672757172,Toujours inscrit
8249111,Seconde Générale et Technologique,"Arts, audiovisuel, culture",Lycéen,Île-de-France,Paris (75),30,25,10,65,A,0,0,0,100,0,120,0,0,True,False,0.2834635001593879,0.7165364998406121,Toujours inscrit
8322173,Bac+1,"Droit, science politique, administration publique",Etudiant,Île-de-France,Paris (75),30,25,10,65,A,0,0,0,14,0,51,0,0,False,True,0.4322079396718236,0.5677920603281764,Toujours inscrit
7396220,Bac +5 et au delà,"Cosmétique, esthétique, soins personnels",_ETUDIANT / ÉLÈVE,Île-de-France,Paris (75),30,25,10,65,A,1,0,1,1,0,1,0,0,False,False,0.43072624678146854,0.5692737532185315,Toujours inscrit
5998985,Terminale,"Mécanique, aéronautique, automobile",Parent,Île-de-France,Paris (75),30,30,5,65,A,1,1,1,0,0,0,0,0,,,0.4322079396718236,0.5677920603281764,Toujours inscrit
8990884,Bac+4,"Banque, assurance, finance, immobilier",Etudiant,Île-de-France,Paris (75),30,30,5,65,A,1,1,1,0,0,1,0,0,False,False,0.4487578747176988,0.5512421252823012,Toujours inscrit
7577540,Bac+3,"Mécanique, aéronautique, automobile",Etudiant,Île-de-France,Paris (75),30,25,10,65,A,1,0,1,1,0,3,0,0,False,False,0.46097499368527406,0.5390250063147259,Toujours inscrit
4601992,Terminale,"Sciences de la matière (chimie, physique, matériaux, optique…)",_ETUDIANT / ÉLÈVE,Île-de-France,Paris (75),30,25,10,65,A,1,0,1,2,0,2,0,0,True,True,0.39740679705233045,0.6025932029476695,Toujours inscrit
6848496,Bac+1,"Tourisme, hôtellerie, restauration",_ETUDIANT / ÉLÈVE,Île-de-France,Paris (75),30,25,10,65,A,0,0,0,24,0,26,0,0,False,False,0.2834635001593879,0.7165364998406121,Toujours inscrit
8809700,Bac +5 et au delà,"Communication, information, journalisme","En recherche d'emploi, de stage / Jeune diplômé",Île-de-France,Paris (75),30,35,0,65,A,0,0,0,0,0,17,1,1,True,False,0.4957668922794539,0.5042331077205461,Toujours inscrit
6599072,Terminale,"Arts, audiovisuel, culture",_ETUDIANT / ÉLÈVE,Île-de-France,Paris (75),30,25,10,65,A,0,0,0,16,0,19,0,0,True,False,,,Toujours inscrit
7003526,Bac +5 et au delà,"Armée, défense, sécurité",Etudiant,Île-de-France,Paris (75),30,25,10,65,A,0,0,0,111,0,114,0,0,False,False,0.39740679705233045,0.6025932029476695,Toujours inscrit
7358999,Première,Economie,Parent,Île-de-France,Paris (75),30,30,5,65,A,1,1,1,0,0,2,0,0,False,False,0.39740679705233045,0.6025932029476695,Toujours inscrit
6411895,Seconde Générale et Technologique,"Santé, paramédical",Parent,Île-de-France,Paris (75),30,30,5,65,A,1,1,1,0,0,0,0,0,,,0.4322079396718236,0.5677920603281764,Toujours inscrit
5076840,Terminale technologique,"International, études à l'étranger",_ETUDIANT / ÉLÈVE,Île-de-France,Paris (75),30,25,10,65,A,0,0,0,201,0,315,0,0,True,True,0.43072624678146854,0.5692737532185315,Toujours inscrit
4556131,Bac+2,Economie,_ETUDIANT / ÉLÈVE,Île-de-France,Paris (75),30,25,10,65,A,0,0,0,15,0,179,0,0,True,True,0.4322079396718236,0.5677920603281764,Toujours inscrit
7941896,Terminale,"Digital, Informatique, multimédia",Lycéen,Île-de-France,Paris (75),30,25,10,65,A,0,0,0,13,0,130,0,0,True,True,0.3553023737555222,0.6446976262444778,Toujours inscrit
7262535,Terminale,"Commerce, vente, marketing",Lycéen,Hauts-de-France,Pas-de-Calais (62),30,25,10,65,A,1,0,1,1,0,2,0,0,False,False,0.0485256950294861,0.9514743049705139,Toujours inscrit
6146185,Première,"Sciences de la matière (chimie, physique, matériaux, optique…)",_ETUDIANT / ÉLÈVE,Hauts-de-France,Pas-de-Calais (62),30,30,5,65,A,1,1,1,0,0,0,0,0,,,0.08155767817781043,0.9184423218221895,Toujours inscrit
7526580,Bac+2,"International, études à l'étranger",Etudiant,Hauts-de-France,Pas-de-Calais (62),30,35,0,65,A,0,0,0,0,0,1,1,1,True,True,0.12155854697963878,0.8784414530203613,Toujours inscrit
4069924,Terminale technologique,"Arts, audiovisuel, culture",Lycéen,Hauts-de-France,Pas-de-Calais (62),30,25,10,65,A,0,0,0,453,0,477,0,0,True,True,0.14528539451594852,0.8547146054840515,Toujours inscrit
5098770,Bac+1,"Mécanique, aéronautique, automobile",_ETUDIANT / ÉLÈVE,Hauts-de-France,Pas-de-Calais (62),30,25,10,65,A,0,0,0,37,0,40,0,0,True,,0.07017843421838982,0.9298215657816101,Toujours inscrit
7055366,Seconde Générale et Technologique,(Vide),Parent,Hauts-de-France,Pas-de-Calais (62),30,15,20,65,A,1,1,2,2,2,9,0,0,True,True,0.06514886164623468,0.9348511383537653,Toujours inscrit
8672351,Terminale Pro,Je ne sais pas quoi faire,_ETUDIANT / ÉLÈVE,Hauts-de-France,Pas-de-Calais (62),30,20,15,65,A,1,0,1,44,0,45,1,1,True,True,0.07878151260504201,0.9212184873949579,Toujours inscrit
6664921,Bac+1,"International, études à l'étranger",Etudiant,Hauts-de-France,Pas-de-Calais (62),30,25,10,65,A,0,0,0,259,0,272,0,0,True,False,0.1785119378123265,0.8214880621876736,Toujours inscrit
6335325,Terminale technologique,"International, études à l'étranger",Lycéen,Hauts-de-France,Pas-de-Calais (62),30,30,5,65,A,1,1,1,0,0,0,0,0,,,0.1017477306598022,0.8982522693401978,Toujours inscrit
7099555,CAP/BEP,"Communication, information, journalisme","En recherche d'emploi, de stage / Jeune diplômé",Hauts-de-France,Pas-de-Calais (62),30,25,10,65,A,0,0,0,20,0,138,0,0,True,False,0.12155854697963878,0.8784414530203613,Toujours inscrit
6666900,3ème,"Cosmétique, esthétique, soins personnels",_ETUDIANT / ÉLÈVE,Hauts-de-France,Pas-de-Calais (62),30,25,10,65,A,0,0,0,124,0,133,0,0,True,False,0.09882543539894695,0.901174564601053,Toujours inscrit
5870118,Terminale,Economie,Lycéen,Hauts-de-France,Pas-de-Calais (62),30,25,10,65,A,0,0,0,335,0,404,0,0,True,True,0.07017843421838982,0.9298215657816101,Toujours inscrit
8910022,Terminale,"Banque, assurance, finance, immobilier",Lycéen,Hauts-de-France,Pas-de-Calais (62),30,30,5,65,A,1,1,1,0,0,1,0,0,False,False,0.05958055290753098,0.940419447092469,Toujours inscrit
8914276,Première,"Santé, paramédical",_ETUDIANT / ÉLÈVE,Hauts-de-France,Pas-de-Calais (62),30,25,10,65,A,1,0,1,1,0,1,0,0,False,False,0.08245692548668605,0.917543074513314,Toujours inscrit
8963896,Terminale,"Communication, information, journalisme",Lycéen,Auvergne-Rhône-Alpes,Puy-de-Dôme (63),30,25,10,65,A,1,0,1,1,0,1,0,0,False,False,0.256059009483667,0.743940990516333,Toujours inscrit
4802708,Terminale,"Banque, assurance, finance, immobilier",_ETUDIANT / ÉLÈVE,Auvergne-Rhône-Alpes,Puy-de-Dôme (63),30,30,5,65,A,1,1,1,0,0,2,0,0,False,False,0.15717107262230326,0.8428289273776968,Toujours inscrit
8916321,Première,"Sciences de la matière (chimie, physique, matériaux, optique…)",_ETUDIANT / ÉLÈVE,Auvergne-Rhône-Alpes,Puy-de-Dôme (63),30,25,10,65,A,1,0,1,1,0,1,0,0,False,False,0.16474309471167578,0.8352569052883242,Toujours inscrit
6365742,Première Pro,"Sciences de la matière (chimie, physique, matériaux, optique…)",Parent,Auvergne-Rhône-Alpes,Puy-de-Dôme (63),30,25,10,65,A,1,0,2,0,0,0,0,0,,,0.14964838255977497,0.850351617440225,Toujours inscrit
8924561,Seconde Générale et Technologique,"Commerce, vente, marketing",Parent,Auvergne-Rhône-Alpes,Puy-de-Dôme (63),30,25,10,65,A,1,0,1,1,0,1,0,0,False,False,0.28702702702702704,0.712972972972973,Toujours inscrit
8928497,Seconde Générale et Technologique,"Santé, paramédical",Parent,Auvergne-Rhône-Alpes,Puy-de-Dôme (63),30,25,10,65,A,1,0,1,1,0,14,0,0,True,True,0.17773319959879638,0.8222668004012036,Toujours inscrit
8364778,Seconde Générale et Technologique,"Vétérinaire, soins aux animaux",_ETUDIANT / ÉLÈVE,Nouvelle-Aquitaine,Pyrénées-Atlantiques (64),30,25,10,65,A,0,0,0,108,0,115,0,0,True,True,0.15422755741127347,0.8457724425887265,Toujours inscrit
5257459,Terminale,"Electronique, automatique",Lycéen,Nouvelle-Aquitaine,Pyrénées-Atlantiques (64),30,25,10,65,A,0,0,0,29,0,450,0,0,True,True,0.16174252506432438,0.8382574749356756,Toujours inscrit
8424822,Terminale Pro,"Communication, information, journalisme",Lycéen,Nouvelle-Aquitaine,Pyrénées-Atlantiques (64),30,25,10,65,A,0,0,0,61,0,103,0,0,True,True,0.16067011702105546,0.8393298829789445,Toujours inscrit
6013631,Terminale,"Armée, défense, sécurité",Parent,Nouvelle-Aquitaine,Pyrénées-Atlantiques (64),30,30,5,65,A,1,1,1,0,0,0,0,0,,,0.16067011702105546,0.8393298829789445,Toujours inscrit
5066304,4ème,"Electronique, automatique",_ETUDIANT / ÉLÈVE,Nouvelle-Aquitaine,Pyrénées-Atlantiques (64),30,25,10,65,A,0,0,0,29,0,29,0,0,True,True,0.12840241581864814,0.8715975841813519,Toujours inscrit
7634897,CAP/BEP,"Transport, logistique",_ETUDIANT / ÉLÈVE,Nouvelle-Aquitaine,Pyrénées-Atlantiques (64),30,25,10,65,A,0,0,0,4,1,4,0,0,False,False,0.16067011702105546,0.8393298829789445,Toujours inscrit
8410228,3ème,"Education, formation",_ETUDIANT / ÉLÈVE,Nouvelle-Aquitaine,Pyrénées-Atlantiques (64),30,25,10,65,A,0,0,0,54,0,57,0,0,True,False,0.27810137563514686,0.7218986243648532,Toujours inscrit
6200097,Terminale,"Génie civil, bâtiment",Parent,Nouvelle-Aquitaine,Pyrénées-Atlantiques (64),30,30,5,65,A,1,1,1,0,0,0,0,0,,,0.1529303467321264,0.8470696532678735,Toujours inscrit
8594340,Terminale,Je ne sais pas quoi faire,Parent,Nouvelle-Aquitaine,Pyrénées-Atlantiques (64),30,15,20,65,A,1,1,1,7,1,11,0,0,False,True,0.27810137563514686,0.7218986243648532,Toujours inscrit
6961456,Seconde Générale et Technologique,Economie,_ETUDIANT / ÉLÈVE,Nouvelle-Aquitaine,Pyrénées-Atlantiques (64),30,25,10,65,A,0,0,0,50,0,186,0,0,True,False,0.1529303467321264,0.8470696532678735,Toujours inscrit
6301115,Terminale,"Tourisme, hôtellerie, restauration",_ETUDIANT / ÉLÈVE,Auvergne-Rhône-Alpes,Rhône (69),30,30,5,65,A,1,1,1,0,0,0,0,0,,,0.19324523349129855,0.8067547665087015,Toujours inscrit
8085239,Première technologique,"Electronique, automatique",Lycéen,Auvergne-Rhône-Alpes,Rhône (69),30,30,5,65,A,1,1,1,0,0,1,0,0,True,True,0.28938773632641795,0.710612263673582,Toujours inscrit
6780416,Bac+4,"Commerce, vente, marketing",Etudiant,Auvergne-Rhône-Alpes,Rhône (69),30,25,10,65,A,0,0,0,99,0,101,0,0,False,False,0.19324523349129855,0.8067547665087015,Toujours inscrit
6139281,Terminale,"Education, formation",Lycéen,Auvergne-Rhône-Alpes,Rhône (69),30,30,5,65,A,1,1,1,0,0,0,0,0,,,0.19324523349129855,0.8067547665087015,Toujours inscrit
8841307,Terminale,Luxe,Lycéen,Auvergne-Rhône-Alpes,Rhône (69),30,30,5,65,A,1,1,1,0,0,27,0,0,True,True,0.30118270799347474,0.6988172920065253,Toujours inscrit
7124157,Seconde Générale et Technologique,Economie,_ETUDIANT / ÉLÈVE,Auvergne-Rhône-Alpes,Rhône (69),30,30,5,65,A,1,1,1,0,0,2,0,0,False,False,0.22381448671182907,0.7761855132881709,Toujours inscrit
6263844,Terminale,"Lettres, langues et sciences humaines",Lycéen,Auvergne-Rhône-Alpes,Rhône (69),30,30,5,65,A,1,1,1,0,0,0,0,0,,,0.2960045019696117,0.7039954980303883,Toujours inscrit
5532581,Terminale technologique,"Commerce, vente, marketing",Parent,Auvergne-Rhône-Alpes,Rhône (69),30,25,10,65,A,0,0,0,188,0,212,0,0,True,True,0.26157407407407407,0.7384259259259259,Toujours inscrit
7648039,Bac+3,Luxe,Etudiant,Auvergne-Rhône-Alpes,Rhône (69),30,25,10,65,A,0,0,0,5,1,38,0,0,True,True,0.1736092544070727,0.8263907455929272,Toujours inscrit
8386439,Bac+2,"Commerce, vente, marketing","En recherche d'emploi, de stage / Jeune diplômé",Auvergne-Rhône-Alpes,Rhône (69),30,25,10,65,A,0,0,0,75,0,76,0,0,True,False,0.18895238095238095,0.811047619047619,Toujours inscrit
8068870,Bac+2,"Comptabilité, gestion, ressources humaines",Etudiant,Auvergne-Rhône-Alpes,Rhône (69),30,25,10,65,A,1,0,1,2,0,3,0,0,False,False,0.19384853168469862,0.8061514683153014,Toujours inscrit
6823716,Terminale,"Santé, paramédical",_ETUDIANT / ÉLÈVE,Auvergne-Rhône-Alpes,Rhône (69),30,25,10,65,A,0,0,0,18,0,79,0,0,True,True,0.12905053251756174,0.8709494674824383,Toujours inscrit
7205569,Bac+1,"Action sociale, animation, sciences sociales",Etudiant,Auvergne-Rhône-Alpes,Rhône (69),30,30,5,65,A,1,1,1,0,0,2,0,0,False,False,0.19324523349129855,0.8067547665087015,Toujours inscrit
6300696,Bac+2,"International, études à l'étranger",_ETUDIANT / ÉLÈVE,Auvergne-Rhône-Alpes,Rhône (69),30,30,5,65,A,1,1,1,0,0,1,0,0,False,False,0.24365416827728387,0.7563458317227162,Toujours inscrit
8869153,Bac+1,"International, études à l'étranger",_ETUDIANT / ÉLÈVE,Auvergne-Rhône-Alpes,Rhône (69),30,25,10,65,A,1,0,1,2,0,12,0,0,False,True,0.28938773632641795,0.710612263673582,Toujours inscrit
7346139,Bac+3,"Sciences de la Terre (environnement, agriculture, agronomie ...)",_ETUDIANT / ÉLÈVE,Auvergne-Rhône-Alpes,Rhône (69),30,25,10,65,A,1,0,1,1,0,1,0,0,False,False,0.24462818183333612,0.7553718181666639,Toujours inscrit
6298364,Bac+4,"Mécanique, aéronautique, automobile",Professionnel de l'éducation dans le secondaire,Auvergne-Rhône-Alpes,Rhône (69),30,25,10,65,A,0,0,0,92,0,95,0,0,True,True,0.11952565457320653,0.8804743454267935,Toujours inscrit
5108652,Seconde Générale et Technologique,"Commerce, vente, marketing",_ETUDIANT / ÉLÈVE,Auvergne-Rhône-Alpes,Rhône (69),30,30,5,65,A,1,1,1,0,0,0,0,0,,,0.3822156073075352,0.6177843926924649,Toujours inscrit
5303781,CAP/BEP,"Droit, science politique, administration publique",Lycéen,Auvergne-Rhône-Alpes,Rhône (69),30,30,5,65,A,1,1,1,0,0,1,0,0,False,False,0.29559529122963624,0.7044047087703638,Toujours inscrit
6140160,Première,"Commerce, vente, marketing",_ETUDIANT / ÉLÈVE,Auvergne-Rhône-Alpes,Rhône (69),30,30,5,65,A,1,1,1,0,0,0,0,0,,,0.28938773632641795,0.710612263673582,Toujours inscrit
7234220,Bac+1,"Arts, audiovisuel, culture",Etudiant,Auvergne-Rhône-Alpes,Rhône (69),30,30,5,65,A,1,1,1,0,0,2,0,0,False,False,0.30118270799347474,0.6988172920065253,Toujours inscrit
7899467,Bac +5 et au delà,"Santé, paramédical",_ETUDIANT / ÉLÈVE,Auvergne-Rhône-Alpes,Rhône (69),30,30,5,65,A,1,1,1,0,0,110,0,0,True,True,0.19324523349129855,0.8067547665087015,Toujours inscrit
5110215,3ème,"Mécanique, aéronautique, automobile","En recherche d'emploi, de stage / Jeune diplômé",Auvergne-Rhône-Alpes,Rhône (69),30,25,10,65,A,0,0,0,34,0,53,0,0,True,True,0.0777793533749291,0.9222206466250709,Toujours inscrit
6613620,Bac+1,"Secretariat, assistant de gestion",Etudiant,Auvergne-Rhône-Alpes,Rhône (69),30,25,10,65,A,0,0,0,109,0,431,0,0,True,True,0.07769642951880737,0.9223035704811926,Toujours inscrit
6469333,Terminale technologique,"Transport, logistique",Lycéen,Auvergne-Rhône-Alpes,Rhône (69),30,25,10,65,A,0,0,0,346,0,389,0,0,True,True,0.24462818183333612,0.7553718181666639,Toujours inscrit
8258454,Bac+1,"Armée, défense, sécurité",_ETUDIANT / ÉLÈVE,Auvergne-Rhône-Alpes,Rhône (69),30,25,10,65,A,0,0,0,39,0,85,0,0,True,False,0.14679409854319383,0.8532059014568062,Toujours inscrit
7124944,4ème,Luxe,Collégien,Auvergne-Rhône-Alpes,Rhône (69),30,25,10,65,A,1,0,1,1,0,19,0,0,True,False,0.3257956448911223,0.6742043551088778,Toujours inscrit
7383695,Bac+1,"Architecture, géographie, aménagement",_ETUDIANT / ÉLÈVE,Auvergne-Rhône-Alpes,Rhône (69),30,30,5,65,A,1,1,1,0,0,3,0,0,False,False,0.20823095823095822,0.7917690417690417,Toujours inscrit
8105988,Première,"Arts, audiovisuel, culture",Lycéen,Auvergne-Rhône-Alpes,Rhône (69),30,25,10,65,A,1,0,1,2,0,2,0,0,False,False,0.17128554265118143,0.8287144573488185,Toujours inscrit
7346087,3ème,"Armée, défense, sécurité",Collégien,Auvergne-Rhône-Alpes,Rhône (69),30,25,10,65,A,0,0,0,30,0,114,0,0,True,True,0.24462818183333612,0.7553718181666639,Toujours inscrit
7395622,3ème,"Education, formation",Collégien,Auvergne-Rhône-Alpes,Rhône (69),30,25,10,65,A,1,0,1,1,0,37,0,0,True,False,0.30118270799347474,0.6988172920065253,Toujours inscrit
7165925,Terminale,Je ne sais pas quoi faire,Lycéen,Auvergne-Rhône-Alpes,Rhône (69),30,15,20,65,A,1,1,1,127,1,237,0,0,True,False,0.29559529122963624,0.7044047087703638,Toujours inscrit
7221799,Terminale,"Santé, paramédical",_ETUDIANT / ÉLÈVE,Auvergne-Rhône-Alpes,Rhône (69),30,30,5,65,A,1,1,1,0,0,2,0,0,False,False,0.2918954743419807,0.7081045256580193,Toujours inscrit
8661883,Terminale,"Lettres, langues et sciences humaines",Lycéen,Auvergne-Rhône-Alpes,Rhône (69),30,30,5,65,A,1,1,1,0,0,2,0,0,False,False,0.1661087102075598,0.8338912897924402,Toujours inscrit
7882681,Première,(Vide),_ETUDIANT / ÉLÈVE,Auvergne-Rhône-Alpes,Rhône (69),30,15,20,65,A,1,1,2,94,0,134,0,0,True,True,0.14679409854319383,0.8532059014568062,Toujours inscrit
7431526,Bac+3,Technologie industrielle,_ETUDIANT / ÉLÈVE,Auvergne-Rhône-Alpes,Rhône (69),30,25,10,65,A,1,0,1,3,0,10,0,0,True,True,0.19324523349129855,0.8067547665087015,Toujours inscrit
7405084,Bac+3,"Santé, paramédical",Etudiant,Auvergne-Rhône-Alpes,Rhône (69),30,30,5,65,A,1,1,1,0,0,1,0,0,,,0.24462818183333612,0.7553718181666639,Toujours inscrit
6773242,4ème,"Commerce, vente, marketing",Collégien,Pays de la Loire,Sarthe (72),30,25,10,65,A,0,0,0,6,0,7,0,0,False,True,0.15125186734389004,0.8487481326561099,Toujours inscrit
7368451,Bac+2,"Action sociale, animation, sciences sociales",_ETUDIANT / ÉLÈVE,Pays de la Loire,Sarthe (72),30,25,10,65,A,0,0,0,39,0,81,0,0,True,True,0.15125186734389004,0.8487481326561099,Toujours inscrit
6332779,Bac+3,"Communication, information, journalisme","En recherche d'emploi, de stage / Jeune diplômé",Pays de la Loire,Sarthe (72),30,25,10,65,A,0,0,0,160,0,396,0,0,True,True,0.09986357435197817,0.9001364256480219,Toujours inscrit
6725310,4ème,"Action sociale, animation, sciences sociales",Collégien,Pays de la Loire,Sarthe (72),30,25,10,65,A,0,0,0,183,0,187,0,0,True,True,0.1004089050431622,0.8995910949568378,Toujours inscrit
7951163,Seconde Générale et Technologique,"Banque, assurance, finance, immobilier",_ETUDIANT / ÉLÈVE,Auvergne-Rhône-Alpes,Savoie (73),30,25,10,65,A,0,0,0,10,0,30,0,0,True,True,0.0905094905094905,0.9094905094905095,Toujours inscrit
8956313,Terminale,"Commerce, vente, marketing",_ETUDIANT / ÉLÈVE,Auvergne-Rhône-Alpes,Savoie (73),30,30,5,65,A,1,1,1,0,0,1,0,0,False,False,0.2130051773433274,0.7869948226566726,Toujours inscrit
5388623,Terminale,"International, études à l'étranger",_ETUDIANT / ÉLÈVE,Auvergne-Rhône-Alpes,Savoie (73),30,25,10,65,A,0,0,0,330,0,420,0,0,True,True,0.23154232701971394,0.768457672980286,Toujours inscrit
7861109,Terminale,Economie,Lycéen,Auvergne-Rhône-Alpes,Savoie (73),30,25,10,65,A,0,0,0,16,0,204,0,0,True,True,0.16917204045980977,0.8308279595401902,Toujours inscrit
8824291,Bac+1,"Communication, information, journalisme",_ETUDIANT / ÉLÈVE,Auvergne-Rhône-Alpes,Savoie (73),30,25,10,65,A,1,0,1,5,0,41,0,0,True,True,0.21072696200867622,0.7892730379913238,Toujours inscrit
5659899,Terminale,"Comptabilité, gestion, ressources humaines",_ETUDIANT / ÉLÈVE,Auvergne-Rhône-Alpes,Savoie (73),30,25,10,65,A,0,0,0,218,0,304,0,0,True,False,0.14704790196806536,0.8529520980319346,Toujours inscrit
6850549,Terminale,"International, études à l'étranger",Parent,Auvergne-Rhône-Alpes,Savoie (73),30,30,5,65,A,1,1,1,0,0,1,0,0,False,False,0.19397568499364906,0.806024315006351,Toujours inscrit
7802598,Terminale,"Commerce, vente, marketing",Lycéen,Auvergne-Rhône-Alpes,Savoie (73),30,25,10,65,A,0,0,0,117,0,119,0,0,True,True,0.1885272317112472,0.8114727682887528,Toujours inscrit
5168280,Terminale Pro,Economie,Lycéen,Normandie,Seine-Maritime (76),30,25,10,65,A,0,0,0,102,0,152,0,0,True,False,0.13027999615125566,0.8697200038487444,Toujours inscrit
6134127,3ème,"Action sociale, animation, sciences sociales",Parent,Normandie,Seine-Maritime (76),30,30,5,65,A,1,1,1,0,0,0,0,0,,,0.21010516689529035,0.7898948331047096,Toujours inscrit
5561274,Première,"Cosmétique, esthétique, soins personnels",Parent,Normandie,Seine-Maritime (76),30,30,5,65,A,1,1,1,0,0,93,0,0,True,True,0.1255391071220422,0.8744608928779578,Toujours inscrit
7109590,Bac+3,"Lettres, langues et sciences humaines",_ETUDIANT / ÉLÈVE,Normandie,Seine-Maritime (76),30,25,10,65,A,0,0,0,79,0,162,0,0,True,True,0.2369774919614148,0.7630225080385852,Toujours inscrit
7101411,Bac+1,"Vétérinaire, soins aux animaux",Etudiant,Normandie,Seine-Maritime (76),30,25,10,65,A,1,0,3,0,0,1,0,0,False,False,0.22050816696914702,0.779491833030853,Toujours inscrit
7374111,4ème,"Cosmétique, esthétique, soins personnels",Parent,Normandie,Seine-Maritime (76),30,30,5,65,A,1,1,1,0,0,2,0,0,False,False,0.132996632996633,0.867003367003367,Toujours inscrit
8183093,Terminale technologique,"Digital, Informatique, multimédia","En recherche d'emploi, de stage / Jeune diplômé",Normandie,Seine-Maritime (76),30,25,10,65,A,0,0,0,161,0,164,0,0,True,True,0.0845037037037037,0.9154962962962963,Toujours inscrit
7387601,Bac+1,"Arts, audiovisuel, culture",_ETUDIANT / ÉLÈVE,Normandie,Seine-Maritime (76),30,25,10,65,A,0,0,0,1,1,2,0,0,False,False,0.15034965034965034,0.8496503496503497,Toujours inscrit
7539990,Terminale technologique,"Sciences de la vie (biologie, biotechnologies...)",_ETUDIANT / ÉLÈVE,Normandie,Seine-Maritime (76),30,25,10,65,A,0,0,0,14,0,47,0,0,True,True,0.10335195530726257,0.8966480446927374,Toujours inscrit
6842284,4ème,"Arts, audiovisuel, culture",_ETUDIANT / ÉLÈVE,Normandie,Seine-Maritime (76),30,25,10,65,A,0,0,0,8,0,8,0,0,True,True,0.09905949703537109,0.9009405029646289,Toujours inscrit
6523908,Terminale technologique,"International, études à l'étranger",_ETUDIANT / ÉLÈVE,Normandie,Seine-Maritime (76),30,25,10,65,A,0,0,0,62,0,63,0,0,True,False,0.12469055374592834,0.8753094462540717,Toujours inscrit
7465322,Bac+1,"Comptabilité, gestion, ressources humaines",Etudiant,Normandie,Seine-Maritime (76),30,25,10,65,A,0,0,0,98,0,158,0,0,True,True,0.06751620836127878,0.9324837916387212,Toujours inscrit
5897830,Terminale technologique,Sport,_ETUDIANT / ÉLÈVE,Normandie,Seine-Maritime (76),30,25,10,65,A,0,0,0,121,0,297,0,0,True,True,0.1255391071220422,0.8744608928779578,Toujours inscrit
5373046,4ème,"Communication, information, journalisme",_ETUDIANT / ÉLÈVE,Normandie,Seine-Maritime (76),30,30,5,65,A,1,1,1,0,0,0,0,0,,,0.14546932141405933,0.8545306785859407,Toujours inscrit
6936747,Terminale Pro,"Arts, audiovisuel, culture",_ETUDIANT / ÉLÈVE,Île-de-France,Seine-St-Denis (93),30,25,10,65,A,1,0,1,1,0,1,0,0,False,False,0.09586626789147618,0.9041337321085238,Toujours inscrit
5864025,Seconde Générale et Technologique,Je ne sais pas quoi faire,_ETUDIANT / ÉLÈVE,Île-de-France,Seine-St-Denis (93),30,15,20,65,A,1,1,2,6,0,14,0,0,False,True,0.18368323464322028,0.8163167653567797,Toujours inscrit
8032095,3ème,"Architecture, géographie, aménagement",Collégien,Île-de-France,Seine-St-Denis (93),30,25,10,65,A,1,0,1,2,0,2,0,0,False,False,0.06515308977536174,0.9348469102246383,Toujours inscrit
4774008,Seconde Générale et Technologique,"Droit, science politique, administration publique",Lycéen,Île-de-France,Seine-St-Denis (93),30,25,10,65,A,1,0,1,2,0,2,0,0,False,False,0.23049660411459877,0.7695033958854012,Toujours inscrit
7047337,Seconde Générale et Technologique,"Architecture, géographie, aménagement",Lycéen,Île-de-France,Seine-St-Denis (93),30,25,10,65,A,0,0,0,11,0,64,0,0,True,False,0.09754631593833969,0.9024536840616603,Toujours inscrit
8296178,Bac+1,"Arts, audiovisuel, culture",Parent,Île-de-France,Seine-St-Denis (93),30,25,10,65,A,0,0,0,9,0,109,0,0,True,False,0.17631395682274384,0.8236860431772561,Toujours inscrit
7743182,Terminale technologique,"Commerce, vente, marketing",Lycéen,Île-de-France,Seine-St-Denis (93),30,25,10,65,A,0,0,0,15,0,217,0,0,True,True,0.1089135493109003,0.8910864506890996,Toujours inscrit
7354935,Première,"Communication, information, journalisme",_ETUDIANT / ÉLÈVE,Île-de-France,Seine-St-Denis (93),30,30,5,65,A,1,1,1,0,0,234,0,0,True,True,0.12258440046565774,0.8774155995343422,Toujours inscrit
7794823,Première,"Tourisme, hôtellerie, restauration",_ETUDIANT / ÉLÈVE,Île-de-France,Seine-St-Denis (93),30,25,10,65,A,1,0,1,1,0,2,0,0,False,False,0.2795056362895559,0.7204943637104441,Toujours inscrit
8300616,6ème,"Action sociale, animation, sciences sociales",Collégien,Île-de-France,Seine-St-Denis (93),30,25,10,65,A,0,0,0,18,0,40,0,0,True,False,0.1822481677177433,0.8177518322822567,Toujours inscrit
7451987,3ème,"International, études à l'étranger",Collégien,Île-de-France,Seine-St-Denis (93),30,25,10,65,A,0,0,0,1,1,48,0,0,True,True,0.23049660411459877,0.7695033958854012,Toujours inscrit
6778932,Bac+2,"Arts, audiovisuel, culture",_ETUDIANT / ÉLÈVE,Île-de-France,Seine-St-Denis (93),30,25,10,65,A,0,0,0,39,0,498,0,0,True,True,0.10368423437712421,0.8963157656228757,Toujours inscrit
4669089,Bac+3,"Action sociale, animation, sciences sociales",Etudiant,Île-de-France,Seine-St-Denis (93),30,25,10,65,A,0,0,0,12,0,184,0,0,True,True,0.127036502371623,0.872963497628377,Toujours inscrit
6604798,Terminale,"Lettres, langues et sciences humaines",Etudiant,Île-de-France,Seine-St-Denis (93),30,25,10,65,A,0,0,0,3,1,48,0,0,True,False,0.1989537354912539,0.8010462645087462,Toujours inscrit
8514440,Bac+2,"Tourisme, hôtellerie, restauration","En recherche d'emploi, de stage / Jeune diplômé",Île-de-France,Seine-St-Denis (93),30,25,10,65,A,0,0,0,59,0,65,0,0,True,True,0.08904109589041095,0.910958904109589,Toujours inscrit
5597220,Terminale,Sport,_ETUDIANT / ÉLÈVE,Île-de-France,Seine-St-Denis (93),30,25,10,65,A,0,0,0,431,0,443,0,0,True,True,0.1822481677177433,0.8177518322822567,Toujours inscrit
6578315,Bac+3,"Banque, assurance, finance, immobilier",Etudiant,Île-de-France,Seine-St-Denis (93),30,25,10,65,A,1,0,1,1,0,1,0,0,False,False,0.09754631593833969,0.9024536840616603,Toujours inscrit
6029877,Terminale,"Architecture, géographie, aménagement",Lycéen,Île-de-France,Seine-St-Denis (93),30,25,10,65,A,1,0,1,1,0,1,0,0,True,True,0.1591132399901744,0.8408867600098257,Toujours inscrit
6376434,Seconde Générale et Technologique,"Arts, audiovisuel, culture",Parent,Île-de-France,Seine-St-Denis (93),30,30,5,65,A,1,1,1,0,0,0,0,0,,,0.23049660411459877,0.7695033958854012,Toujours inscrit
7705737,Bac+2,"Commerce, vente, marketing",Etudiant,Île-de-France,Seine-St-Denis (93),30,25,10,65,A,0,0,0,136,0,215,0,0,True,True,0.12828594843346153,0.8717140515665385,Toujours inscrit
8477466,Bac+1,"Architecture, géographie, aménagement","En recherche d'emploi, de stage / Jeune diplômé",Île-de-France,Seine-St-Denis (93),30,25,10,65,A,0,0,0,2,1,2,0,0,False,False,0.08166437496263526,0.9183356250373648,Toujours inscrit
6626628,Seconde Générale et Technologique,"Commerce, vente, marketing",_ETUDIANT / ÉLÈVE,Île-de-France,Seine-St-Denis (93),30,25,10,65,A,0,0,0,100,0,180,0,0,True,False,0.12273320760191499,0.877266792398085,Toujours inscrit
7713199,Bac+1,"Droit, science politique, administration publique",_ETUDIANT / ÉLÈVE,Île-de-France,Seine-St-Denis (93),30,25,10,65,A,0,0,0,26,0,179,0,0,True,False,0.12828594843346153,0.8717140515665385,Toujours inscrit
5186280,Terminale,Economie,Lycéen,Île-de-France,Seine-St-Denis (93),30,25,10,65,A,0,0,0,74,0,471,0,0,True,True,0.15633070364736265,0.8436692963526373,Toujours inscrit
7865831,Bac+2,Luxe,Etudiant,Île-de-France,Seine-St-Denis (93),30,25,10,65,A,0,0,0,15,0,231,0,0,True,True,0.10368423437712421,0.8963157656228757,Toujours inscrit
7604901,3ème,"Banque, assurance, finance, immobilier",_ETUDIANT / ÉLÈVE,Île-de-France,Seine-St-Denis (93),30,25,10,65,A,0,0,0,101,0,145,0,0,True,True,0.06515308977536174,0.9348469102246383,Toujours inscrit
7602598,3ème,"International, études à l'étranger",Collégien,Île-de-France,Seine-St-Denis (93),30,25,10,65,A,0,0,0,90,0,96,0,0,True,True,0.15633070364736265,0.8436692963526373,Toujours inscrit
7574533,Terminale technologique,"Droit, science politique, administration publique",_ETUDIANT / ÉLÈVE,Île-de-France,Seine-St-Denis (93),30,25,10,65,A,0,0,0,12,0,32,0,0,True,True,0.17631395682274384,0.8236860431772561,Toujours inscrit
7338326,Terminale Pro,"Action sociale, animation, sciences sociales",Lycéen,Île-de-France,Seine-et-Marne (77),30,30,5,65,A,1,1,1,0,0,1,0,0,True,True,0.21031587365053978,0.7896841263494602,Toujours inscrit
6908142,Première,Je ne sais pas quoi faire,Parent,Île-de-France,Seine-et-Marne (77),30,10,25,65,A,1,0,1,58,4,121,0,0,True,True,0.17164053751399777,0.8283594624860022,Toujours inscrit
5270100,Première,"Arts, audiovisuel, culture",_ETUDIANT / ÉLÈVE,Île-de-France,Seine-et-Marne (77),30,25,10,65,A,0,0,0,412,0,419,0,0,True,True,0.142555190230155,0.857444809769845,Toujours inscrit
7850245,Terminale,"Architecture, géographie, aménagement",Lycéen,Île-de-France,Seine-et-Marne (77),30,25,10,65,A,0,0,0,6,0,214,0,0,True,False,0.12097530478274461,0.8790246952172553,Toujours inscrit
5510274,4ème,Luxe,Collégien,Île-de-France,Seine-et-Marne (77),30,25,10,65,A,0,0,0,87,0,126,0,0,True,True,0.15119494370926329,0.8488050562907368,Toujours inscrit
8444891,Première,Luxe,_ETUDIANT / ÉLÈVE,Île-de-France,Seine-et-Marne (77),30,25,10,65,A,0,0,0,13,0,92,0,0,True,True,0.16242410088743578,0.8375758991125642,Toujours inscrit
7345420,Terminale,"Vétérinaire, soins aux animaux",Lycéen,Île-de-France,Seine-et-Marne (77),30,30,5,65,A,1,1,1,0,0,3,0,0,False,False,0.12293945462948698,0.877060545370513,Toujours inscrit
8277097,Terminale,"Digital, Informatique, multimédia",Lycéen,Île-de-France,Seine-et-Marne (77),30,25,10,65,A,0,0,0,2,1,126,0,0,True,True,0.13038751261939893,0.869612487380601,Toujours inscrit
6840016,Terminale,Je ne sais pas quoi faire,Parent,Île-de-France,Seine-et-Marne (77),30,15,20,65,A,1,1,2,2,2,1,0,0,False,False,0.19090909090909092,0.8090909090909091,Toujours inscrit
8041741,Bac+1,"Transport, logistique",Etudiant,Île-de-France,Seine-et-Marne (77),30,25,10,65,A,0,0,0,23,0,26,0,0,True,True,0.12589896509384318,0.8741010349061568,Toujours inscrit
6741800,Bac+3,"Transport, logistique","En recherche d'emploi, de stage / Jeune diplômé",Île-de-France,Seine-et-Marne (77),30,25,10,65,A,0,0,0,15,0,21,0,0,False,True,0.12960339943342777,0.8703966005665722,Toujours inscrit
5292132,Terminale,Economie,Lycéen,Île-de-France,Seine-et-Marne (77),30,25,10,65,A,0,0,0,62,0,467,0,0,True,True,0.17164053751399777,0.8283594624860022,Toujours inscrit
5152546,Terminale technologique,"Droit, science politique, administration publique",_ETUDIANT / ÉLÈVE,Île-de-France,Seine-et-Marne (77),30,25,10,65,A,0,0,0,47,0,337,0,0,True,True,0.15477426050856252,0.8452257394914374,Toujours inscrit
8559200,Terminale technologique,"Transport, logistique",Parent,Île-de-France,Seine-et-Marne (77),30,25,10,65,A,1,0,1,2,0,2,0,0,False,False,0.2074762220747622,0.7925237779252378,Toujours inscrit
6387390,Bac +5 et au delà,"Education, formation",_ETUDIANT / ÉLÈVE,Île-de-France,Seine-et-Marne (77),30,25,10,65,A,0,0,0,15,0,15,0,0,True,True,0.12003048393242728,0.8799695160675727,Toujours inscrit
6416793,Première,"Droit, science politique, administration publique",_ETUDIANT / ÉLÈVE,Île-de-France,Seine-et-Marne (77),30,30,5,65,A,1,1,1,0,0,0,0,0,,,0.15119494370926329,0.8488050562907368,Toujours inscrit
6468039,Bac +5 et au delà,"Santé, paramédical",Etudiant,Île-de-France,Seine-et-Marne (77),30,25,10,65,A,0,0,0,53,0,137,0,0,True,True,0.17297654929059766,0.8270234507094023,Toujours inscrit
6606286,Bac+1,"Commerce, vente, marketing",Etudiant,Île-de-France,Seine-et-Marne (77),30,25,10,65,A,0,0,0,106,0,154,0,0,True,True,0.1662977897704878,0.8337022102295122,Toujours inscrit
8600544,Terminale technologique,"Communication, information, journalisme",Lycéen,Île-de-France,Seine-et-Marne (77),30,30,5,65,A,1,1,1,0,0,5,0,0,True,True,0.21031587365053978,0.7896841263494602,Toujours inscrit
7401369,Bac+4,"Communication, information, journalisme",_ETUDIANT / ÉLÈVE,Île-de-France,Seine-et-Marne (77),30,25,10,65,A,0,0,0,50,0,271,0,0,True,True,0.16021567494704408,0.8397843250529559,Toujours inscrit
7562508,Bac+1,"Action sociale, animation, sciences sociales",Etudiant,Île-de-France,Seine-et-Marne (77),30,25,10,65,A,0,0,0,53,0,176,0,0,True,True,0.12003048393242728,0.8799695160675727,Toujours inscrit
5182554,Terminale,"Santé, paramédical",_ETUDIANT / ÉLÈVE,Île-de-France,Seine-et-Marne (77),30,25,10,65,A,0,0,0,261,0,295,0,0,True,True,0.1662977897704878,0.8337022102295122,Toujours inscrit
5337146,Terminale,"Digital, Informatique, multimédia",Parent,Île-de-France,Seine-et-Marne (77),30,25,10,65,A,0,0,0,229,0,282,0,0,True,True,0.12589896509384318,0.8741010349061568,Toujours inscrit
6938109,Terminale,"Commerce, vente, marketing",Lycéen,Île-de-France,Seine-et-Marne (77),30,25,10,65,A,0,0,0,32,0,74,0,0,True,False,0.1695438482472887,0.8304561517527114,Toujours inscrit
7755433,Terminale technologique,"Mécanique, aéronautique, automobile",Lycéen,Île-de-France,Seine-et-Marne (77),30,25,10,65,A,0,0,0,102,0,220,0,0,True,True,0.20289031419988635,0.7971096858001137,Toujours inscrit
5236244,Terminale technologique,"Electronique, automatique",_ETUDIANT / ÉLÈVE,Île-de-France,Seine-et-Marne (77),30,25,10,65,A,0,0,0,301,0,524,0,0,True,True,0.09394843178756976,0.9060515682124303,Toujours inscrit
8819535,Seconde Générale et Technologique,Economie,_ETUDIANT / ÉLÈVE,Île-de-France,Seine-et-Marne (77),30,25,10,65,A,0,0,0,3,1,5,0,0,False,False,0.21651295564339043,0.7834870443566095,Toujours inscrit
8343743,Seconde Générale et Technologique,"Droit, science politique, administration publique",Lycéen,Île-de-France,Seine-et-Marne (77),30,25,10,65,A,0,0,0,5,1,58,0,0,True,True,0.12293945462948698,0.877060545370513,Toujours inscrit
6281263,Terminale technologique,"Banque, assurance, finance, immobilier",_ETUDIANT / ÉLÈVE,Hauts-de-France,Somme (80),30,30,5,65,A,1,1,1,0,0,0,0,0,,,0.14587525150905434,0.8541247484909457,Toujours inscrit
8280168,3ème,"Droit, science politique, administration publique",Collégien,Hauts-de-France,Somme (80),30,25,10,65,A,0,0,0,60,0,61,0,0,True,True,0.09056603773584905,0.909433962264151,Toujours inscrit
6678217,Terminale technologique,"Secretariat, assistant de gestion",_ETUDIANT / ÉLÈVE,Hauts-de-France,Somme (80),30,25,10,65,A,0,0,0,149,0,257,0,0,True,False,0.14587525150905434,0.8541247484909457,Toujours inscrit
6914175,Bac+2,"Digital, Informatique, multimédia","En recherche d'emploi, de stage / Jeune diplômé",Hauts-de-France,Somme (80),30,25,10,65,A,0,0,0,16,0,19,0,0,True,True,0.14587525150905434,0.8541247484909457,Toujours inscrit
5566000,Première,"Sciences de la vie (biologie, biotechnologies...)",Parent,Hauts-de-France,Somme (80),30,25,10,65,A,1,0,2,0,0,1,0,0,False,False,0.14587525150905434,0.8541247484909457,Toujours inscrit
6235547,Première,"Commerce, vente, marketing",Parent,Hauts-de-France,Somme (80),30,25,10,65,A,1,0,2,0,0,0,0,0,,,0.18325557283566615,0.8167444271643338,Toujours inscrit
7205914,Seconde Générale et Technologique,Je ne sais pas quoi faire,_ETUDIANT / ÉLÈVE,Hauts-de-France,Somme (80),30,15,20,65,A,1,1,1,10,1,141,0,0,True,True,0.11923509561304838,0.8807649043869517,Toujours inscrit
6744955,Terminale,"Communication, information, journalisme",_ETUDIANT / ÉLÈVE,Hauts-de-France,Somme (80),30,30,5,65,A,1,1,1,0,0,3,0,0,False,False,0.10455151399733384,0.8954484860026661,Toujours inscrit
7423959,Terminale technologique,"Action sociale, animation, sciences sociales","En recherche d'emploi, de stage / Jeune diplômé",Hauts-de-France,Somme (80),30,25,10,65,A,0,0,0,16,0,79,0,0,True,False,0.08632746563781046,0.9136725343621895,Toujours inscrit
8803812,Terminale,"Architecture, géographie, aménagement",Parent,Hauts-de-France,Somme (80),30,25,10,65,A,1,0,1,1,0,1,0,0,False,False,0.14587525150905434,0.8541247484909457,Toujours inscrit
6274945,Première,Economie,Parent,Hauts-de-France,Somme (80),30,30,5,65,A,1,1,1,0,0,0,0,0,,,0.1296593543784555,0.8703406456215445,Toujours inscrit
8470060,Terminale,"Communication, information, journalisme",Lycéen,Île-de-France,Val-D'Oise (95),30,25,10,65,A,0,0,0,41,0,129,0,0,True,True,0.29304000626321147,0.7069599937367885,Toujours inscrit
6391626,Bac+3,"Lettres, langues et sciences humaines",_ETUDIANT / ÉLÈVE,Île-de-France,Val-D'Oise (95),30,30,5,65,A,1,1,1,0,0,0,0,0,,,0.22525439407955597,0.7747456059204441,Toujours inscrit
4721714,Première technologique,"Santé, paramédical",Lycéen,Île-de-France,Val-D'Oise (95),30,25,10,65,A,0,0,0,29,0,264,0,0,True,True,0.09233152594887684,0.9076684740511232,Toujours inscrit
7724713,Terminale Pro,"Commerce, vente, marketing",_ETUDIANT / ÉLÈVE,Île-de-France,Val-D'Oise (95),30,25,10,65,A,0,0,0,29,0,143,0,0,True,True,0.14786663260091978,0.8521333673990802,Toujours inscrit
6029834,Terminale technologique,"Comptabilité, gestion, ressources humaines",_ETUDIANT / ÉLÈVE,Île-de-France,Val-D'Oise (95),30,30,5,65,A,1,1,1,0,0,0,0,0,,,0.13927236671497217,0.8607276332850279,Toujours inscrit
5434991,Terminale,"Banque, assurance, finance, immobilier",_ETUDIANT / ÉLÈVE,Île-de-France,Val-D'Oise (95),30,25,10,65,A,0,0,0,262,0,505,0,0,True,True,0.23962008141112617,0.7603799185888738,Toujours inscrit
8863147,Terminale,"Arts, audiovisuel, culture",Lycéen,Île-de-France,Val-D'Oise (95),30,25,10,65,A,1,0,1,1,0,1,0,0,False,False,0.19616613418530351,0.8038338658146965,Toujours inscrit
6511352,Bac+1,"Santé, paramédical",_ETUDIANT / ÉLÈVE,Île-de-France,Val-D'Oise (95),30,25,10,65,A,0,0,0,68,0,338,0,0,True,True,0.25756113256113256,0.7424388674388674,Toujours inscrit
7515953,Seconde Générale et Technologique,Luxe,Lycéen,Île-de-France,Val-D'Oise (95),30,25,10,65,A,1,0,1,1,0,3,0,0,False,False,0.29304000626321147,0.7069599937367885,Toujours inscrit
5455035,Bac+1,"Arts, audiovisuel, culture",_ETUDIANT / ÉLÈVE,Île-de-France,Val-D'Oise (95),30,25,10,65,A,0,0,0,143,0,197,0,0,True,True,0.08062011204171057,0.9193798879582894,Toujours inscrit
5492773,Terminale,"Secretariat, assistant de gestion",_ETUDIANT / ÉLÈVE,Île-de-France,Val-D'Oise (95),30,25,10,65,A,0,0,0,332,0,369,0,0,True,False,0.06557076956871934,0.9344292304312807,Toujours inscrit
7088324,Terminale,(Vide),Parent,Île-de-France,Val-D'Oise (95),30,15,20,65,A,1,1,1,13,1,17,0,0,True,False,0.2300134848776729,0.7699865151223271,Toujours inscrit
6508548,Bac +5 et au delà,"Sciences de la matière (chimie, physique, matériaux, optique…)",Etudiant,Île-de-France,Val-D'Oise (95),30,25,10,65,A,0,0,0,10,0,10,0,0,False,True,0.16202821197102554,0.8379717880289744,Toujours inscrit
6936425,Première,(Vide),_ETUDIANT / ÉLÈVE,Île-de-France,Val-D'Oise (95),30,15,20,65,A,1,1,1,13,2,15,0,0,False,False,0.16504293724270253,0.8349570627572974,Toujours inscrit
8998025,Bac+1,"Architecture, géographie, aménagement",_ETUDIANT / ÉLÈVE,Île-de-France,Val-D'Oise (95),30,25,10,65,A,1,0,1,1,0,2,0,0,,,0.23962008141112617,0.7603799185888738,Toujours inscrit
6637136,Terminale,"Banque, assurance, finance, immobilier",Lycéen,Île-de-France,Val-D'Oise (95),30,25,10,65,A,0,0,0,63,0,95,0,0,True,False,0.1957018747142204,0.8042981252857796,Toujours inscrit
7803899,Seconde Générale et Technologique,"Sciences de la vie (biologie, biotechnologies...)",Parent,Île-de-France,Val-D'Oise (95),30,25,10,65,A,1,0,1,2,0,2,0,0,False,False,0.16332432192873603,0.836675678071264,Toujours inscrit
6800081,Seconde Générale et Technologique,"Action sociale, animation, sciences sociales",Parent,Île-de-France,Val-D'Oise (95),30,25,10,65,A,1,0,1,1,0,1,0,0,False,False,0.1805714708165453,0.8194285291834547,Toujours inscrit
5177302,Terminale,"Energie, électricité",_ETUDIANT / ÉLÈVE,Île-de-France,Val-de-Marne (94),30,25,10,65,A,0,0,0,141,0,152,0,0,True,True,0.15862438883502156,0.8413756111649784,Toujours inscrit
6414979,Seconde Générale et Technologique,"Commerce, vente, marketing",Parent,Île-de-France,Val-de-Marne (94),30,30,5,65,A,1,1,1,0,0,0,0,0,,,0.4152407343262903,0.5847592656737097,Toujours inscrit
6901285,Bac+1,Economie,_ETUDIANT / ÉLÈVE,Île-de-France,Val-de-Marne (94),30,30,5,65,A,1,1,1,0,0,155,0,0,True,False,0.3491603124853815,0.6508396875146185,Toujours inscrit
6408535,Première,"Banque, assurance, finance, immobilier",_ETUDIANT / ÉLÈVE,Île-de-France,Val-de-Marne (94),30,30,5,65,A,1,1,1,0,0,3,0,0,False,False,0.26673552565462566,0.7332644743453743,Toujours inscrit
5030707,Terminale,"International, études à l'étranger",Lycéen,Île-de-France,Val-de-Marne (94),30,25,10,65,A,0,0,0,421,0,433,0,0,True,True,0.25415676959619954,0.7458432304038005,Toujours inscrit
9051576,Terminale,"Communication, information, journalisme",_ETUDIANT / ÉLÈVE,Île-de-France,Val-de-Marne (94),30,25,10,65,A,0,0,0,7,0,24,0,0,True,True,0.18143808109148923,0.8185619189085107,Toujours inscrit
8582142,Seconde Générale et Technologique,Je ne sais pas quoi faire,Parent,Île-de-France,Val-de-Marne (94),30,15,20,65,A,1,1,2,21,0,34,0,0,True,False,0.1760579083689257,0.8239420916310742,Toujours inscrit
8602801,Terminale technologique,Sport,Lycéen,Île-de-France,Val-de-Marne (94),30,25,10,65,A,1,0,1,2,0,2,0,0,False,False,0.2040369782834637,0.7959630217165363,Toujours inscrit
8773796,Terminale technologique,"Commerce, vente, marketing",_ETUDIANT / ÉLÈVE,Île-de-France,Val-de-Marne (94),30,25,10,65,A,0,0,0,6,0,11,0,0,False,True,0.1492524649142159,0.8507475350857842,Toujours inscrit
5650193,4ème,"Secretariat, assistant de gestion",_ETUDIANT / ÉLÈVE,Île-de-France,Val-de-Marne (94),30,25,10,65,A,0,0,0,6,0,8,0,0,False,True,0.2728174603174603,0.7271825396825397,Toujours inscrit
7752958,Terminale,Luxe,Lycéen,Île-de-France,Val-de-Marne (94),30,30,5,65,A,1,1,1,0,0,2,0,0,True,True,0.2785947712418301,0.7214052287581699,Toujours inscrit
7627329,3ème,"Action sociale, animation, sciences sociales",Parent,Île-de-France,Val-de-Marne (94),30,25,10,65,A,0,0,0,5,2,54,0,0,True,True,0.4152407343262903,0.5847592656737097,Toujours inscrit
7172830,Bac+4,"Commerce, vente, marketing",_ETUDIANT / ÉLÈVE,Île-de-France,Val-de-Marne (94),30,25,10,65,A,0,0,0,196,0,208,0,0,True,False,0.26673552565462566,0.7332644743453743,Toujours inscrit
8181106,Terminale,"Banque, assurance, finance, immobilier",Parent,Île-de-France,Val-de-Marne (94),30,30,5,65,A,1,1,1,0,0,1,0,0,True,True,0.1760579083689257,0.8239420916310742,Toujours inscrit
5183895,Bac+3,"International, études à l'étranger",_ETUDIANT / ÉLÈVE,Île-de-France,Val-de-Marne (94),30,25,10,65,A,0,0,0,164,0,326,0,0,True,False,0.18308478610936077,0.8169152138906393,Toujours inscrit
5690512,Terminale technologique,"Architecture, géographie, aménagement",_ETUDIANT / ÉLÈVE,Île-de-France,Val-de-Marne (94),30,25,10,65,A,0,0,0,308,0,446,0,0,True,True,0.10459023265562775,0.8954097673443723,Toujours inscrit
8337462,Terminale,"Architecture, géographie, aménagement",Lycéen,Île-de-France,Val-de-Marne (94),30,25,10,65,A,0,0,0,15,0,229,0,0,True,True,0.2728174603174603,0.7271825396825397,Toujours inscrit
6329538,3ème,"Arts, audiovisuel, culture",Collégien,Provence-Alpes-Côte d'Azur,Var (83),30,30,5,65,A,1,1,1,0,0,0,0,0,,,0.13570885518786763,0.8642911448121323,Toujours inscrit
7615712,Bac+3,"Tourisme, hôtellerie, restauration",Etudiant,Provence-Alpes-Côte d'Azur,Var (83),30,25,10,65,A,0,0,0,28,0,101,0,0,False,True,0.20747932398417834,0.7925206760158217,Toujours inscrit
8625988,Première,"Commerce, vente, marketing",Lycéen,Provence-Alpes-Côte d'Azur,Var (83),30,25,10,65,A,0,0,0,9,0,52,0,0,True,False,0.13248826036209657,0.8675117396379034,Toujours inscrit
8884764,Terminale,"Action sociale, animation, sciences sociales",_ETUDIANT / ÉLÈVE,Provence-Alpes-Côte d'Azur,Var (83),30,30,5,65,A,1,1,1,0,0,1,0,0,False,False,0.13248826036209657,0.8675117396379034,Toujours inscrit
8972072,Terminale Pro,Sport,_ETUDIANT / ÉLÈVE,Provence-Alpes-Côte d'Azur,Var (83),30,25,10,65,A,0,0,0,16,0,29,0,0,True,True,0.14012371134020618,0.8598762886597938,Toujours inscrit
8453799,Première technologique,"Architecture, géographie, aménagement",_ETUDIANT / ÉLÈVE,Provence-Alpes-Côte d'Azur,Var (83),30,25,10,65,A,0,0,0,62,0,77,0,0,True,True,0.14012371134020618,0.8598762886597938,Toujours inscrit
8890329,Seconde Générale et Technologique,"Armée, défense, sécurité",Parent,Provence-Alpes-Côte d'Azur,Var (83),30,30,5,65,A,1,1,1,0,0,1,0,0,False,False,0.13570885518786763,0.8642911448121323,Toujours inscrit
7677766,Terminale technologique,"Lettres, langues et sciences humaines",_ETUDIANT / ÉLÈVE,Provence-Alpes-Côte d'Azur,Var (83),30,25,10,65,A,0,0,0,129,0,311,0,0,True,True,0.20747932398417834,0.7925206760158217,Toujours inscrit
6330481,Première,"Arts, audiovisuel, culture",_ETUDIANT / ÉLÈVE,Provence-Alpes-Côte d'Azur,Var (83),30,30,5,65,A,1,1,1,0,0,0,0,0,,,0.13248826036209657,0.8675117396379034,Toujours inscrit
8641230,Terminale Pro,"Digital, Informatique, multimédia",_ETUDIANT / ÉLÈVE,Provence-Alpes-Côte d'Azur,Var (83),30,25,10,65,A,0,0,0,62,0,67,0,0,True,True,0.17516865004168877,0.8248313499583112,Toujours inscrit
8420060,Terminale,"Droit, science politique, administration publique",Lycéen,Provence-Alpes-Côte d'Azur,Var (83),30,25,10,65,A,0,0,0,51,0,111,0,0,True,True,0.09764309764309764,0.9023569023569024,Toujours inscrit
8449127,Première technologique,"Santé, paramédical",_ETUDIANT / ÉLÈVE,Provence-Alpes-Côte d'Azur,Var (83),30,25,10,65,A,0,0,0,13,0,76,0,0,True,False,0.1432370820668693,0.8567629179331308,Toujours inscrit
8887093,Terminale,"Arts, audiovisuel, culture",_ETUDIANT / ÉLÈVE,Provence-Alpes-Côte d'Azur,Var (83),30,30,5,65,A,1,1,1,0,0,1,0,0,False,False,0.19733452794265877,0.8026654720573413,Toujours inscrit
8073383,Bac+2,"Sciences de la vie (biologie, biotechnologies...)",Etudiant,Provence-Alpes-Côte d'Azur,Vaucluse (84),30,25,10,65,A,0,0,0,9,0,15,0,0,True,True,0.2072492772959751,0.7927507227040249,Toujours inscrit
7489792,6ème,Sport,Collégien,Provence-Alpes-Côte d'Azur,Vaucluse (84),30,25,10,65,A,0,0,0,17,0,19,0,0,True,True,0.2022202873313017,0.7977797126686983,Toujours inscrit
8182148,Bac+2,"Cosmétique, esthétique, soins personnels",Etudiant,Provence-Alpes-Côte d'Azur,Vaucluse (84),30,25,10,65,A,0,0,0,1,1,91,0,0,True,True,0.12267699115044248,0.8773230088495575,Toujours inscrit
6550585,Terminale,"Droit, science politique, administration publique",_ETUDIANT / ÉLÈVE,Provence-Alpes-Côte d'Azur,Vaucluse (84),30,25,10,65,A,0,0,0,7,0,387,0,0,True,True,0.14105580802184184,0.8589441919781582,Toujours inscrit
7323580,4ème,"Digital, Informatique, multimédia",_ETUDIANT / ÉLÈVE,Provence-Alpes-Côte d'Azur,Vaucluse (84),30,25,10,65,A,0,0,0,2,2,18,0,0,False,False,0.105,0.895,Toujours inscrit
8629470,Première,"Action sociale, animation, sciences sociales",_ETUDIANT / ÉLÈVE,Provence-Alpes-Côte d'Azur,Vaucluse (84),30,25,10,65,A,1,0,1,1,0,54,0,0,True,True,0.22060766182298547,0.7793923381770145,Toujours inscrit
6231855,Seconde Générale et Technologique,"Sciences de la vie (biologie, biotechnologies...)",_ETUDIANT / ÉLÈVE,Provence-Alpes-Côte d'Azur,Vaucluse (84),30,30,5,65,A,1,1,1,0,0,0,0,0,,,0.14105580802184184,0.8589441919781582,Toujours inscrit
5956249,Bac+3,Technologie industrielle,Etudiant,Provence-Alpes-Côte d'Azur,Vaucluse (84),30,25,10,65,A,0,0,0,80,0,94,0,0,True,True,0.14105580802184184,0.8589441919781582,Toujours inscrit
8039522,Terminale Pro,"Commerce, vente, marketing",Lycéen,Pays de la Loire,Vendée (85),30,25,10,65,A,0,0,0,36,0,202,0,0,True,True,0.11809092624033202,0.881909073759668,Toujours inscrit
8368557,Seconde Générale et Technologique,"Sciences de la vie (biologie, biotechnologies...)",_ETUDIANT / ÉLÈVE,Pays de la Loire,Vendée (85),30,25,10,65,A,0,0,0,99,0,106,0,0,True,True,0.10364869228285438,0.8963513077171457,Toujours inscrit
7888128,Première,(Vide),Lycéen,Pays de la Loire,Vendée (85),30,15,20,65,A,1,1,1,12,2,63,0,0,True,False,0.13620050245244647,0.8637994975475536,Toujours inscrit
7820419,Bac +5 et au delà,"Action sociale, animation, sciences sociales",Parent,Pays de la Loire,Vendée (85),30,25,10,65,A,0,0,0,8,0,10,0,0,True,False,0.13899951981470496,0.8610004801852951,Toujours inscrit
7287033,Terminale,"Communication, information, journalisme",Lycéen,Nouvelle-Aquitaine,Vienne (86),30,25,10,65,A,1,0,1,1,0,38,0,0,False,True,0.16355086022751736,0.8364491397724827,Toujours inscrit
7258886,Bac+2,"Commerce, vente, marketing",_ETUDIANT / ÉLÈVE,Nouvelle-Aquitaine,Vienne (86),30,25,10,65,A,1,0,1,2,0,3,0,0,False,False,0.16355086022751736,0.8364491397724827,Toujours inscrit
6375099,Terminale,"Comptabilité, gestion, ressources humaines",_ETUDIANT / ÉLÈVE,Nouvelle-Aquitaine,Vienne (86),30,30,5,65,A,1,1,1,0,0,0,0,0,,,0.146524064171123,0.853475935828877,Toujours inscrit
5603719,Terminale,Sport,Lycéen,Nouvelle-Aquitaine,Vienne (86),30,25,10,65,A,0,0,0,225,0,452,0,0,True,True,0.128989712476919,0.871010287523081,Toujours inscrit
7946780,Seconde Générale et Technologique,"Architecture, géographie, aménagement",Lycéen,Nouvelle-Aquitaine,Vienne (86),30,30,5,65,A,1,1,1,0,0,8,0,0,True,False,0.20758718190386427,0.7924128180961357,Toujours inscrit
6372325,Première,"Digital, Informatique, multimédia",Lycéen,Nouvelle-Aquitaine,Vienne (86),30,25,10,65,A,1,0,1,1,0,2,0,0,False,False,0.16355086022751736,0.8364491397724827,Toujours inscrit
6264218,Terminale,"Vétérinaire, soins aux animaux",_ETUDIANT / ÉLÈVE,Nouvelle-Aquitaine,Vienne (86),30,30,5,65,A,1,1,1,0,0,0,0,0,,,0.11045016077170418,0.8895498392282958,Toujours inscrit
5596417,Bac+2,"Sciences de la matière (chimie, physique, matériaux, optique…)",_ETUDIANT / ÉLÈVE,Nouvelle-Aquitaine,Vienne (86),30,25,10,65,A,0,0,0,24,0,342,0,0,True,True,0.12220068906115418,0.8777993109388458,Toujours inscrit
7281548,Bac+3,"Communication, information, journalisme",_ETUDIANT / ÉLÈVE,Île-de-France,Yvelines (78),30,30,5,65,A,1,1,1,0,0,3,0,0,False,,0.28896704924102184,0.7110329507589782,Toujours inscrit
7595152,Seconde Générale et Technologique,"Architecture, géographie, aménagement",Lycéen,Île-de-France,Yvelines (78),30,25,10,65,A,0,0,0,25,0,154,0,0,True,True,0.4609334032511799,0.5390665967488202,Toujours inscrit
6955534,Bac+2,Luxe,Etudiant,Île-de-France,Yvelines (78),30,25,10,65,A,0,0,0,13,0,171,0,0,True,True,0.17572692793931732,0.8242730720606827,Toujours inscrit
7343813,Première,"Droit, science politique, administration publique",Parent,Île-de-France,Yvelines (78),30,25,10,65,A,1,0,1,2,0,3,0,0,False,False,0.14995099640640314,0.8500490035935969,Toujours inscrit
7389167,Seconde Pro,"Arts, audiovisuel, culture",Lycéen,Île-de-France,Yvelines (78),30,25,10,65,A,0,0,0,22,0,101,0,0,True,False,0.1585894950613865,0.8414105049386135,Toujours inscrit
8953332,Seconde Générale et Technologique,"Mécanique, aéronautique, automobile",Lycéen,Île-de-France,Yvelines (78),30,30,5,65,A,1,1,1,0,0,1,0,0,False,False,0.17285766826038984,0.8271423317396102,Toujours inscrit
8275294,Seconde Générale et Technologique,"Sciences de la Terre (environnement, agriculture, agronomie ...)",_ETUDIANT / ÉLÈVE,Île-de-France,Yvelines (78),30,25,10,65,A,0,0,0,118,0,133,0,0,True,False,0.46795074202715503,0.532049257972845,Toujours inscrit
7302565,Bac+2,"Armée, défense, sécurité",Etudiant,Île-de-France,Yvelines (78),30,25,10,65,A,1,0,1,2,0,2,0,0,False,False,0.34360248447204966,0.6563975155279503,Toujours inscrit
5218504,Première,Economie,_ETUDIANT / ÉLÈVE,Île-de-France,Yvelines (78),30,30,5,65,A,1,1,1,0,0,0,0,0,True,True,0.31056511056511055,0.6894348894348894,Toujours inscrit
8846619,Première technologique,"Digital, Informatique, multimédia",_ETUDIANT / ÉLÈVE,Île-de-France,Yvelines (78),30,25,10,65,A,1,0,2,0,0,1,0,0,False,False,0.17285766826038984,0.8271423317396102,Toujours inscrit
5195329,Bac+2,"Lettres, langues et sciences humaines",Etudiant,Île-de-France,Yvelines (78),30,25,10,65,A,0,0,0,45,0,76,0,0,True,False,0.29705086194614616,0.7029491380538538,Toujours inscrit
7532545,Bac+1,"Sciences de la vie (biologie, biotechnologies...)",Etudiant,Île-de-France,Yvelines (78),30,25,10,65,A,0,0,0,16,0,92,0,0,False,True,0.1420515574650913,0.8579484425349087,Toujours inscrit
8100084,Bac +5 et au delà,"Armée, défense, sécurité","En recherche d'emploi, de stage / Jeune diplômé",Île-de-France,Yvelines (78),30,25,10,65,A,1,0,1,2,0,2,0,0,False,False,0.22100988058434867,0.7789901194156513,Toujours inscrit
7538431,Bac+4,"International, études à l'étranger",Etudiant,Île-de-France,Yvelines (78),30,25,10,65,A,0,0,0,59,0,225,0,0,True,True,0.23337868906301318,0.7666213109369868,Toujours inscrit
5206097,Terminale,"Sciences de la vie (biologie, biotechnologies...)",_ETUDIANT / ÉLÈVE,Île-de-France,Yvelines (78),30,25,10,65,A,0,0,0,111,0,232,0,0,True,True,0.31056511056511055,0.6894348894348894,Toujours inscrit
7385075,Seconde Générale et Technologique,"Communication, information, journalisme",Lycéen,Île-de-France,Yvelines (78),30,25,10,65,A,0,0,0,11,0,168,0,0,True,False,0.4229714470075819,0.5770285529924182,Toujours inscrit
8328682,Bac+4,"Communication, information, journalisme",Etudiant,Île-de-France,Yvelines (78),30,25,10,65,A,0,0,0,91,0,140,0,0,False,False,0.3361720842829155,0.6638279157170844,Toujours inscrit
7634523,Bac+4,"Arts, audiovisuel, culture",Etudiant,Île-de-France,Yvelines (78),30,25,10,65,A,0,0,0,19,0,21,0,0,True,True,0.2104905623756611,0.7895094376243389,Toujours inscrit
9010073,6ème,"Arts, audiovisuel, culture",Collégien,Île-de-France,Yvelines (78),30,25,10,65,A,0,0,0,18,0,18,0,0,True,True,0.3673042383394745,0.6326957616605254,Toujours inscrit
4994917,3ème,"Commerce, vente, marketing",_ETUDIANT / ÉLÈVE,Île-de-France,Yvelines (78),30,25,10,65,A,0,0,0,4,1,4,0,0,False,False,0.4352542372881356,0.5647457627118644,Toujours inscrit
5695811,Bac +5 et au delà,"Secretariat, assistant de gestion",_ETUDIANT / ÉLÈVE,Grand Est,Meuse (55),30,25,5,60,A,0,0,0,1,0,1,0,0,False,False,0.1388714912030974,0.8611285087969026,Toujours inscrit
6107616,Terminale,"Lettres, langues et sciences humaines",Parent,Nouvelle-Aquitaine,Landes (40),30,25,5,60,A,1,0,1,0,0,0,0,0,,,0.1119194180190263,0.8880805819809737,Toujours inscrit
6670072,3ème,"Armée, défense, sécurité",Collégien,Occitanie,Aveyron (12),30,25,5,60,A,0,0,0,2,0,86,0,0,True,False,0.1501262381044863,0.8498737618955137,Toujours inscrit
7633583,Seconde Générale et Technologique,"Digital, Informatique, multimédia",Parent,Grand Est,Vosges (88),30,25,5,60,A,0,0,0,1,0,19,0,0,True,True,0.19835164835164834,0.8016483516483517,Toujours inscrit
8505968,Première,"Vétérinaire, soins aux animaux",_ETUDIANT / ÉLÈVE,Grand Est,Meurthe-et-Moselle (54),30,25,5,60,A,0,0,0,2,0,2,0,0,False,False,0.20586897179253869,0.7941310282074613,Toujours inscrit
9054442,Bac+1,"Commerce, vente, marketing",_ETUDIANT / ÉLÈVE,Grand Est,Marne (51),30,25,5,60,A,0,0,0,1,0,1,0,0,False,False,0.21154956689124157,0.7884504331087584,Toujours inscrit
6367102,Terminale,Sport,_ETUDIANT / ÉLÈVE,Occitanie,Pyrénées-Orientales (66),30,25,5,60,A,1,0,1,0,0,3,0,0,False,False,0.151920438957476,0.848079561042524,Toujours inscrit
6867643,Bac+2,"Vétérinaire, soins aux animaux",Etudiant,Occitanie,Ariège (09),30,25,5,60,A,0,0,0,1,0,1,0,0,False,False,0.14709622721492158,0.8529037727850785,Toujours inscrit
5895083,3ème,Economie,Collégien,Grand Est,Vosges (88),30,25,5,60,A,0,0,0,1,0,1,0,0,False,False,0.15535824901920298,0.8446417509807971,Toujours inscrit
6665599,3ème,Luxe,Collégien,Pays de la Loire,Mayenne (53),30,25,5,60,A,0,0,0,1,0,1,0,0,False,False,0.12170686456400742,0.8782931354359926,Toujours inscrit
6509148,Terminale,"Santé, paramédical",Lycéen,Auvergne-Rhône-Alpes,Ardèche (07),30,25,5,60,A,0,0,0,1,0,1,0,0,False,False,0.14314980793854035,0.8568501920614596,Toujours inscrit
6575346,Bac+2,"Communication, information, journalisme",_ETUDIANT / ÉLÈVE,Nouvelle-Aquitaine,Haute-Vienne (87),30,25,5,60,A,0,0,0,1,0,1,0,0,False,False,0.1475714928659182,0.8524285071340818,Toujours inscrit
6544874,Bac+1,"Cosmétique, esthétique, soins personnels",_ETUDIANT / ÉLÈVE,Guadeloupe,Guadeloupe (971),30,25,5,60,A,0,0,0,2,0,2,0,0,False,False,0.09062140391254316,0.9093785960874569,Toujours inscrit
7401773,Première,"Droit, science politique, administration publique",_ETUDIANT / ÉLÈVE,Bourgogne-Franche-Comté,Saône-et-Loire (71),30,25,5,60,A,0,0,0,2,0,2,0,0,False,False,0.10795410194364219,0.8920458980563578,Toujours inscrit
8157979,4ème,"Lettres, langues et sciences humaines",_ETUDIANT / ÉLÈVE,Pays de la Loire,Mayenne (53),30,25,5,60,A,0,0,0,4,0,50,0,0,True,False,0.09829922167771692,0.9017007783222831,Toujours inscrit
8032058,Terminale,"Comptabilité, gestion, ressources humaines",Lycéen,Nouvelle-Aquitaine,Landes (40),30,25,5,60,A,0,0,0,5,0,191,0,0,True,True,0.11509194673430564,0.8849080532656943,Toujours inscrit
5170342,3ème,"Sciences de la vie (biologie, biotechnologies...)",_ETUDIANT / ÉLÈVE,Auvergne-Rhône-Alpes,Ardèche (07),30,25,5,60,A,0,0,0,1,0,12,0,0,True,True,0.12371443585316418,0.8762855641468358,Toujours inscrit
8938490,CAP/BEP,"Commerce, vente, marketing",_ETUDIANT / ÉLÈVE,Bourgogne-Franche-Comté,Haute-Saône (70),30,25,5,60,A,0,0,0,1,0,1,0,0,False,False,0.12442010799300326,0.8755798920069967,Toujours inscrit
7469854,Bac+4,"Education, formation",Etudiant,Martinique,Martinique (972),30,25,5,60,A,0,0,0,2,0,3,0,0,False,False,0.12440820620725934,0.8755917937927407,Toujours inscrit
7553363,Première technologique,Sport,Lycéen,Nouvelle-Aquitaine,Lot-et-Garonne (47),30,25,5,60,A,0,0,0,1,0,2,0,0,False,False,0.14271531397369075,0.8572846860263093,Toujours inscrit
6868978,Terminale,"Communication, information, journalisme",Lycéen,Centre-Val de Loire,Eure-et-Loir (28),30,25,5,60,A,0,0,0,1,0,8,0,0,False,True,0.13148565903963905,0.868514340960361,Toujours inscrit
7797626,Bac+3,"Sciences de la matière (chimie, physique, matériaux, optique…)",_ETUDIANT / ÉLÈVE,Auvergne-Rhône-Alpes,Allier (03),30,25,5,60,A,0,0,0,1,0,2,0,0,False,False,0.1510196350779721,0.8489803649220279,Toujours inscrit
6218987,Terminale,"Sciences de la matière (chimie, physique, matériaux, optique…)",_ETUDIANT / ÉLÈVE,Centre-Val de Loire,Loir-et-Cher (41),30,25,5,60,A,1,0,1,0,0,0,0,0,True,False,0.14395744264221141,0.8560425573577886,Toujours inscrit
6538481,Bac+2,Sport,_ETUDIANT / ÉLÈVE,Grand Est,Marne (51),30,25,5,60,A,0,0,0,4,0,25,0,0,False,False,0.1876416377096238,0.8123583622903762,Toujours inscrit
7674228,Terminale,"Armée, défense, sécurité",_ETUDIANT / ÉLÈVE,Occitanie,Pyrénées-Orientales (66),30,25,5,60,A,0,0,0,1,0,2,0,0,False,False,0.13295975547631178,0.8670402445236882,Toujours inscrit
6325750,Première,"Commerce, vente, marketing",_ETUDIANT / ÉLÈVE,Auvergne-Rhône-Alpes,Ardèche (07),30,25,5,60,A,1,0,1,0,0,0,0,0,,,0.21321859686865066,0.7867814031313494,Toujours inscrit
8272785,Bac+3,"Comptabilité, gestion, ressources humaines",_ETUDIANT / ÉLÈVE,Occitanie,Ariège (09),30,25,5,60,A,0,0,0,1,0,2,0,0,False,False,0.12137541698742622,0.8786245830125737,Toujours inscrit
7220470,Bac+3,Luxe,_ETUDIANT / ÉLÈVE,Bourgogne-Franche-Comté,Haute-Saône (70),30,25,5,60,A,1,0,1,0,0,2,0,0,False,False,0.1494553376906318,0.8505446623093682,Toujours inscrit
6609533,Terminale Pro,"Armée, défense, sécurité","En recherche d'emploi, de stage / Jeune diplômé",Normandie,Orne (61),30,25,5,60,A,0,0,0,1,0,1,0,0,False,False,0.1175531914893617,0.8824468085106383,Toujours inscrit
7580029,Terminale,"Education, formation",_ETUDIANT / ÉLÈVE,Occitanie,Hautes-Pyrénées (65),30,25,5,60,A,0,0,0,1,0,2,0,0,False,False,0.1763177431328879,0.823682256867112,Toujours inscrit
7595125,3ème,"Digital, Informatique, multimédia",Parent,Grand Est,Marne (51),30,25,5,60,A,0,0,0,1,0,2,0,0,False,False,0.0963123644251627,0.9036876355748373,Toujours inscrit
8317089,Bac+3,"Tourisme, hôtellerie, restauration",_ETUDIANT / ÉLÈVE,Occitanie,Aveyron (12),30,25,5,60,A,0,0,0,2,0,90,0,0,True,True,0.13320672816060772,0.8667932718393923,Toujours inscrit
7797002,Première,"Santé, paramédical",_ETUDIANT / ÉLÈVE,Grand Est,Meurthe-et-Moselle (54),30,25,5,60,A,0,0,0,2,0,2,0,0,False,False,0.20214788686222315,0.7978521131377768,Toujours inscrit
5259971,Terminale technologique,"Droit, science politique, administration publique",Lycéen,Grand Est,Marne (51),30,25,5,60,A,0,0,0,1,0,2,0,0,False,False,0.18272500566764907,0.817274994332351,Toujours inscrit
6508914,Bac +5 et au delà,"Arts, audiovisuel, culture",_ETUDIANT / ÉLÈVE,Grand Est,Marne (51),30,25,5,60,A,0,0,0,1,0,1,0,0,False,False,0.12076822916666667,0.8792317708333334,Toujours inscrit
5332257,Terminale,"Banque, assurance, finance, immobilier",Lycéen,Nouvelle-Aquitaine,Charente (16),30,25,5,60,A,0,0,0,1,0,3,0,0,False,False,0.13354139290407357,0.8664586070959264,Toujours inscrit
5210829,Terminale technologique,"International, études à l'étranger",Lycéen,Occitanie,Tarn (81),30,25,5,60,A,1,0,1,0,0,0,0,0,,,0.15325072026102954,0.8467492797389704,Toujours inscrit
6631086,Terminale,Sport,Lycéen,Bourgogne-Franche-Comté,Jura (39),30,25,5,60,A,0,0,0,1,0,2,0,0,False,False,0.13700763665594856,0.8629923633440515,Toujours inscrit
6662238,Bac+2,"Secretariat, assistant de gestion",Etudiant,Occitanie,Aude (11),30,25,5,60,A,0,0,0,1,0,1,0,0,False,False,0.17490118577075098,0.825098814229249,Toujours inscrit
6653201,4ème,"Arts, audiovisuel, culture",Collégien,Occitanie,Tarn (81),30,25,5,60,A,0,0,0,1,0,47,0,0,True,False,0.11764705882352941,0.8823529411764706,Toujours inscrit
7888519,Bac+3,"Arts, audiovisuel, culture",Etudiant,Occitanie,Hautes-Pyrénées (65),30,25,5,60,A,0,0,0,2,0,2,0,0,False,False,0.17415384615384616,0.8258461538461539,Toujours inscrit
8402375,Terminale,"Vétérinaire, soins aux animaux","En recherche d'emploi, de stage / Jeune diplômé",Grand Est,Vosges (88),30,25,5,60,A,0,0,0,2,0,2,0,0,False,False,0.1535335513926058,0.8464664486073942,Toujours inscrit
5899827,Bac+4,"Comptabilité, gestion, ressources humaines",_ETUDIANT / ÉLÈVE,,Corse (20),30,25,5,60,A,0,0,0,1,0,1,0,0,False,False,0.1334920857262922,0.8665079142737078,Toujours inscrit
7157575,Première,"Lettres, langues et sciences humaines",Parent,Auvergne-Rhône-Alpes,Cantal (15),30,25,5,60,A,1,0,1,0,0,1,0,0,False,False,0.1337736932797243,0.8662263067202757,Toujours inscrit
6454701,Bac+1,Luxe,_ETUDIANT / ÉLÈVE,Grand Est,Haut-Rhin (68),30,25,5,60,A,1,0,1,0,0,0,0,0,,,0.1352620418055135,0.8647379581944865,Toujours inscrit
7320622,3ème,"Commerce, vente, marketing",Collégien,Occitanie,Pyrénées-Orientales (66),30,25,5,60,A,0,0,0,2,0,2,0,0,False,False,0.12122448979591836,0.8787755102040816,Toujours inscrit
6581924,Première,"Armée, défense, sécurité",_ETUDIANT / ÉLÈVE,Grand Est,Haut-Rhin (68),30,25,5,60,A,0,0,0,1,0,1,0,0,False,False,0.1882065383440269,0.8117934616559731,Toujours inscrit
8805707,Bac+2,"Droit, science politique, administration publique",Etudiant,Bourgogne-Franche-Comté,Yonne (89),30,25,5,60,A,0,0,0,1,0,1,0,0,False,False,0.1277357739753283,0.8722642260246717,Toujours inscrit
6150756,Terminale technologique,"Comptabilité, gestion, ressources humaines",Lycéen,Nouvelle-Aquitaine,Landes (40),30,25,5,60,A,1,0,1,0,0,0,0,0,,,0.12438648155938858,0.8756135184406114,Toujours inscrit
8438946,Bac+3,"Comptabilité, gestion, ressources humaines",Etudiant,Bourgogne-Franche-Comté,Jura (39),30,25,5,60,A,0,0,0,1,0,2,0,0,False,False,0.11494879058618436,0.8850512094138157,Toujours inscrit
7803733,Bac+2,"Tourisme, hôtellerie, restauration",Etudiant,Nouvelle-Aquitaine,Lot-et-Garonne (47),30,25,5,60,A,0,0,0,1,0,2,0,0,False,False,0.1285134946161376,0.8714865053838624,Toujours inscrit
7336760,Bac+2,"Sciences de la Terre (environnement, agriculture, agronomie ...)",_ETUDIANT / ÉLÈVE,Centre-Val de Loire,Cher (18),30,25,5,60,A,0,0,0,2,0,2,0,0,False,False,0.0963076726179049,0.903692327382095,Toujours inscrit
5226896,Terminale,"Commerce, vente, marketing",_ETUDIANT / ÉLÈVE,Martinique,Martinique (972),30,25,5,60,A,0,0,0,1,0,5,0,0,True,True,0.06782722943011989,0.9321727705698801,Toujours inscrit
8503512,Bac+3,"Santé, paramédical",_ETUDIANT / ÉLÈVE,Guadeloupe,Guadeloupe (971),30,25,5,60,A,0,0,0,1,0,3,0,0,True,False,0.0848822800495663,0.9151177199504337,Toujours inscrit
5128012,6ème,"Communication, information, journalisme",Collégien,Grand Est,Aube (10),30,25,5,60,A,0,0,0,2,0,2,0,0,False,False,0.08743927827897294,0.9125607217210271,Toujours inscrit
6463635,Bac+1,"Lettres, langues et sciences humaines",_ETUDIANT / ÉLÈVE,Centre-Val de Loire,Eure-et-Loir (28),30,25,5,60,A,1,0,1,0,0,0,0,0,,,0.07804147958092794,0.921958520419072,Toujours inscrit
5879766,Terminale,"Communication, information, journalisme",Lycéen,Centre-Val de Loire,Eure-et-Loir (28),30,25,5,60,A,0,0,0,1,0,1,0,0,False,False,0.19128305582761998,0.80871694417238,Toujours inscrit
6419540,Bac+3,"Commerce, vente, marketing",_ETUDIANT / ÉLÈVE,Auvergne-Rhône-Alpes,Ardèche (07),30,25,5,60,A,0,0,0,5,0,114,0,0,True,True,0.14361377062538194,0.8563862293746181,Toujours inscrit
7929496,Terminale,(Vide),Lycéen,Auvergne-Rhône-Alpes,Haute-Loire (43),30,15,15,60,A,1,1,1,30,0,177,0,0,True,True,0.15334800377239863,0.8466519962276013,Toujours inscrit
7145023,Seconde Générale et Technologique,"Communication, information, journalisme",_ETUDIANT / ÉLÈVE,Occitanie,Aveyron (12),30,25,5,60,A,0,0,0,1,0,1,0,0,False,False,0.14859276508612038,0.8514072349138796,Toujours inscrit
7568157,Terminale,Technologie industrielle,Lycéen,Occitanie,Tarn-et-Garonne (82),30,25,5,60,A,0,0,0,1,0,8,0,0,False,False,0.12939654158334313,0.8706034584166569,Toujours inscrit
7903241,Seconde Générale et Technologique,Sport,Lycéen,Auvergne-Rhône-Alpes,Ardèche (07),30,25,5,60,A,1,0,1,0,0,1,0,0,False,False,0.13815701484552628,0.8618429851544738,Toujours inscrit
8317729,Bac+1,"Arts, audiovisuel, culture",_ETUDIANT / ÉLÈVE,Grand Est,Haut-Rhin (68),30,25,5,60,A,0,0,0,2,0,2,0,0,False,False,0.10523355633177432,0.8947664436682257,Toujours inscrit
6552655,Terminale technologique,"Sciences de la Terre (environnement, agriculture, agronomie ...)",Parent,Nouvelle-Aquitaine,Lot-et-Garonne (47),30,25,5,60,A,0,0,0,2,0,28,0,0,True,True,0.1166741171211444,0.8833258828788556,Toujours inscrit
8444160,Terminale technologique,"Arts, audiovisuel, culture",_ETUDIANT / ÉLÈVE,Bourgogne-Franche-Comté,Saône-et-Loire (71),30,25,5,60,A,0,0,0,3,0,101,0,0,True,True,0.13270397182547447,0.8672960281745256,Toujours inscrit
8614531,Bac+2,(Vide),Parent,Occitanie,Hautes-Pyrénées (65),30,15,15,60,A,1,1,1,23,0,23,0,0,True,False,0.12854903326946526,0.8714509667305348,Toujours inscrit
6847632,Première Pro,"Secretariat, assistant de gestion","En recherche d'emploi, de stage / Jeune diplômé",Bourgogne-Franche-Comté,Côte-d'Or (21),30,25,5,60,A,0,0,0,2,0,2,0,0,False,False,0.1228878648233487,0.8771121351766513,Toujours inscrit
5159863,Bac+2,"Arts, audiovisuel, culture",_ETUDIANT / ÉLÈVE,Grand Est,Marne (51),30,25,5,60,A,0,0,0,1,0,1,0,0,False,False,0.14613531468247853,0.8538646853175215,Toujours inscrit
6848103,Terminale,"Droit, science politique, administration publique",Lycéen,Grand Est,Haut-Rhin (68),30,25,5,60,A,0,0,0,1,0,2,0,0,False,False,0.10793731041456016,0.8920626895854399,Toujours inscrit
6705938,Terminale,"Communication, information, journalisme",Lycéen,Occitanie,Gers (32),30,25,5,60,A,0,0,0,1,0,1,0,0,False,False,0.18293755496921724,0.8170624450307827,Toujours inscrit
7501204,Seconde Pro,"Lettres, langues et sciences humaines",_ETUDIANT / ÉLÈVE,Centre-Val de Loire,Loir-et-Cher (41),30,25,5,60,A,0,0,0,1,0,2,0,0,False,False,0.14661856558259745,0.8533814344174026,Toujours inscrit
6509244,Bac +5 et au delà,"Droit, science politique, administration publique",_ETUDIANT / ÉLÈVE,Occitanie,Tarn-et-Garonne (82),30,25,5,60,A,0,0,0,1,0,1,0,0,False,False,0.16363340916477087,0.8363665908352291,Toujours inscrit
5115605,Terminale Pro,Economie,Lycéen,Grand Est,Ardennes (08),30,25,5,60,A,0,0,0,3,0,50,0,0,False,True,0.13297463489623368,0.8670253651037664,Toujours inscrit
6368887,Seconde Générale et Technologique,Je ne sais pas quoi faire,Lycéen,Auvergne-Rhône-Alpes,Allier (03),30,15,15,60,A,1,1,1,40,0,177,0,0,True,True,0.1510196350779721,0.8489803649220279,Toujours inscrit
8470058,3ème,"Tourisme, hôtellerie, restauration",Collégien,,Corse (20),30,25,5,60,A,0,0,0,2,0,45,0,0,True,True,0.1334920857262922,0.8665079142737078,Toujours inscrit
6428450,Bac+3,"Santé, paramédical","En recherche d'emploi, de stage / Jeune diplômé",Bourgogne-Franche-Comté,Côte-d'Or (21),30,25,5,60,A,0,0,0,1,0,1,0,0,False,False,0.17950502706883217,0.8204949729311678,Toujours inscrit
6220491,Première,"Banque, assurance, finance, immobilier",Lycéen,Normandie,Orne (61),30,25,5,60,A,1,0,1,0,0,1,0,0,False,False,0.09102946044356174,0.9089705395564383,Toujours inscrit
6722968,Bac+2,"Digital, Informatique, multimédia",Etudiant,Bourgogne-Franche-Comté,Nièvre (58),30,25,5,60,A,0,0,0,1,0,1,0,0,False,False,0.1191503484898772,0.8808496515101228,Toujours inscrit
5057552,Bac+2,"Communication, information, journalisme",Etudiant,Occitanie,Tarn-et-Garonne (82),30,25,5,60,A,0,0,0,1,0,133,0,0,True,True,0.15329861111111112,0.8467013888888889,Toujours inscrit
8451425,Terminale,"Arts, audiovisuel, culture",_ETUDIANT / ÉLÈVE,Grand Est,Marne (51),30,25,5,60,A,0,0,0,1,0,2,0,0,False,False,0.1447296058661778,0.8552703941338222,Toujours inscrit
8395134,3ème,"International, études à l'étranger",Collégien,Auvergne-Rhône-Alpes,Haute-Loire (43),30,25,5,60,A,0,0,0,1,0,2,0,0,False,False,0.15334800377239863,0.8466519962276013,Toujours inscrit
8151382,Bac+2,Je ne sais pas quoi faire,Parent,Bourgogne-Franche-Comté,Saône-et-Loire (71),30,15,15,60,A,1,1,1,1,1,58,0,0,True,True,0.14722459436379162,0.8527754056362084,Toujours inscrit
5297399,CAP/BEP,"Tourisme, hôtellerie, restauration",_ETUDIANT / ÉLÈVE,Grand Est,Haut-Rhin (68),30,25,5,60,A,0,0,0,1,0,1,0,0,False,False,0.08751529987760098,0.912484700122399,Toujours inscrit
4646445,Seconde Générale et Technologique,"International, études à l'étranger",Lycéen,Grand Est,Meurthe-et-Moselle (54),30,25,5,60,A,0,0,0,2,0,2,0,0,False,False,0.20214788686222315,0.7978521131377768,Toujours inscrit
9010788,Terminale technologique,"Comptabilité, gestion, ressources humaines",Lycéen,Nouvelle-Aquitaine,Dordogne (24),30,25,5,60,A,0,0,0,1,0,30,0,0,True,True,0.13245690189755674,0.8675430981024432,Toujours inscrit
5348924,Seconde Générale et Technologique,"International, études à l'étranger",Lycéen,Occitanie,Aude (11),30,25,5,60,A,0,0,0,1,0,1,0,0,False,False,0.10493519441674976,0.8950648055832503,Toujours inscrit
8649059,Terminale,"Commerce, vente, marketing",Parent,Occitanie,Aveyron (12),30,25,5,60,A,0,0,0,1,0,1,0,0,False,False,0.14859276508612038,0.8514072349138796,Toujours inscrit
7333598,Seconde Générale et Technologique,"Commerce, vente, marketing",_ETUDIANT / ÉLÈVE,Occitanie,Tarn (81),30,25,5,60,A,0,0,0,1,0,2,0,0,False,False,0.09157593123209169,0.9084240687679083,Toujours inscrit
7580048,Seconde Générale et Technologique,"Arts, audiovisuel, culture",_ETUDIANT / ÉLÈVE,Bourgogne-Franche-Comté,Saône-et-Loire (71),30,25,5,60,A,0,0,0,2,0,2,0,0,False,False,0.14142966948501154,0.8585703305149884,Toujours inscrit
7099311,Terminale,Sport,_ETUDIANT / ÉLÈVE,Centre-Val de Loire,Cher (18),30,25,5,60,A,0,0,0,2,0,45,0,0,True,True,0.172147001934236,0.8278529980657641,Toujours inscrit
5493604,Bac +5 et au delà,"International, études à l'étranger",_ETUDIANT / ÉLÈVE,Grand Est,Ardennes (08),30,25,5,60,A,0,0,0,1,0,1,0,0,False,False,0.11509121061359867,0.8849087893864013,Toujours inscrit
4977092,3ème,"Arts, audiovisuel, culture","En recherche d'emploi, de stage / Jeune diplômé",Grand Est,Marne (51),30,25,5,60,A,0,0,0,1,0,2,0,0,False,False,0.1447296058661778,0.8552703941338222,Toujours inscrit
8573485,Terminale,"Architecture, géographie, aménagement",Lycéen,Auvergne-Rhône-Alpes,Haute-Loire (43),30,25,5,60,A,0,0,0,2,0,2,0,0,False,False,0.10793650793650794,0.8920634920634921,Toujours inscrit
7754475,Bac+3,"Santé, paramédical",Etudiant,Nouvelle-Aquitaine,Charente (16),30,25,5,60,A,0,0,0,2,0,2,0,0,False,False,0.13740771123872025,0.8625922887612797,Toujours inscrit
6637010,Terminale,Sport,Lycéen,Occitanie,Pyrénées-Orientales (66),30,25,5,60,A,0,0,0,1,0,1,0,0,False,False,0.12767503490724647,0.8723249650927536,Toujours inscrit
7424416,Terminale Pro,"Tourisme, hôtellerie, restauration",_ETUDIANT / ÉLÈVE,Auvergne-Rhône-Alpes,Ardèche (07),30,25,5,60,A,1,0,1,0,0,247,0,0,True,True,0.12371443585316418,0.8762855641468358,Toujours inscrit
7177129,Première,Je ne sais pas quoi faire,Parent,Auvergne-Rhône-Alpes,Allier (03),30,10,20,60,A,1,0,1,14,1,95,0,0,True,True,0.10373792524149517,0.8962620747585048,Toujours inscrit
7312124,Seconde Générale et Technologique,"International, études à l'étranger",Lycéen,Grand Est,Haut-Rhin (68),30,25,5,60,A,0,0,0,1,0,4,0,0,False,True,0.148837823560486,0.851162176439514,Toujours inscrit
8650112,Terminale,"Commerce, vente, marketing",Lycéen,Grand Est,Vosges (88),30,25,5,60,A,0,0,0,1,0,1,0,0,False,False,0.13994951088671506,0.860050489113285,Toujours inscrit
7637957,3ème,"Commerce, vente, marketing",_ETUDIANT / ÉLÈVE,Auvergne-Rhône-Alpes,Allier (03),30,25,5,60,A,0,0,0,2,0,2,0,0,False,False,0.10824742268041238,0.8917525773195877,Toujours inscrit
6820555,Première,Je ne sais pas quoi faire,Lycéen,Nouvelle-Aquitaine,Landes (40),30,15,15,60,A,1,1,2,4,0,3,0,0,False,False,0.14676190476190476,0.8532380952380952,Toujours inscrit
8518292,Première,Economie,Parent,Occitanie,Lozère (48),30,25,5,60,A,1,0,1,0,0,2,0,0,True,False,0.14621190942130277,0.8537880905786972,Toujours inscrit
5387978,Terminale,"Mécanique, aéronautique, automobile",Lycéen,Nouvelle-Aquitaine,Landes (40),30,25,5,60,A,0,0,0,1,0,2,0,0,False,False,0.16108392924350773,0.8389160707564923,Toujours inscrit
6793083,3ème,"Cosmétique, esthétique, soins personnels",Collégien,Grand Est,Meurthe-et-Moselle (54),30,25,5,60,A,0,0,0,3,0,6,0,0,False,False,0.14274236743438673,0.8572576325656133,Toujours inscrit
6864939,Bac+1,"Banque, assurance, finance, immobilier",_ETUDIANT / ÉLÈVE,Occitanie,Tarn-et-Garonne (82),30,25,5,60,A,0,0,0,1,0,1,0,0,False,False,0.1454954954954955,0.8545045045045045,Toujours inscrit
6228255,Terminale,"Arts, audiovisuel, culture",Lycéen,Centre-Val de Loire,Loir-et-Cher (41),30,25,5,60,A,1,0,1,0,0,0,0,0,,,0.10628019323671498,0.893719806763285,Toujours inscrit
8613257,Terminale,"Communication, information, journalisme",Lycéen,Grand Est,Aube (10),30,25,5,60,A,0,0,0,1,0,75,0,0,True,True,0.1593809394515341,0.8406190605484659,Toujours inscrit
5642282,Terminale,"International, études à l'étranger",_ETUDIANT / ÉLÈVE,Nouvelle-Aquitaine,Lot-et-Garonne (47),30,25,5,60,A,0,0,0,1,0,1,0,0,False,False,0.16259914582062232,0.8374008541793777,Toujours inscrit
6370458,Terminale,"Education, formation",_ETUDIANT / ÉLÈVE,Auvergne-Rhône-Alpes,Allier (03),30,25,5,60,A,1,0,1,0,0,0,0,0,,,0.11764705882352941,0.8823529411764706,Toujours inscrit
6749375,Bac+1,"Commerce, vente, marketing",Etudiant,Auvergne-Rhône-Alpes,Haute-Loire (43),30,25,5,60,A,0,0,0,1,0,1,0,0,False,False,0.05864197530864197,0.941358024691358,Toujours inscrit
5812474,Terminale,"Action sociale, animation, sciences sociales",_ETUDIANT / ÉLÈVE,Bourgogne-Franche-Comté,Haute-Saône (70),30,25,5,60,A,0,0,0,1,0,1,0,0,False,False,0.16004497751124439,0.8399550224887556,Toujours inscrit
7270680,Terminale,(Vide),Lycéen,Bourgogne-Franche-Comté,Yonne (89),30,15,15,60,A,1,1,1,32,0,67,0,0,True,True,0.10949192595510043,0.8905080740448995,Toujours inscrit
7864672,Bac+1,Je ne sais pas quoi faire,_ETUDIANT / ÉLÈVE,Nouvelle-Aquitaine,Haute-Vienne (87),30,15,15,60,A,1,1,1,38,0,111,0,0,True,False,0.1475714928659182,0.8524285071340818,Toujours inscrit
6685203,Seconde Générale et Technologique,"Communication, information, journalisme",_ETUDIANT / ÉLÈVE,Guadeloupe,Guadeloupe (971),30,25,5,60,A,0,0,0,1,0,1,0,0,False,False,0.19778368219817252,0.8022163178018274,Toujours inscrit
7704498,Terminale,(Vide),Lycéen,Grand Est,Ardennes (08),30,15,15,60,A,1,1,1,8,0,129,0,0,True,True,0.09840588595953403,0.901594114040466,Toujours inscrit
8805013,Terminale Pro,"Sciences de la Terre (environnement, agriculture, agronomie ...)",Lycéen,Auvergne-Rhône-Alpes,Haute-Loire (43),30,25,5,60,A,1,0,1,0,0,31,0,0,True,True,0.17077986179664364,0.8292201382033564,Toujours inscrit
8787199,Bac+2,"Action sociale, animation, sciences sociales","En recherche d'emploi, de stage / Jeune diplômé",Bourgogne-Franche-Comté,Saône-et-Loire (71),30,25,5,60,A,0,0,0,1,0,1,0,0,False,False,0.08933092224231465,0.9106690777576854,Toujours inscrit
7458067,4ème,Sport,_ETUDIANT / ÉLÈVE,Nouvelle-Aquitaine,Haute-Vienne (87),30,25,5,60,A,0,0,0,1,0,2,0,0,False,False,0.16486902927580893,0.8351309707241911,Toujours inscrit
5840933,Seconde Générale et Technologique,"Droit, science politique, administration publique",Lycéen,Grand Est,Marne (51),30,25,5,60,A,0,0,0,1,0,1,0,0,False,False,0.1876416377096238,0.8123583622903762,Toujours inscrit
6963967,Terminale,"Architecture, géographie, aménagement",_ETUDIANT / ÉLÈVE,Occitanie,Aude (11),30,25,5,60,A,0,0,0,1,0,1,0,0,False,False,0.15397039030955587,0.8460296096904442,Toujours inscrit
6514657,3ème,Sport,Collégien,Nouvelle-Aquitaine,Haute-Vienne (87),30,25,5,60,A,0,0,0,2,0,2,0,0,False,True,0.14328036628063562,0.8567196337193644,Toujours inscrit
5812511,3ème,Je ne sais pas quoi faire,Collégien,Grand Est,Haut-Rhin (68),30,15,15,60,A,1,1,1,69,0,203,0,0,True,True,0.19710906701708278,0.8028909329829172,Toujours inscrit
7634052,Première Pro,Luxe,_ETUDIANT / ÉLÈVE,Martinique,Martinique (972),30,25,5,60,A,0,0,0,1,0,134,0,0,True,True,0.09632224168126094,0.9036777583187391,Toujours inscrit
7720572,Terminale,"Action sociale, animation, sciences sociales",_ETUDIANT / ÉLÈVE,Centre-Val de Loire,Eure-et-Loir (28),30,25,5,60,A,0,0,0,1,0,1,0,0,False,False,0.18190889370932756,0.8180911062906725,Toujours inscrit
8799798,Terminale,"International, études à l'étranger",_ETUDIANT / ÉLÈVE,Grand Est,Vosges (88),30,25,5,60,A,0,0,0,1,0,1,0,0,False,False,0.1750241080038573,0.8249758919961427,Toujours inscrit
6813352,Terminale technologique,"Action sociale, animation, sciences sociales",Lycéen,Centre-Val de Loire,Loir-et-Cher (41),30,25,5,60,A,0,0,0,1,0,1,0,0,False,False,0.14857412951000473,0.8514258704899953,Toujours inscrit
6524588,3ème,"Armée, défense, sécurité",Collégien,Grand Est,Marne (51),30,25,5,60,A,1,0,1,0,0,1,0,0,,,0.1447296058661778,0.8552703941338222,Toujours inscrit
5439206,Seconde Générale et Technologique,"International, études à l'étranger",Lycéen,Occitanie,Hautes-Pyrénées (65),30,25,5,60,A,0,0,0,1,0,47,0,0,True,True,0.11569510537049627,0.8843048946295038,Toujours inscrit
6746330,3ème,Sport,_ETUDIANT / ÉLÈVE,Nouvelle-Aquitaine,Haute-Vienne (87),30,25,5,60,A,0,0,0,1,0,62,0,0,False,False,0.14887794198139026,0.8511220580186097,Toujours inscrit
6858581,Bac+2,"Communication, information, journalisme",Etudiant,Occitanie,Tarn (81),30,25,5,60,A,0,0,0,1,0,65,0,0,True,True,0.13175355450236967,0.8682464454976303,Toujours inscrit
8240057,Première,(Vide),Parent,Bourgogne-Franche-Comté,Saône-et-Loire (71),30,15,15,60,A,1,1,4,4,0,3,0,0,False,True,0.13270397182547447,0.8672960281745256,Toujours inscrit
5880429,Première,"Sciences de la matière (chimie, physique, matériaux, optique…)",Lycéen,Occitanie,Lot (46),30,25,5,60,A,0,0,0,1,0,69,0,0,True,True,0.1869718309859155,0.8130281690140845,Toujours inscrit
9013755,Première,"Armée, défense, sécurité",_ETUDIANT / ÉLÈVE,Grand Est,Aube (10),30,25,5,60,A,0,0,0,1,0,1,0,0,False,False,0.1375422773393461,0.8624577226606539,Toujours inscrit
4996510,Terminale,"Santé, paramédical",Lycéen,Bourgogne-Franche-Comté,Haute-Saône (70),30,25,5,60,A,0,0,0,1,0,1,0,0,False,False,0.11811505507955937,0.8818849449204407,Toujours inscrit
8745618,Bac +5 et au delà,"Sciences de la matière (chimie, physique, matériaux, optique…)",_ETUDIANT / ÉLÈVE,Occitanie,Tarn (81),30,25,5,60,A,0,0,0,1,0,1,0,0,False,False,0.142496230797441,0.857503769202559,Toujours inscrit
6690368,Bac+3,"Arts, audiovisuel, culture","En recherche d'emploi, de stage / Jeune diplômé",Auvergne-Rhône-Alpes,Cantal (15),30,25,5,60,A,0,0,0,1,0,1,0,0,False,False,0.13932128009281639,0.8606787199071836,Toujours inscrit
5446485,Bac +5 et au delà,Economie,"En recherche d'emploi, de stage / Jeune diplômé",Grand Est,Meurthe-et-Moselle (54),30,25,5,60,A,0,0,0,1,0,1,0,0,False,False,0.20586897179253869,0.7941310282074613,Toujours inscrit
7403907,Terminale,"Sciences de la vie (biologie, biotechnologies...)",Lycéen,Auvergne-Rhône-Alpes,Cantal (15),30,25,5,60,A,0,0,0,2,0,2,0,0,False,False,0.1400322841000807,0.8599677158999193,Toujours inscrit
8410783,Bac+4,Luxe,"En recherche d'emploi, de stage / Jeune diplômé",Occitanie,Ariège (09),30,25,5,60,A,0,0,0,4,0,85,0,0,True,True,0.13558712461787448,0.8644128753821255,Toujours inscrit
8708926,Terminale technologique,"Santé, paramédical",Lycéen,Grand Est,Meurthe-et-Moselle (54),30,25,5,60,A,0,0,0,1,0,1,0,0,False,False,0.14329384791746275,0.8567061520825373,Toujours inscrit
7636687,Terminale technologique,"Action sociale, animation, sciences sociales",_ETUDIANT / ÉLÈVE,,,30,25,5,60,A,0,0,0,1,0,2,0,0,False,False,,,Toujours inscrit
7464455,5ème,"Commerce, vente, marketing",Collégien,,,30,25,5,60,A,0,0,0,5,0,46,0,0,True,False,,,Toujours inscrit
5741417,Première technologique,"Commerce, vente, marketing",Lycéen,,,30,25,5,60,A,0,0,0,1,0,1,0,0,False,False,,,Toujours inscrit
6722469,Seconde Générale et Technologique,"Architecture, géographie, aménagement",Lycéen,,,30,25,5,60,A,0,0,0,2,0,5,0,0,False,False,,,Toujours inscrit
6622311,Première,"Sciences de la vie (biologie, biotechnologies...)",_ETUDIANT / ÉLÈVE,,,30,25,5,60,A,0,0,0,1,0,1,0,0,False,False,,,Toujours inscrit
6745701,Bac +5 et au delà,"Action sociale, animation, sciences sociales","En recherche d'emploi, de stage / Jeune diplômé",,,30,25,5,60,A,0,0,0,1,0,1,0,0,False,False,,,Toujours inscrit
6055284,Bac+2,"Tourisme, hôtellerie, restauration","En recherche d'emploi, de stage / Jeune diplômé",,,30,25,5,60,A,0,0,0,1,0,1,0,0,False,False,,,Toujours inscrit
6910503,Bac +5 et au delà,"Education, formation","En recherche d'emploi, de stage / Jeune diplômé",,,30,25,5,60,A,0,0,0,1,0,1,0,0,False,False,,,Toujours inscrit
6100714,Seconde Générale et Technologique,"Sciences de la matière (chimie, physique, matériaux, optique…)",_ETUDIANT / ÉLÈVE,,,30,25,5,60,A,0,0,0,1,0,11,0,0,False,True,,,Toujours inscrit
7633872,Bac+1,"Electronique, automatique",_ETUDIANT / ÉLÈVE,,,30,25,5,60,A,0,0,0,3,0,3,0,0,False,False,,,Toujours inscrit
8132277,Première,"Action sociale, animation, sciences sociales",Lycéen,,,30,25,5,60,A,0,0,0,2,0,2,0,0,False,False,,,Toujours inscrit
6153601,Terminale technologique,"Armée, défense, sécurité",Lycéen,,,30,25,5,60,A,1,0,1,0,0,0,0,0,,,,,Toujours inscrit
8423852,Terminale,"Droit, science politique, administration publique",_ETUDIANT / ÉLÈVE,,,30,25,5,60,A,0,0,0,1,0,2,0,0,False,False,,,Toujours inscrit
7960074,Bac+4,"Commerce, vente, marketing",_ETUDIANT / ÉLÈVE,,,30,25,5,60,A,0,0,0,1,0,2,0,0,False,False,,,Toujours inscrit
5645444,Bac+1,"Commerce, vente, marketing",_ETUDIANT / ÉLÈVE,,,30,25,5,60,A,0,0,0,1,0,1,0,0,False,False,,,Toujours inscrit
7501513,Terminale,"Droit, science politique, administration publique",_ETUDIANT / ÉLÈVE,,,30,25,5,60,A,0,0,0,3,0,3,0,0,False,False,,,Toujours inscrit
9086919,Terminale technologique,"Commerce, vente, marketing",Lycéen,,,30,25,5,60,A,0,0,0,1,0,1,0,0,False,False,,,Toujours inscrit
6809231,6ème,Sport,_ETUDIANT / ÉLÈVE,,,30,25,5,60,A,0,0,0,1,0,1,0,0,False,False,,,Toujours inscrit
5871270,Première,"Arts, audiovisuel, culture",Lycéen,,,30,25,5,60,A,0,0,0,1,0,2,0,0,False,False,,,Toujours inscrit
5647259,Terminale,"Education, formation",_ETUDIANT / ÉLÈVE,,,30,25,5,60,A,0,0,0,1,0,1,0,0,False,False,,,Toujours inscrit
3437263,Première,"Santé, paramédical",Parent,,,30,25,5,60,A,1,0,1,0,0,0,0,0,,,,,Toujours inscrit
6715687,Bac+1,"Commerce, vente, marketing",_ETUDIANT / ÉLÈVE,,,30,25,5,60,A,0,0,0,1,0,4,0,0,False,False,,,Toujours inscrit
6849720,Seconde Générale et Technologique,"Commerce, vente, marketing",Lycéen,,,30,25,5,60,A,0,0,0,1,0,1,0,0,False,False,,,Toujours inscrit
6119395,Bac+2,"Arts, audiovisuel, culture",Etudiant,,,30,25,5,60,A,0,0,0,1,0,1,0,0,False,False,,,Toujours inscrit
6513156,Terminale,"Digital, Informatique, multimédia",_ETUDIANT / ÉLÈVE,,,30,25,5,60,A,0,0,0,1,0,1,0,0,False,False,,,Toujours inscrit
8248776,Bac+4,"Santé, paramédical","En recherche d'emploi, de stage / Jeune diplômé",,,30,25,5,60,A,0,0,0,1,0,2,0,0,False,False,,,Toujours inscrit
5771904,Bac +5 et au delà,"Commerce, vente, marketing",Etudiant,,,30,25,5,60,A,0,0,0,1,0,1,0,0,False,False,,,Toujours inscrit
5845523,Seconde Générale et Technologique,Sport,_ETUDIANT / ÉLÈVE,,,30,25,5,60,A,0,0,0,1,0,1,0,0,False,False,,,Toujours inscrit
5930998,Terminale,"Comptabilité, gestion, ressources humaines",_ETUDIANT / ÉLÈVE,,,30,25,5,60,A,0,0,0,1,0,1,0,0,False,False,,,Toujours inscrit
7179326,Seconde Pro,"Commerce, vente, marketing",Lycéen,,,30,25,5,60,A,0,0,0,2,0,3,0,0,False,False,,,Toujours inscrit
5758429,Terminale,"Education, formation",Lycéen,,,30,25,5,60,A,0,0,0,1,0,1,0,0,False,False,,,Toujours inscrit
7537548,Bac+1,Economie,_ETUDIANT / ÉLÈVE,,,30,25,5,60,A,0,0,0,1,0,1,0,0,False,False,,,Toujours inscrit
5869484,Première Pro,"Mécanique, aéronautique, automobile",Parent,,,30,25,5,60,A,0,0,0,1,0,1,0,0,False,False,,,Toujours inscrit
6051379,Bac+3,"Commerce, vente, marketing",_ETUDIANT / ÉLÈVE,,,30,25,5,60,A,0,0,0,1,0,1,0,0,False,False,,,Toujours inscrit
9054512,Bac+4,"Commerce, vente, marketing",Etudiant,,,30,25,5,60,A,0,0,0,3,0,11,0,0,True,True,,,Toujours inscrit
6185737,Bac+1,"Communication, information, journalisme",_ETUDIANT / ÉLÈVE,,,30,25,5,60,A,0,0,0,3,0,3,0,0,False,False,,,Toujours inscrit
6556970,Terminale,"Sciences de la matière (chimie, physique, matériaux, optique…)",Lycéen,,,30,25,5,60,A,0,0,0,1,0,3,0,0,False,False,,,Toujours inscrit
8513392,Terminale,"Droit, science politique, administration publique",_ETUDIANT / ÉLÈVE,,,30,25,5,60,A,0,0,0,2,0,2,0,0,False,False,,,Toujours inscrit
8006080,Bac+3,"Digital, Informatique, multimédia",Etudiant,,,30,25,5,60,A,0,0,0,2,0,141,0,0,True,True,,,Toujours inscrit
6081533,CAP/BEP,"Transport, logistique",_ETUDIANT / ÉLÈVE,,,30,25,5,60,A,0,0,0,1,0,1,0,0,False,False,,,Toujours inscrit
6381315,Bac+2,"Banque, assurance, finance, immobilier",_ETUDIANT / ÉLÈVE,,,30,25,5,60,A,0,0,0,1,0,1,0,0,False,False,,,Toujours inscrit
6923412,Bac+3,"Banque, assurance, finance, immobilier",_ETUDIANT / ÉLÈVE,,,30,25,5,60,A,0,0,0,1,0,2,0,0,False,False,,,Toujours inscrit
3790349,Bac+2,"Commerce, vente, marketing",Etudiant,,,30,25,5,60,A,0,0,0,1,0,5,0,0,False,True,,,Toujours inscrit
8757991,Première,"Sciences de la matière (chimie, physique, matériaux, optique…)",Lycéen,,,30,25,5,60,A,0,0,0,4,0,36,0,0,True,True,,,Toujours inscrit
5813007,Bac+1,"Banque, assurance, finance, immobilier",Etudiant,,,30,25,5,60,A,0,0,0,3,0,3,0,0,False,False,,,Toujours inscrit
6109286,Bac+2,Sport,_ETUDIANT / ÉLÈVE,,,30,25,5,60,A,0,0,0,2,0,72,0,0,True,True,,,Toujours inscrit
5718175,Bac+3,"Commerce, vente, marketing",Etudiant,,,30,25,5,60,A,0,0,0,1,0,1,0,0,False,False,,,Toujours inscrit
8271308,3ème,"Banque, assurance, finance, immobilier",_ETUDIANT / ÉLÈVE,,,30,25,5,60,A,0,0,0,3,0,62,0,0,True,True,,,Toujours inscrit
5643512,3ème,Sport,_ETUDIANT / ÉLÈVE,,,30,25,5,60,A,0,0,0,1,0,2,0,0,False,False,,,Toujours inscrit
5812746,Bac+1,"Arts, audiovisuel, culture",_ETUDIANT / ÉLÈVE,,,30,25,5,60,A,0,0,0,1,0,1,0,0,False,False,,,Toujours inscrit
6658426,Bac+2,"Electronique, automatique",_ETUDIANT / ÉLÈVE,,,30,25,5,60,A,0,0,0,1,0,1,0,0,False,False,,,Toujours inscrit
6789923,Bac+3,"Electronique, automatique","En recherche d'emploi, de stage / Jeune diplômé",,,30,25,5,60,A,0,0,0,1,0,1,0,0,False,False,,,Toujours inscrit
5867839,Bac+4,"Cosmétique, esthétique, soins personnels",_ETUDIANT / ÉLÈVE,,,30,25,5,60,A,0,0,0,1,0,1,0,0,False,False,,,Toujours inscrit
5779492,Première,"Armée, défense, sécurité",_ETUDIANT / ÉLÈVE,,,30,25,5,60,A,0,0,0,1,0,1,0,0,False,False,,,Toujours inscrit
7670789,6ème,"Education, formation",Collégien,,,30,25,5,60,A,0,0,0,2,0,38,0,0,True,True,,,Toujours inscrit
5948080,Seconde Générale et Technologique,"Comptabilité, gestion, ressources humaines",Lycéen,,,30,25,5,60,A,0,0,0,1,0,1,0,0,False,False,,,Toujours inscrit
3390835,Bac+2,"Commerce, vente, marketing",Recruteur particulier,,,30,25,5,60,A,0,0,0,2,0,2,0,0,False,False,,,Toujours inscrit
8038201,Bac+3,"Commerce, vente, marketing",_ETUDIANT / ÉLÈVE,,,30,25,5,60,A,0,0,0,1,0,2,0,0,False,False,,,Toujours inscrit
8485178,Première,"Commerce, vente, marketing",Lycéen,,,30,25,5,60,A,0,0,0,1,0,13,0,0,True,True,,,Toujours inscrit
6069843,Seconde Générale et Technologique,"Mécanique, aéronautique, automobile",_ETUDIANT / ÉLÈVE,,,30,25,5,60,A,0,0,0,1,0,1,0,0,False,False,,,Toujours inscrit
5775142,3ème,"Armée, défense, sécurité",_ETUDIANT / ÉLÈVE,,,30,25,5,60,A,0,0,0,1,0,1,0,0,False,False,,,Toujours inscrit
6085967,Bac +5 et au delà,"International, études à l'étranger",_ETUDIANT / ÉLÈVE,,,30,25,5,60,A,0,0,0,5,0,14,0,0,False,True,,,Toujours inscrit
6108340,Bac +5 et au delà,"Sciences de la vie (biologie, biotechnologies...)","En recherche d'emploi, de stage / Jeune diplômé",,,30,25,5,60,A,0,0,0,1,0,1,0,0,False,False,,,Toujours inscrit
6059634,3ème,"Sciences de la vie (biologie, biotechnologies...)",Collégien,,,30,25,5,60,A,0,0,0,1,0,34,0,0,True,True,,,Toujours inscrit
8288572,Bac+2,"Banque, assurance, finance, immobilier",Etudiant,,,30,25,5,60,A,0,0,0,2,0,72,0,0,True,True,,,Toujours inscrit
6648633,Seconde Générale et Technologique,Luxe,Lycéen,,,30,25,5,60,A,0,0,0,1,0,1,0,0,False,False,,,Toujours inscrit
6053136,Bac+2,"Droit, science politique, administration publique",_ETUDIANT / ÉLÈVE,,,30,25,5,60,A,0,0,0,1,0,2,0,0,False,False,,,Toujours inscrit
8620556,Terminale,"Droit, science politique, administration publique",Lycéen,,,30,25,5,60,A,0,0,0,1,0,2,0,0,False,False,,,Toujours inscrit
6084106,Bac+3,"Secretariat, assistant de gestion",Parent,,,30,25,5,60,A,0,0,0,1,0,1,0,0,False,False,,,Toujours inscrit
6089108,Terminale Pro,"Secretariat, assistant de gestion","En recherche d'emploi, de stage / Jeune diplômé",,,30,25,5,60,A,0,0,0,1,0,1,0,0,False,False,,,Toujours inscrit
5822618,Bac+2,"Communication, information, journalisme",Etudiant,,,30,25,5,60,A,0,0,0,1,0,1,0,0,False,False,,,Toujours inscrit
8776597,Bac +5 et au delà,"Electronique, automatique",_ETUDIANT / ÉLÈVE,,,30,25,5,60,A,0,0,0,2,0,24,0,0,True,True,,,Toujours inscrit
6191724,Bac +5 et au delà,"Commerce, vente, marketing","En recherche d'emploi, de stage / Jeune diplômé",,,30,25,5,60,A,0,0,0,1,0,1,0,0,False,False,,,Toujours inscrit
7475919,Seconde Pro,"Action sociale, animation, sciences sociales",_ETUDIANT / ÉLÈVE,,,30,25,5,60,A,0,0,0,2,0,2,0,0,False,True,,,Toujours inscrit
7088972,Bac+1,Sport,_ETUDIANT / ÉLÈVE,,,30,25,5,60,A,0,0,0,1,0,68,0,0,True,True,,,Toujours inscrit
5651160,Bac+3,"International, études à l'étranger",_ETUDIANT / ÉLÈVE,,,30,25,5,60,A,0,0,0,1,0,1,0,0,False,False,,,Toujours inscrit
5765886,Bac+2,"Droit, science politique, administration publique",Etudiant,,,30,25,5,60,A,0,0,0,1,0,1,0,0,False,False,,,Toujours inscrit
5779678,Terminale,Sport,Lycéen,,,30,25,5,60,A,0,0,0,2,0,4,0,0,False,False,,,Toujours inscrit
6445616,Terminale,"Lettres, langues et sciences humaines",_ETUDIANT / ÉLÈVE,,,30,25,5,60,A,0,0,0,1,0,1,0,0,False,False,,,Toujours inscrit
7655989,3ème,"Droit, science politique, administration publique",_ETUDIANT / ÉLÈVE,,,30,25,5,60,A,0,0,0,2,0,2,0,0,False,False,,,Toujours inscrit
6140989,Terminale,"Digital, Informatique, multimédia",Lycéen,,,30,25,5,60,A,0,0,0,2,0,2,0,0,False,False,,,Toujours inscrit
5935987,Seconde Générale et Technologique,"Architecture, géographie, aménagement",_ETUDIANT / ÉLÈVE,,,30,25,5,60,A,1,0,1,0,0,2,0,0,False,False,,,Toujours inscrit
6870848,Bac+1,"Génie civil, bâtiment",_ETUDIANT / ÉLÈVE,,,30,25,5,60,A,0,0,0,1,0,1,0,0,False,False,,,Toujours inscrit
5923460,Terminale Pro,"International, études à l'étranger",_ETUDIANT / ÉLÈVE,,,30,25,5,60,A,0,0,0,2,0,303,0,0,True,True,,,Toujours inscrit
5937098,Terminale Pro,"Action sociale, animation, sciences sociales","En recherche d'emploi, de stage / Jeune diplômé",,,30,25,5,60,A,0,0,0,1,0,1,0,0,False,False,,,Toujours inscrit
5837088,Première,"Action sociale, animation, sciences sociales",_ETUDIANT / ÉLÈVE,,,30,25,5,60,A,0,0,0,5,0,13,0,0,False,True,,,Toujours inscrit
7495676,Terminale,Sport,Lycéen,,,30,25,5,60,A,0,0,0,1,0,2,0,0,False,False,,,Toujours inscrit
7545875,Première,"Armée, défense, sécurité",_ETUDIANT / ÉLÈVE,,,30,25,5,60,A,0,0,0,2,0,2,0,0,False,False,,,Toujours inscrit
8036052,Terminale,"Banque, assurance, finance, immobilier",Lycéen,,,30,25,5,60,A,0,0,0,1,0,239,0,0,True,True,,,Toujours inscrit
9094814,Bac+3,"Santé, paramédical","En recherche d'emploi, de stage / Jeune diplômé",,,30,25,5,60,A,0,0,0,1,0,1,0,0,False,True,,,Toujours inscrit
5975555,3ème,"Droit, science politique, administration publique",_ETUDIANT / ÉLÈVE,,,30,25,5,60,A,0,0,0,1,0,1,0,0,False,False,,,Toujours inscrit
6738408,Bac+3,"Secretariat, assistant de gestion",_ETUDIANT / ÉLÈVE,,,30,25,5,60,A,0,0,0,1,0,1,0,0,False,False,,,Toujours inscrit
8275818,3ème,"Digital, Informatique, multimédia",_ETUDIANT / ÉLÈVE,,,30,25,5,60,A,0,0,0,3,0,89,0,0,True,True,,,Toujours inscrit
6059452,Bac+1,"Comptabilité, gestion, ressources humaines",_ETUDIANT / ÉLÈVE,,,30,25,5,60,A,0,0,0,1,0,1,0,0,False,False,,,Toujours inscrit
6089887,Seconde Générale et Technologique,"Arts, audiovisuel, culture",_ETUDIANT / ÉLÈVE,,,30,25,5,60,A,0,0,0,1,0,2,0,0,False,False,,,Toujours inscrit
4997040,Seconde Pro,Economie,_ETUDIANT / ÉLÈVE,,,30,25,5,60,A,0,0,0,2,0,2,0,0,False,False,,,Toujours inscrit
7660775,6ème,"Sciences de la matière (chimie, physique, matériaux, optique…)","En recherche d'emploi, de stage / Jeune diplômé",,,30,25,5,60,A,0,0,0,2,0,2,0,0,False,False,,,Toujours inscrit
7302122,Bac+1,"Education, formation",Etudiant,,,30,25,5,60,A,0,0,0,3,0,3,0,0,False,False,,,Toujours inscrit
3777703,Bac+4,"Génie civil, bâtiment",Etudiant,,,30,25,5,60,A,0,0,0,3,0,107,0,0,True,True,,,Toujours inscrit
6357850,3ème,"Digital, Informatique, multimédia",Parent,,,30,25,5,60,A,0,0,0,2,0,28,0,0,True,True,,,Toujours inscrit
6309074,Seconde Générale et Technologique,"Droit, science politique, administration publique",Lycéen,,,30,25,5,60,A,1,0,1,0,0,0,0,0,,,,,Toujours inscrit
5811946,Bac+1,"Education, formation",_ETUDIANT / ÉLÈVE,,,30,25,5,60,A,0,0,0,1,0,1,0,0,False,False,,,Toujours inscrit
5745832,Bac+3,"Comptabilité, gestion, ressources humaines",Etudiant,,,30,25,5,60,A,0,0,0,1,0,1,0,0,False,False,,,Toujours inscrit
5752339,Terminale,"Digital, Informatique, multimédia",Lycéen,,,30,25,5,60,A,0,0,0,1,0,1,0,0,False,False,,,Toujours inscrit
8310686,Bac+2,"Action sociale, animation, sciences sociales",_ETUDIANT / ÉLÈVE,,,30,25,5,60,A,0,0,0,1,0,2,0,0,False,False,,,Toujours inscrit
8505958,Bac +5 et au delà,Economie,"En recherche d'emploi, de stage / Jeune diplômé",,,30,25,5,60,A,0,0,0,3,0,3,0,0,False,True,,,Toujours inscrit
6056686,3ème,"Mécanique, aéronautique, automobile",_ETUDIANT / ÉLÈVE,,,30,25,5,60,A,0,0,0,1,0,22,0,0,True,True,,,Toujours inscrit
6081009,Bac+1,"Communication, information, journalisme",_ETUDIANT / ÉLÈVE,,,30,25,5,60,A,0,0,0,2,0,2,0,0,False,False,,,Toujours inscrit
5671867,Bac+1,"Comptabilité, gestion, ressources humaines",_ETUDIANT / ÉLÈVE,,,30,25,5,60,A,0,0,0,1,0,1,0,0,False,False,,,Toujours inscrit
7088358,Seconde Générale et Technologique,"Tourisme, hôtellerie, restauration",_ETUDIANT / ÉLÈVE,,,30,25,5,60,A,0,0,0,5,0,62,0,0,True,True,,,Toujours inscrit
6409993,3ème,(Vide),_ETUDIANT / ÉLÈVE,,,30,15,15,60,A,1,1,1,207,0,208,0,0,True,False,,,Toujours inscrit
7327276,Seconde Pro,Luxe,Lycéen,,,30,25,5,60,A,0,0,0,2,0,2,0,0,False,False,,,Toujours inscrit
5798011,3ème,Luxe,_ETUDIANT / ÉLÈVE,,,30,25,5,60,A,0,0,0,3,0,73,0,0,True,True,,,Toujours inscrit
6601980,Bac+1,"Lettres, langues et sciences humaines",Etudiant,,,30,25,5,60,A,0,0,0,1,0,1,0,0,False,False,,,Toujours inscrit
5873726,Bac+1,"Arts, audiovisuel, culture",_ETUDIANT / ÉLÈVE,,,30,25,5,60,A,0,0,0,1,0,1,0,0,False,False,,,Toujours inscrit
5795604,3ème,"Armée, défense, sécurité",Collégien,,,30,25,5,60,A,0,0,0,1,0,1,0,0,False,False,,,Toujours inscrit
8044376,6ème,"Action sociale, animation, sciences sociales",Collégien,,,30,25,5,60,A,0,0,0,2,0,2,0,0,False,False,,,Toujours inscrit
5712538,Seconde Générale et Technologique,Sport,Parent,,,30,25,5,60,A,1,0,1,0,0,113,0,0,True,True,,,Toujours inscrit
8037410,4ème,"Digital, Informatique, multimédia","En recherche d'emploi, de stage / Jeune diplômé",,,30,25,5,60,A,0,0,0,2,0,2,0,0,False,False,,,Toujours inscrit
4185789,Seconde Générale et Technologique,"Lettres, langues et sciences humaines",_ETUDIANT / ÉLÈVE,,,30,25,5,60,A,0,0,0,2,0,2,0,0,False,False,,,Toujours inscrit
5676887,Bac +5 et au delà,"Tourisme, hôtellerie, restauration",_ETUDIANT / ÉLÈVE,,,30,25,5,60,A,0,0,0,1,0,21,0,0,True,True,,,Toujours inscrit
7377859,Bac+1,Sport,_ETUDIANT / ÉLÈVE,,,30,25,5,60,A,0,0,0,1,0,2,0,0,False,False,,,Toujours inscrit
6651995,Terminale,"Sciences de la matière (chimie, physique, matériaux, optique…)",Lycéen,,,30,25,5,60,A,0,0,0,1,0,1,0,0,False,False,,,Toujours inscrit
6165912,Bac+2,"Lettres, langues et sciences humaines",_ETUDIANT / ÉLÈVE,,,30,25,5,60,A,0,0,0,4,0,9,0,0,False,True,,,Toujours inscrit
6177050,3ème,Technologie industrielle,_ETUDIANT / ÉLÈVE,,,30,25,5,60,A,0,0,0,1,0,70,0,0,True,True,,,Toujours inscrit
7529868,Terminale,"Santé, paramédical",Lycéen,,,30,25,5,60,A,0,0,0,1,0,2,0,0,False,False,,,Toujours inscrit
8877686,Terminale,Economie,Lycéen,,,30,25,5,60,A,0,0,0,1,0,1,0,0,False,False,,,Toujours inscrit
2586927,Bac+4,"Arts, audiovisuel, culture",Etudiant,,,30,25,5,60,A,0,0,0,1,0,13,0,0,False,True,,,Toujours inscrit
5931182,Terminale technologique,"Arts, audiovisuel, culture",_ETUDIANT / ÉLÈVE,,,30,25,5,60,A,0,0,0,1,0,1,0,0,False,False,,,Toujours inscrit
8141353,Seconde Générale et Technologique,(Vide),_ETUDIANT / ÉLÈVE,Auvergne-Rhône-Alpes,Ain (01),30,15,15,60,A,1,1,1,80,0,105,0,0,True,True,0.11297640653357532,0.8870235934664247,Toujours inscrit
6256213,Première,"Lettres, langues et sciences humaines",Lycéen,Auvergne-Rhône-Alpes,Ain (01),15,25,20,60,A,0,0,0,94,9,267,0,0,True,False,0.2131979695431472,0.7868020304568528,Désinscrit
5394473,Bac+3,"Sciences de la vie (biologie, biotechnologies...)",Lycéen,Auvergne-Rhône-Alpes,Ain (01),30,25,5,60,A,0,0,0,2,0,3,0,0,False,False,0.12066465006422741,0.8793353499357726,Toujours inscrit
6933007,Première,(Vide),_ETUDIANT / ÉLÈVE,Auvergne-Rhône-Alpes,Ain (01),30,10,20,60,A,1,0,2,24,0,12,0,0,False,True,0.21848922429431827,0.7815107757056817,Toujours inscrit
8425422,Bac+2,"International, études à l'étranger",_ETUDIANT / ÉLÈVE,Auvergne-Rhône-Alpes,Ain (01),30,25,5,60,A,0,0,0,3,0,106,0,0,True,True,0.21848922429431827,0.7815107757056817,Toujours inscrit
6752865,Bac +5 et au delà,"Education, formation",_ETUDIANT / ÉLÈVE,Auvergne-Rhône-Alpes,Ain (01),30,25,5,60,A,0,0,0,1,0,1,0,0,False,False,0.11127063890882986,0.8887293610911702,Toujours inscrit
6140433,Terminale technologique,"Architecture, géographie, aménagement",_ETUDIANT / ÉLÈVE,Provence-Alpes-Côte d'Azur,Alpes-Maritimes (06),30,25,5,60,A,1,0,1,0,0,0,0,0,,,0.1575735158128352,0.8424264841871648,Toujours inscrit
7661373,Bac +5 et au delà,"Transport, logistique","En recherche d'emploi, de stage / Jeune diplômé",Provence-Alpes-Côte d'Azur,Alpes-Maritimes (06),30,25,5,60,A,0,0,0,1,0,9,0,0,False,True,0.24227920227920227,0.7577207977207977,Toujours inscrit
6134693,Bac+1,"Commerce, vente, marketing",_ETUDIANT / ÉLÈVE,Provence-Alpes-Côte d'Azur,Alpes-Maritimes (06),30,25,5,60,A,1,0,1,0,0,0,0,0,,,0.17853703145216993,0.8214629685478301,Toujours inscrit
7638012,Seconde Générale et Technologique,"Banque, assurance, finance, immobilier",Lycéen,Provence-Alpes-Côte d'Azur,Alpes-Maritimes (06),30,25,5,60,A,0,0,0,1,0,2,0,0,False,False,0.1951627517948003,0.8048372482051996,Toujours inscrit
5292030,Bac+3,"Armée, défense, sécurité",_ETUDIANT / ÉLÈVE,Provence-Alpes-Côte d'Azur,Alpes-Maritimes (06),30,25,5,60,A,0,0,0,1,0,1,0,0,False,False,0.24227920227920227,0.7577207977207977,Toujours inscrit
6764864,Bac+1,"Comptabilité, gestion, ressources humaines",Etudiant,Provence-Alpes-Côte d'Azur,Alpes-Maritimes (06),30,25,5,60,A,0,0,0,1,0,1,0,0,False,False,0.17853703145216993,0.8214629685478301,Toujours inscrit
6812178,Bac +5 et au delà,"Lettres, langues et sciences humaines",_ETUDIANT / ÉLÈVE,Provence-Alpes-Côte d'Azur,Alpes-Maritimes (06),30,25,5,60,A,0,0,0,1,0,1,0,0,False,False,0.17853703145216993,0.8214629685478301,Toujours inscrit
5351728,Première,"International, études à l'étranger",Lycéen,Provence-Alpes-Côte d'Azur,Alpes-Maritimes (06),30,25,5,60,A,1,0,1,0,0,0,0,0,,,0.2996770721205597,0.7003229278794403,Toujours inscrit
8145265,Bac+2,"Energie, électricité",Etudiant,Provence-Alpes-Côte d'Azur,Alpes-Maritimes (06),30,25,5,60,A,0,0,0,2,0,2,0,0,False,False,0.1682698419424552,0.8317301580575448,Toujours inscrit
6131815,Bac+3,"Santé, paramédical",Parent,Provence-Alpes-Côte d'Azur,Alpes-Maritimes (06),30,25,5,60,A,1,0,1,0,0,0,0,0,,,0.15675735579320663,0.8432426442067934,Toujours inscrit
8250506,Bac+2,"Architecture, géographie, aménagement",_ETUDIANT / ÉLÈVE,Provence-Alpes-Côte d'Azur,Alpes-Maritimes (06),30,25,5,60,A,0,0,0,1,0,2,0,0,False,False,0.17853703145216993,0.8214629685478301,Toujours inscrit
8800063,Terminale,"Communication, information, journalisme",Lycéen,Provence-Alpes-Côte d'Azur,Alpes-Maritimes (06),30,25,5,60,A,1,0,1,0,0,51,0,0,True,True,0.30471798510109965,0.6952820148989003,Toujours inscrit
6117126,Première technologique,"Electronique, automatique",Parent,Provence-Alpes-Côte d'Azur,Alpes-Maritimes (06),30,25,5,60,A,1,0,1,0,0,0,0,0,,,0.1934560327198364,0.8065439672801636,Toujours inscrit
9038283,Bac+1,"Droit, science politique, administration publique",Etudiant,Grand Est,Bas-Rhin (67),30,25,5,60,A,0,0,0,1,0,1,0,0,False,False,0.1939254953201248,0.8060745046798752,Toujours inscrit
8790043,3ème,"Transport, logistique",Collégien,Grand Est,Bas-Rhin (67),30,25,5,60,A,0,0,0,5,0,10,0,0,True,True,0.10335833061623736,0.8966416693837627,Toujours inscrit
8810651,Seconde Générale et Technologique,"Droit, science politique, administration publique",_ETUDIANT / ÉLÈVE,Grand Est,Bas-Rhin (67),30,25,5,60,A,0,0,0,2,0,25,0,0,True,True,0.1823425022182786,0.8176574977817214,Toujours inscrit
8304053,Bac+3,"Energie, électricité",Etudiant,Grand Est,Bas-Rhin (67),30,25,5,60,A,0,0,0,2,0,2,0,0,False,False,0.16212148043208782,0.8378785195679122,Toujours inscrit
6714059,Seconde Générale et Technologique,"Lettres, langues et sciences humaines",_ETUDIANT / ÉLÈVE,Grand Est,Bas-Rhin (67),30,25,5,60,A,0,0,0,1,0,1,0,0,False,False,0.08751229105211406,0.9124877089478859,Toujours inscrit
6577327,Première,"Droit, science politique, administration publique",_ETUDIANT / ÉLÈVE,Grand Est,Bas-Rhin (67),30,25,5,60,A,0,0,0,5,0,129,0,0,True,True,0.1939254953201248,0.8060745046798752,Toujours inscrit
5932618,Bac+2,"Transport, logistique",Etudiant,Grand Est,Bas-Rhin (67),30,25,5,60,A,0,0,0,1,0,1,0,0,False,False,0.1939254953201248,0.8060745046798752,Toujours inscrit
8291119,Bac+3,Sport,_ETUDIANT / ÉLÈVE,Grand Est,Bas-Rhin (67),30,25,5,60,A,0,0,0,2,0,2,0,0,False,False,0.16976729520085768,0.8302327047991424,Toujours inscrit
6486706,Bac+3,"Communication, information, journalisme",Etudiant,Grand Est,Bas-Rhin (67),30,25,5,60,A,0,0,0,1,0,1,0,0,False,False,0.1939254953201248,0.8060745046798752,Toujours inscrit
7399857,Bac+1,"Banque, assurance, finance, immobilier",Etudiant,Grand Est,Bas-Rhin (67),30,25,5,60,A,0,0,0,1,0,1,0,0,False,False,0.12279801607662048,0.8772019839233796,Toujours inscrit
5012683,Terminale,"Communication, information, journalisme",Lycéen,Grand Est,Bas-Rhin (67),30,25,5,60,A,0,0,0,2,0,2,0,0,False,False,0.13612194257355548,0.8638780574264445,Toujours inscrit
7553217,Terminale,"Comptabilité, gestion, ressources humaines",Lycéen,Grand Est,Bas-Rhin (67),30,25,5,60,A,0,0,0,1,0,2,0,0,False,False,0.1939254953201248,0.8060745046798752,Toujours inscrit
8652287,Bac+2,"Vétérinaire, soins aux animaux",_ETUDIANT / ÉLÈVE,Grand Est,Bas-Rhin (67),30,25,5,60,A,1,0,1,0,0,2,0,0,False,False,0.1939254953201248,0.8060745046798752,Toujours inscrit
5477907,Bac+2,Technologie industrielle,_ETUDIANT / ÉLÈVE,Grand Est,Bas-Rhin (67),30,25,5,60,A,0,0,0,1,0,1,0,0,False,False,0.18298326806692775,0.8170167319330722,Toujours inscrit
7550442,Bac+1,"Commerce, vente, marketing",Etudiant,Grand Est,Bas-Rhin (67),30,25,5,60,A,0,0,0,2,0,2,0,0,False,False,0.25298490651047534,0.7470150934895247,Toujours inscrit
4997059,CAP/BEP,Economie,"En recherche d'emploi, de stage / Jeune diplômé",Provence-Alpes-Côte d'Azur,Bouches-du-Rhône (13),30,25,5,60,A,0,0,0,1,0,2,0,0,False,False,0.07748283283796249,0.9225171671620375,Toujours inscrit
9042949,Bac+4,"Mécanique, aéronautique, automobile",Etudiant,Provence-Alpes-Côte d'Azur,Bouches-du-Rhône (13),30,25,5,60,A,1,0,1,0,0,0,0,0,False,False,0.06806714375226726,0.9319328562477327,Toujours inscrit
5442998,Seconde Générale et Technologique,"Commerce, vente, marketing",_ETUDIANT / ÉLÈVE,Provence-Alpes-Côte d'Azur,Bouches-du-Rhône (13),30,25,5,60,A,0,0,0,5,0,297,0,0,True,True,0.2688025004883766,0.7311974995116234,Toujours inscrit
7281278,5ème,Luxe,Collégien,Provence-Alpes-Côte d'Azur,Bouches-du-Rhône (13),30,25,5,60,A,1,0,1,0,0,54,0,0,True,True,0.20222672064777328,0.7977732793522267,Toujours inscrit
7647539,Terminale,"Commerce, vente, marketing",_ETUDIANT / ÉLÈVE,Provence-Alpes-Côte d'Azur,Bouches-du-Rhône (13),30,25,5,60,A,0,0,0,2,0,2,0,0,False,False,0.1237234878240377,0.8762765121759623,Toujours inscrit
7219912,Terminale technologique,"Action sociale, animation, sciences sociales",_ETUDIANT / ÉLÈVE,Provence-Alpes-Côte d'Azur,Bouches-du-Rhône (13),30,25,5,60,A,0,0,0,1,0,4,0,0,False,False,0.11959201430850293,0.880407985691497,Toujours inscrit
8799237,Bac+3,"Sciences de la matière (chimie, physique, matériaux, optique…)",_ETUDIANT / ÉLÈVE,Provence-Alpes-Côte d'Azur,Bouches-du-Rhône (13),30,25,5,60,A,1,0,1,0,0,1,0,0,False,False,0.11279012882535196,0.887209871174648,Toujours inscrit
7528445,Terminale,"Comptabilité, gestion, ressources humaines",Lycéen,Provence-Alpes-Côte d'Azur,Bouches-du-Rhône (13),30,25,5,60,A,0,0,0,2,0,2,0,0,False,False,0.10499326246444078,0.8950067375355593,Toujours inscrit
4993976,Terminale,"Arts, audiovisuel, culture",_ETUDIANT / ÉLÈVE,Provence-Alpes-Côte d'Azur,Bouches-du-Rhône (13),30,25,5,60,A,1,0,1,0,0,5,0,0,False,False,0.20833333333333334,0.7916666666666666,Toujours inscrit
8631303,Bac+4,"Droit, science politique, administration publique",Etudiant,Provence-Alpes-Côte d'Azur,Bouches-du-Rhône (13),30,25,5,60,A,0,0,0,1,0,1,0,0,False,False,0.24201557787413808,0.7579844221258619,Toujours inscrit
7256136,Terminale technologique,Je ne sais pas quoi faire,_ETUDIANT / ÉLÈVE,Provence-Alpes-Côte d'Azur,Bouches-du-Rhône (13),30,15,15,60,A,1,1,1,201,0,222,0,0,True,True,0.21590746822790233,0.7840925317720977,Toujours inscrit
8272209,Première,"Droit, science politique, administration publique",_ETUDIANT / ÉLÈVE,Provence-Alpes-Côte d'Azur,Bouches-du-Rhône (13),30,25,5,60,A,0,0,0,2,0,2,0,0,False,False,0.1237234878240377,0.8762765121759623,Toujours inscrit
7430998,Terminale technologique,Luxe,_ETUDIANT / ÉLÈVE,Provence-Alpes-Côte d'Azur,Bouches-du-Rhône (13),30,25,5,60,A,0,0,0,2,0,2,0,0,False,False,0.14930092574955237,0.8506990742504477,Toujours inscrit
6194418,Terminale,"Santé, paramédical",_ETUDIANT / ÉLÈVE,Provence-Alpes-Côte d'Azur,Bouches-du-Rhône (13),30,25,5,60,A,1,0,1,0,0,0,0,0,,,0.2661755285073671,0.733824471492633,Toujours inscrit
5583707,Bac+1,"Education, formation",_ETUDIANT / ÉLÈVE,Provence-Alpes-Côte d'Azur,Bouches-du-Rhône (13),30,25,5,60,A,1,0,1,0,0,1,0,0,False,False,0.24201557787413808,0.7579844221258619,Toujours inscrit
5315899,Première,"Droit, science politique, administration publique",_ETUDIANT / ÉLÈVE,Provence-Alpes-Côte d'Azur,Bouches-du-Rhône (13),30,25,5,60,A,0,0,0,2,0,2,0,0,False,False,0.22938144329896906,0.770618556701031,Toujours inscrit
8957624,Seconde Générale et Technologique,"Commerce, vente, marketing",_ETUDIANT / ÉLÈVE,Provence-Alpes-Côte d'Azur,Bouches-du-Rhône (13),30,25,5,60,A,1,0,1,0,0,1,0,0,False,False,0.1557799978043693,0.8442200021956306,Toujours inscrit
8152103,3ème,"Santé, paramédical",_ETUDIANT / ÉLÈVE,Provence-Alpes-Côte d'Azur,Bouches-du-Rhône (13),30,25,5,60,A,0,0,0,2,0,2,0,0,False,False,0.07748283283796249,0.9225171671620375,Toujours inscrit
8961974,Terminale,Je ne sais pas quoi faire,Lycéen,Provence-Alpes-Côte d'Azur,Bouches-du-Rhône (13),30,15,15,60,A,1,1,1,17,0,28,0,0,True,False,0.1982573726541555,0.8017426273458444,Toujours inscrit
7394592,Terminale,"Lettres, langues et sciences humaines",Lycéen,Provence-Alpes-Côte d'Azur,Bouches-du-Rhône (13),30,25,5,60,A,0,0,0,2,0,2,0,0,False,False,0.17077877325982083,0.8292212267401792,Toujours inscrit
7934747,6ème,"Architecture, géographie, aménagement",Parent,Provence-Alpes-Côte d'Azur,Bouches-du-Rhône (13),30,25,5,60,A,0,0,0,1,0,130,0,0,True,False,0.17077877325982083,0.8292212267401792,Toujours inscrit
8220289,4ème,Sport,Collégien,Provence-Alpes-Côte d'Azur,Bouches-du-Rhône (13),30,25,5,60,A,1,0,1,0,0,49,0,0,True,True,0.2867573705771231,0.7132426294228769,Toujours inscrit
6314246,Terminale,"Vétérinaire, soins aux animaux",Lycéen,Provence-Alpes-Côte d'Azur,Bouches-du-Rhône (13),30,25,5,60,A,1,0,1,0,0,0,0,0,,,0.24333360515371444,0.7566663948462856,Toujours inscrit
8268733,4ème,"Secretariat, assistant de gestion",Collégien,Provence-Alpes-Côte d'Azur,Bouches-du-Rhône (13),30,25,5,60,A,0,0,0,2,0,91,0,0,True,False,0.1982573726541555,0.8017426273458444,Toujours inscrit
6437762,Première,"Lettres, langues et sciences humaines",Lycéen,Provence-Alpes-Côte d'Azur,Bouches-du-Rhône (13),30,25,5,60,A,1,0,1,0,0,0,0,0,,,0.2867573705771231,0.7132426294228769,Toujours inscrit
7454179,Bac+1,Technologie industrielle,Etudiant,Provence-Alpes-Côte d'Azur,Bouches-du-Rhône (13),30,25,5,60,A,0,0,0,2,0,3,0,0,False,False,0.17077877325982083,0.8292212267401792,Toujours inscrit
8050916,Première,"Santé, paramédical",_ETUDIANT / ÉLÈVE,Provence-Alpes-Côte d'Azur,Bouches-du-Rhône (13),30,25,5,60,A,0,0,0,2,0,2,0,0,False,False,0.2806615359423612,0.7193384640576388,Toujours inscrit
5068740,Bac+3,"Arts, audiovisuel, culture",Etudiant,Provence-Alpes-Côte d'Azur,Bouches-du-Rhône (13),30,25,5,60,A,0,0,0,2,0,42,0,0,False,True,0.1991031784411131,0.8008968215588869,Toujours inscrit
8944139,Terminale,Sport,Lycéen,Provence-Alpes-Côte d'Azur,Bouches-du-Rhône (13),30,25,5,60,A,1,0,1,0,0,1,0,0,False,False,0.07842503394323398,0.921574966056766,Toujours inscrit
8775928,Bac +5 et au delà,"Education, formation",_ETUDIANT / ÉLÈVE,Normandie,Calvados (14),30,25,5,60,A,0,0,0,1,0,1,0,0,False,False,0.1406741573033708,0.8593258426966293,Toujours inscrit
5458240,Bac+1,Sport,Parent,Normandie,Calvados (14),30,25,5,60,A,1,0,1,0,0,0,0,0,,,0.1572793478987105,0.8427206521012895,Toujours inscrit
8790501,Terminale,"Santé, paramédical",_ETUDIANT / ÉLÈVE,Normandie,Calvados (14),30,25,5,60,A,1,0,1,0,0,1,0,0,False,False,0.17493333333333333,0.8250666666666666,Toujours inscrit
7315875,Bac+2,"Electronique, automatique",_ETUDIANT / ÉLÈVE,Normandie,Calvados (14),30,25,5,60,A,0,0,0,1,0,14,0,0,False,True,0.17493333333333333,0.8250666666666666,Toujours inscrit
7817659,Bac+1,Je ne sais pas quoi faire,_ETUDIANT / ÉLÈVE,Normandie,Calvados (14),30,10,20,60,A,0,0,0,104,3,111,0,0,True,True,0.12445783132530121,0.8755421686746988,Toujours inscrit
7391622,4ème,"Architecture, géographie, aménagement",_ETUDIANT / ÉLÈVE,Normandie,Calvados (14),30,25,5,60,A,0,0,0,1,0,2,0,0,False,False,0.1406741573033708,0.8593258426966293,Toujours inscrit
8890176,Terminale,(Vide),Parent,Nouvelle-Aquitaine,Charente-Maritime (17),30,15,15,60,A,1,1,1,20,0,21,0,0,True,False,0.1343040817907211,0.8656959182092789,Toujours inscrit
5830364,Terminale technologique,"Commerce, vente, marketing",_ETUDIANT / ÉLÈVE,Nouvelle-Aquitaine,Charente-Maritime (17),30,25,5,60,A,0,0,0,1,0,1,0,0,False,False,0.17058428475486903,0.8294157152451309,Toujours inscrit
7617183,Bac+1,Luxe,Etudiant,Nouvelle-Aquitaine,Charente-Maritime (17),30,25,5,60,A,0,0,0,2,0,2,0,0,False,False,0.15893043933054393,0.841069560669456,Toujours inscrit
7241075,3ème,"Commerce, vente, marketing",_ETUDIANT / ÉLÈVE,Nouvelle-Aquitaine,Charente-Maritime (17),30,25,5,60,A,0,0,0,1,0,2,0,0,False,False,0.1343040817907211,0.8656959182092789,Toujours inscrit
9029014,Bac+2,Sport,Etudiant,Nouvelle-Aquitaine,Charente-Maritime (17),30,25,5,60,A,0,0,0,1,0,1,0,0,False,False,0.15893043933054393,0.841069560669456,Toujours inscrit
7453691,Première technologique,"Commerce, vente, marketing",_ETUDIANT / ÉLÈVE,Nouvelle-Aquitaine,Charente-Maritime (17),30,25,5,60,A,0,0,0,2,0,2,0,0,False,False,0.15893043933054393,0.841069560669456,Toujours inscrit
8685113,Terminale,"Arts, audiovisuel, culture",Lycéen,Nouvelle-Aquitaine,Charente-Maritime (17),30,25,5,60,A,0,0,0,1,0,1,0,0,False,False,0.1343040817907211,0.8656959182092789,Toujours inscrit
8976230,Bac+3,"Education, formation",Etudiant,Bretagne,Côtes d'Armor (22),30,25,5,60,A,0,0,0,1,0,1,0,0,False,False,0.22525597269624573,0.7747440273037542,Toujours inscrit
8116617,Bac+3,"Sciences de la Terre (environnement, agriculture, agronomie ...)",_ETUDIANT / ÉLÈVE,Bretagne,Côtes d'Armor (22),30,25,5,60,A,1,0,1,0,0,2,0,0,False,False,0.08816651075771749,0.9118334892422825,Toujours inscrit
6168839,Terminale Pro,"International, études à l'étranger",Parent,Bretagne,Côtes d'Armor (22),30,25,5,60,A,1,0,1,0,0,0,0,0,,,0.11213517665130568,0.8878648233486943,Toujours inscrit
8479703,3ème,"Sciences de la matière (chimie, physique, matériaux, optique…)",Collégien,Bretagne,Côtes d'Armor (22),30,25,5,60,A,0,0,0,1,0,50,0,0,True,True,0.1474618498909997,0.8525381501090004,Toujours inscrit
6604456,Seconde Générale et Technologique,"Sciences de la vie (biologie, biotechnologies...)",Lycéen,Bretagne,Côtes d'Armor (22),30,25,5,60,A,0,0,0,5,0,95,0,0,True,False,0.1033946251768034,0.8966053748231966,Toujours inscrit
5292465,Terminale,"Sciences de la matière (chimie, physique, matériaux, optique…)",_ETUDIANT / ÉLÈVE,Bretagne,Côtes d'Armor (22),30,25,5,60,A,0,0,0,1,0,1,0,0,False,False,0.11862745098039215,0.8813725490196078,Toujours inscrit
6185486,Bac+1,Sport,Etudiant,Bretagne,Côtes d'Armor (22),30,25,5,60,A,0,0,0,1,0,34,0,0,True,True,0.11862745098039215,0.8813725490196078,Toujours inscrit
7596551,Seconde Pro,"Tourisme, hôtellerie, restauration",Lycéen,Bretagne,Côtes d'Armor (22),30,25,5,60,A,0,0,0,2,0,25,0,0,True,True,0.10840108401084012,0.8915989159891599,Toujours inscrit
7650705,Bac+3,"Comptabilité, gestion, ressources humaines",_ETUDIANT / ÉLÈVE,Bretagne,Côtes d'Armor (22),30,25,5,60,A,0,0,0,2,0,2,0,0,False,False,0.1349251315256981,0.8650748684743019,Toujours inscrit
5357402,3ème,"Sciences de la vie (biologie, biotechnologies...)",_ETUDIANT / ÉLÈVE,Bretagne,Côtes d'Armor (22),30,25,5,60,A,0,0,0,2,0,42,0,0,True,True,0.1474618498909997,0.8525381501090004,Toujours inscrit
4936456,Première,"Sciences de la vie (biologie, biotechnologies...)",Lycéen,Nouvelle-Aquitaine,Deux-Sèvres (79),30,25,5,60,A,0,0,0,4,0,24,0,0,True,True,0.1949609083625715,0.8050390916374285,Toujours inscrit
5891591,Première,Economie,_ETUDIANT / ÉLÈVE,Nouvelle-Aquitaine,Deux-Sèvres (79),30,25,5,60,A,0,0,0,1,0,1,0,0,False,False,0.1949609083625715,0.8050390916374285,Toujours inscrit
5433829,Terminale,"Electronique, automatique",Parent,Nouvelle-Aquitaine,Deux-Sèvres (79),30,25,5,60,A,1,0,1,0,0,3,0,0,False,False,0.08472938144329897,0.915270618556701,Toujours inscrit
6232905,Bac+3,"Tourisme, hôtellerie, restauration",Etudiant,Nouvelle-Aquitaine,Deux-Sèvres (79),30,25,5,60,A,0,0,0,1,0,1,0,0,False,False,0.1949609083625715,0.8050390916374285,Toujours inscrit
8816589,3ème,"Commerce, vente, marketing",Parent,Bourgogne-Franche-Comté,Doubs (25),30,25,5,60,A,1,0,1,0,0,1,0,0,False,False,0.12095895386850708,0.8790410461314929,Toujours inscrit
5494126,Première,"Communication, information, journalisme",Parent,Bourgogne-Franche-Comté,Doubs (25),30,25,5,60,A,1,0,1,0,0,0,0,0,,,0.16174354412495748,0.8382564558750425,Toujours inscrit
8807639,Terminale technologique,"Commerce, vente, marketing",Parent,Bourgogne-Franche-Comté,Doubs (25),30,25,5,60,A,1,0,1,0,0,1,0,0,False,False,0.1461294097976927,0.8538705902023073,Toujours inscrit
8979402,Première,"Education, formation",Lycéen,Bourgogne-Franche-Comté,Doubs (25),30,25,5,60,A,0,0,0,1,0,1,0,0,False,False,0.14829892410584472,0.8517010758941552,Toujours inscrit
9018994,Seconde Générale et Technologique,"Arts, audiovisuel, culture",Lycéen,Bourgogne-Franche-Comté,Doubs (25),30,25,5,60,A,0,0,0,1,0,1,0,0,False,False,0.12803426939552595,0.871965730604474,Toujours inscrit
6521449,CAP/BEP,"Armée, défense, sécurité",_ETUDIANT / ÉLÈVE,Bourgogne-Franche-Comté,Doubs (25),30,25,5,60,A,0,0,0,1,0,1,0,0,False,False,0.14663618549967342,0.8533638145003266,Toujours inscrit
7346464,Bac +5 et au delà,"Santé, paramédical","En recherche d'emploi, de stage / Jeune diplômé",Auvergne-Rhône-Alpes,Drôme (26),30,25,5,60,A,0,0,0,1,0,1,0,0,False,False,0.16006415396952686,0.8399358460304731,Toujours inscrit
7458889,Bac+2,"Architecture, géographie, aménagement","En recherche d'emploi, de stage / Jeune diplômé",Auvergne-Rhône-Alpes,Drôme (26),30,25,5,60,A,0,0,0,2,0,4,0,0,False,False,0.19001787432971265,0.8099821256702874,Toujours inscrit
6352600,Terminale technologique,"Energie, électricité",_ETUDIANT / ÉLÈVE,Auvergne-Rhône-Alpes,Drôme (26),30,25,5,60,A,1,0,1,0,0,1,0,0,False,False,0.16006415396952686,0.8399358460304731,Toujours inscrit
6687178,Bac+2,"Action sociale, animation, sciences sociales",_ETUDIANT / ÉLÈVE,Auvergne-Rhône-Alpes,Drôme (26),30,25,5,60,A,0,0,0,1,0,1,0,0,False,False,0.16006415396952686,0.8399358460304731,Toujours inscrit
8877342,Première,Sport,Lycéen,Auvergne-Rhône-Alpes,Drôme (26),30,25,5,60,A,1,0,1,0,0,30,0,0,True,True,0.12811059907834102,0.871889400921659,Toujours inscrit
8870152,Seconde Générale et Technologique,"Commerce, vente, marketing",_ETUDIANT / ÉLÈVE,Auvergne-Rhône-Alpes,Drôme (26),30,25,5,60,A,1,0,1,0,0,1,0,0,False,False,0.14243672748675693,0.857563272513243,Toujours inscrit
6776278,3ème,Economie,_ETUDIANT / ÉLÈVE,Auvergne-Rhône-Alpes,Drôme (26),30,25,5,60,A,0,0,0,2,0,35,0,0,True,True,0.1638090824837813,0.8361909175162188,Toujours inscrit
8422248,Terminale technologique,"Digital, Informatique, multimédia",_ETUDIANT / ÉLÈVE,Auvergne-Rhône-Alpes,Drôme (26),30,25,5,60,A,0,0,0,1,0,2,0,0,False,False,0.13293704404215076,0.8670629559578492,Toujours inscrit
6529930,3ème,"International, études à l'étranger",_ETUDIANT / ÉLÈVE,Auvergne-Rhône-Alpes,Drôme (26),30,25,5,60,A,0,0,0,1,0,1,0,0,False,False,0.16400775309378263,0.8359922469062174,Toujours inscrit
8299602,3ème,"Lettres, langues et sciences humaines",Collégien,Île-de-France,Essonne (91),30,25,5,60,A,0,0,0,1,0,2,0,0,False,False,0.1278968997232395,0.8721031002767605,Toujours inscrit
6732308,4ème,Economie,Collégien,Île-de-France,Essonne (91),30,25,5,60,A,0,0,0,1,0,5,0,0,True,True,0.24859451862262824,0.7514054813773717,Toujours inscrit
5312134,Bac+2,"Communication, information, journalisme",_ETUDIANT / ÉLÈVE,Île-de-France,Essonne (91),30,25,5,60,A,0,0,0,1,0,1,0,0,False,False,0.21165048543689322,0.7883495145631068,Toujours inscrit
6790520,Bac+4,"Arts, audiovisuel, culture",Parent,Île-de-France,Essonne (91),30,25,5,60,A,0,0,0,1,0,1,0,0,False,False,0.2273126206775496,0.7726873793224505,Toujours inscrit
8540831,3ème,"Santé, paramédical",_ETUDIANT / ÉLÈVE,Île-de-France,Essonne (91),30,25,5,60,A,0,0,0,1,0,1,0,0,False,False,0.23717119448037946,0.7628288055196205,Toujours inscrit
6994802,3ème,"Santé, paramédical",Collégien,Île-de-France,Essonne (91),30,25,5,60,A,0,0,0,1,0,2,0,0,False,False,0.20636420919974796,0.793635790800252,Toujours inscrit
6484804,Terminale,Sport,Parent,Île-de-France,Essonne (91),30,25,5,60,A,0,0,0,1,0,5,0,0,True,True,0.2251986845711154,0.7748013154288846,Toujours inscrit
6839186,Première,"Sciences de la vie (biologie, biotechnologies...)",Lycéen,Île-de-France,Essonne (91),30,25,5,60,A,1,0,1,0,0,0,0,0,True,True,0.09010646585302519,0.9098935341469748,Toujours inscrit
4723761,Bac+2,Economie,Etudiant,Île-de-France,Essonne (91),30,25,5,60,A,0,0,0,1,0,2,0,0,False,False,0.1913906570288057,0.8086093429711944,Toujours inscrit
8613559,4ème,"Tourisme, hôtellerie, restauration","En recherche d'emploi, de stage / Jeune diplômé",Île-de-France,Essonne (91),30,25,5,60,A,0,0,0,4,0,5,0,0,False,True,0.28355635039759847,0.7164436496024016,Toujours inscrit
8766533,Première,Economie,Parent,Île-de-France,Essonne (91),30,25,5,60,A,1,0,1,0,0,0,0,0,,,0.16960390856744023,0.8303960914325598,Toujours inscrit
5340127,4ème,"Energie, électricité",Collégien,Île-de-France,Essonne (91),30,25,5,60,A,0,0,0,2,0,8,0,0,False,True,0.1698328577252344,0.8301671422747656,Toujours inscrit
5489750,4ème,"Communication, information, journalisme",Collégien,Île-de-France,Essonne (91),30,25,5,60,A,0,0,0,1,0,1,0,0,False,False,0.3217678645187939,0.6782321354812061,Toujours inscrit
8503228,Terminale,"Education, formation",_ETUDIANT / ÉLÈVE,Île-de-France,Essonne (91),30,25,5,60,A,0,0,0,1,0,2,0,0,False,False,0.1280671439150827,0.8719328560849173,Toujours inscrit
6948828,Seconde Générale et Technologique,"Digital, Informatique, multimédia",Lycéen,Île-de-France,Essonne (91),30,25,5,60,A,0,0,0,4,0,62,0,0,True,True,0.22219264386175075,0.7778073561382493,Toujours inscrit
7535112,Bac+4,"Banque, assurance, finance, immobilier",Etudiant,Île-de-France,Essonne (91),30,25,5,60,A,0,0,0,2,0,4,0,0,False,False,0.1278968997232395,0.8721031002767605,Toujours inscrit
5836573,Terminale,"International, études à l'étranger",Lycéen,Île-de-France,Essonne (91),30,25,5,60,A,0,0,0,1,0,1,0,0,False,False,0.16042790594907108,0.8395720940509289,Toujours inscrit
6592971,3ème,"Digital, Informatique, multimédia",Collégien,Île-de-France,Essonne (91),30,25,5,60,A,0,0,0,1,0,1,0,0,False,False,0.37543859649122807,0.624561403508772,Toujours inscrit
9032258,Seconde Générale et Technologique,"Mécanique, aéronautique, automobile",_ETUDIANT / ÉLÈVE,Normandie,Eure (27),30,25,5,60,A,0,0,0,2,0,15,0,0,True,False,0.14108868916398168,0.8589113108360183,Toujours inscrit
8407268,Bac+3,"Architecture, géographie, aménagement",Etudiant,Normandie,Eure (27),30,25,5,60,A,0,0,0,1,0,2,0,0,False,False,0.15588074184208467,0.8441192581579153,Toujours inscrit
9080148,CAP/BEP,"Education, formation",Lycéen,Normandie,Eure (27),30,25,5,60,A,0,0,0,1,0,1,0,0,False,True,0.11668258516396052,0.8833174148360394,Toujours inscrit
6142583,Bac+2,Sport,Etudiant,Bretagne,Finistère (29),30,25,5,60,A,0,0,0,5,0,9,0,0,True,True,0.16173193250557147,0.8382680674944285,Toujours inscrit
5258307,Terminale,"Sciences de la matière (chimie, physique, matériaux, optique…)",_ETUDIANT / ÉLÈVE,Bretagne,Finistère (29),30,25,5,60,A,0,0,0,1,0,1,0,0,False,False,0.14587418916880374,0.8541258108311962,Toujours inscrit
8618616,Terminale Pro,"Sciences de la matière (chimie, physique, matériaux, optique…)",_ETUDIANT / ÉLÈVE,Bretagne,Finistère (29),30,25,5,60,A,0,0,0,4,0,47,0,0,True,True,0.11307550644567219,0.8869244935543278,Toujours inscrit
8509462,Bac+1,Sport,Etudiant,Bretagne,Finistère (29),30,25,5,60,A,0,0,0,1,0,1,0,0,False,False,0.1579982126899017,0.8420017873100983,Toujours inscrit
7071763,Bac+1,"Santé, paramédical",Etudiant,Bretagne,Finistère (29),30,25,5,60,A,0,0,0,2,0,8,0,0,False,False,0.18205201486138897,0.817947985138611,Toujours inscrit
8469567,Terminale,Technologie industrielle,Lycéen,Bretagne,Finistère (29),30,25,5,60,A,0,0,0,1,0,2,0,0,False,False,0.13657490168037184,0.8634250983196282,Toujours inscrit
8452502,Terminale,"Santé, paramédical",_ETUDIANT / ÉLÈVE,Bretagne,Finistère (29),30,25,5,60,A,0,0,0,2,0,2,0,0,False,False,0.11698068208919628,0.8830193179108037,Toujours inscrit
6156591,Bac+1,Je ne sais pas quoi faire,Etudiant,Bretagne,Finistère (29),30,15,15,60,A,1,1,1,49,0,81,0,0,True,True,0.1438496117695137,0.8561503882304863,Toujours inscrit
6790413,Première technologique,"Commerce, vente, marketing",_ETUDIANT / ÉLÈVE,Bretagne,Finistère (29),30,25,5,60,A,0,0,0,1,0,2,0,0,,,0.15091936198493575,0.8490806380150643,Toujours inscrit
9019703,Bac+3,Sport,"En recherche d'emploi, de stage / Jeune diplômé",Occitanie,Gard (30),30,25,5,60,A,0,0,0,1,0,1,0,0,False,False,0.21475128644939967,0.7852487135506003,Toujours inscrit
8521799,Terminale technologique,"Commerce, vente, marketing",Lycéen,Occitanie,Gard (30),30,25,5,60,A,0,0,0,2,0,2,0,0,False,False,0.1956521739130435,0.8043478260869565,Toujours inscrit
5023568,Terminale,"Sciences de la vie (biologie, biotechnologies...)",_ETUDIANT / ÉLÈVE,Occitanie,Gard (30),30,25,5,60,A,0,0,0,4,0,5,0,0,False,False,0.1356842545510577,0.8643157454489423,Toujours inscrit
5497320,Bac +5 et au delà,"Communication, information, journalisme","En recherche d'emploi, de stage / Jeune diplômé",Occitanie,Gard (30),30,25,5,60,A,0,0,0,1,0,1,0,0,False,False,0.1356842545510577,0.8643157454489423,Toujours inscrit
5562085,Terminale,"Cosmétique, esthétique, soins personnels",_ETUDIANT / ÉLÈVE,Occitanie,Gard (30),30,25,5,60,A,0,0,0,1,0,429,0,0,True,True,0.1496881496881497,0.8503118503118503,Toujours inscrit
5392803,Bac +5 et au delà,"Mécanique, aéronautique, automobile",Etudiant,Occitanie,Gard (30),30,25,5,60,A,0,0,0,4,0,106,0,0,True,True,0.1356842545510577,0.8643157454489423,Toujours inscrit
5499487,Terminale,Economie,_ETUDIANT / ÉLÈVE,Nouvelle-Aquitaine,Gironde (33),30,25,5,60,A,0,0,0,2,0,2,0,0,False,False,0.1188423645320197,0.8811576354679803,Toujours inscrit
6684135,Terminale,"Architecture, géographie, aménagement",Lycéen,Nouvelle-Aquitaine,Gironde (33),30,25,5,60,A,0,0,0,1,0,279,0,0,True,False,0.17233485938521909,0.8276651406147809,Toujours inscrit
9082697,Bac+4,"Mécanique, aéronautique, automobile",Etudiant,Nouvelle-Aquitaine,Gironde (33),30,25,5,60,A,1,0,1,0,0,1,0,0,False,False,0.2089252625077208,0.7910747374922792,Toujours inscrit
6591806,3ème,Economie,_ETUDIANT / ÉLÈVE,Nouvelle-Aquitaine,Gironde (33),30,25,5,60,A,0,0,0,1,0,2,0,0,False,False,0.2801080954059452,0.7198919045940547,Toujours inscrit
6395787,Terminale technologique,"Digital, Informatique, multimédia",_ETUDIANT / ÉLÈVE,Nouvelle-Aquitaine,Gironde (33),30,25,5,60,A,0,0,0,1,0,1,0,0,False,False,0.13399418902751667,0.8660058109724833,Toujours inscrit
7463032,Terminale,"Comptabilité, gestion, ressources humaines",_ETUDIANT / ÉLÈVE,Nouvelle-Aquitaine,Gironde (33),30,25,5,60,A,1,0,1,0,0,0,0,0,False,False,0.2089252625077208,0.7910747374922792,Toujours inscrit
8385881,Terminale technologique,"Action sociale, animation, sciences sociales","En recherche d'emploi, de stage / Jeune diplômé",Nouvelle-Aquitaine,Gironde (33),30,25,5,60,A,0,0,0,1,0,2,0,0,False,False,0.2072480181200453,0.7927519818799547,Toujours inscrit
7540255,Bac+2,"Comptabilité, gestion, ressources humaines",Etudiant,Nouvelle-Aquitaine,Gironde (33),30,25,5,60,A,0,0,0,2,0,8,0,0,False,False,0.23857588135345284,0.7614241186465471,Toujours inscrit
7671531,Bac+4,Luxe,Etudiant,Nouvelle-Aquitaine,Gironde (33),30,25,5,60,A,0,0,0,2,0,2,0,0,False,False,0.23857588135345284,0.7614241186465471,Toujours inscrit
7419036,4ème,"Action sociale, animation, sciences sociales",Collégien,Nouvelle-Aquitaine,Gironde (33),30,25,5,60,A,1,0,1,0,0,5,0,0,False,False,0.14316079019754938,0.8568392098024507,Toujours inscrit
6911985,Seconde Générale et Technologique,"Armée, défense, sécurité",_ETUDIANT / ÉLÈVE,Nouvelle-Aquitaine,Gironde (33),30,25,5,60,A,1,0,1,0,0,16,0,0,True,False,0.14316079019754938,0.8568392098024507,Toujours inscrit
6637982,Terminale,"Sciences de la vie (biologie, biotechnologies...)",_ETUDIANT / ÉLÈVE,Nouvelle-Aquitaine,Gironde (33),30,25,5,60,A,0,0,0,1,0,1,0,0,False,False,0.1506827813530058,0.8493172186469942,Toujours inscrit
7156514,Terminale Générale Agricole,(Vide),Parent,Nouvelle-Aquitaine,Gironde (33),30,10,20,60,A,1,0,1,15,1,76,0,0,False,False,0.23037502911716748,0.7696249708828325,Toujours inscrit
8125769,Terminale technologique,Luxe,_ETUDIANT / ÉLÈVE,Nouvelle-Aquitaine,Gironde (33),30,25,5,60,A,1,0,1,0,0,2,0,0,False,False,0.23857588135345284,0.7614241186465471,Toujours inscrit
6654139,Bac+2,Sport,Etudiant,Nouvelle-Aquitaine,Gironde (33),30,25,5,60,A,0,0,0,1,0,1,0,0,False,False,0.2072480181200453,0.7927519818799547,Toujours inscrit
6863313,Bac +5 et au delà,"Digital, Informatique, multimédia","En recherche d'emploi, de stage / Jeune diplômé",Nouvelle-Aquitaine,Gironde (33),30,25,5,60,A,0,0,0,1,0,1,0,0,False,False,0.20997229916897506,0.7900277008310249,Toujours inscrit
5599714,Terminale Pro,"Communication, information, journalisme",_ETUDIANT / ÉLÈVE,Occitanie,Haute-Garonne (31),30,25,5,60,A,0,0,0,1,0,1,0,0,False,False,0.27,0.73,Toujours inscrit
5385011,Seconde Générale et Technologique,"Communication, information, journalisme",Lycéen,Occitanie,Haute-Garonne (31),30,25,5,60,A,1,0,1,0,0,2,0,0,False,False,0.2611582146856503,0.7388417853143497,Toujours inscrit
8605990,Terminale,(Vide),_ETUDIANT / ÉLÈVE,Occitanie,Haute-Garonne (31),30,15,15,60,A,1,1,1,11,0,44,0,0,True,True,0.19296465415186875,0.8070353458481312,Toujours inscrit
7230761,Terminale,"Tourisme, hôtellerie, restauration",_ETUDIANT / ÉLÈVE,Occitanie,Haute-Garonne (31),30,25,5,60,A,0,0,0,2,0,4,0,0,False,False,0.24108351876927817,0.7589164812307219,Toujours inscrit
5717573,Bac +5 et au delà,Economie,Parent,Occitanie,Haute-Garonne (31),30,25,5,60,A,0,0,0,1,0,1,0,0,False,False,0.24108351876927817,0.7589164812307219,Toujours inscrit
7103749,Bac+1,"Secretariat, assistant de gestion",Etudiant,Occitanie,Haute-Garonne (31),30,25,5,60,A,0,0,0,1,0,1,0,0,False,False,0.24108351876927817,0.7589164812307219,Toujours inscrit
8499132,Bac+4,"Electronique, automatique",Etudiant,Occitanie,Haute-Garonne (31),30,25,5,60,A,0,0,0,1,0,1,0,0,False,False,0.24108351876927817,0.7589164812307219,Toujours inscrit
6660336,4ème,Luxe,_ETUDIANT / ÉLÈVE,Occitanie,Haute-Garonne (31),30,25,5,60,A,0,0,0,2,0,2,0,0,False,False,0.24108351876927817,0.7589164812307219,Toujours inscrit
8564448,Bac+1,(Vide),"En recherche d'emploi, de stage / Jeune diplômé",Occitanie,Haute-Garonne (31),30,15,15,60,A,1,1,1,22,0,33,0,0,True,True,0.19982761749228814,0.8001723825077118,Toujours inscrit
6684645,Terminale,Technologie industrielle,Lycéen,Occitanie,Haute-Garonne (31),30,25,5,60,A,0,0,0,1,0,5,0,0,False,False,0.24108351876927817,0.7589164812307219,Toujours inscrit
8623813,Première,"Architecture, géographie, aménagement",_ETUDIANT / ÉLÈVE,Occitanie,Haute-Garonne (31),30,25,5,60,A,0,0,0,2,0,2,0,0,False,False,0.19982761749228814,0.8001723825077118,Toujours inscrit
7621012,Seconde Générale et Technologique,"Communication, information, journalisme",Parent,Occitanie,Haute-Garonne (31),30,25,5,60,A,1,0,1,0,0,3,0,0,False,False,0.22496648084115448,0.7750335191588456,Toujours inscrit
5715232,Bac+3,"Cosmétique, esthétique, soins personnels",Etudiant,Occitanie,Haute-Garonne (31),30,25,5,60,A,0,0,0,1,0,1,0,0,False,False,0.2956532010394519,0.7043467989605481,Toujours inscrit
7410418,Bac+1,"Arts, audiovisuel, culture",Etudiant,Occitanie,Haute-Garonne (31),30,25,5,60,A,0,0,0,1,0,2,0,0,False,False,0.24108351876927817,0.7589164812307219,Toujours inscrit
9081416,Bac+3,"Action sociale, animation, sciences sociales",Etudiant,Occitanie,Haute-Garonne (31),30,25,5,60,A,1,0,1,0,0,0,0,0,True,True,0.2611582146856503,0.7388417853143497,Toujours inscrit
6645751,3ème,"Arts, audiovisuel, culture",_ETUDIANT / ÉLÈVE,Occitanie,Haute-Garonne (31),30,25,5,60,A,0,0,0,1,0,1,0,0,False,False,0.1773134328358209,0.8226865671641791,Toujours inscrit
5469378,Bac+3,Luxe,"En recherche d'emploi, de stage / Jeune diplômé",Occitanie,Haute-Garonne (31),30,25,5,60,A,0,0,0,1,0,1,0,0,False,False,0.21565372312426612,0.7843462768757339,Toujours inscrit
5865855,Bac+2,"Communication, information, journalisme",_ETUDIANT / ÉLÈVE,Occitanie,Haute-Garonne (31),30,25,5,60,A,0,0,0,1,0,2,0,0,False,False,0.22496648084115448,0.7750335191588456,Toujours inscrit
9097392,Terminale,"Lettres, langues et sciences humaines","En recherche d'emploi, de stage / Jeune diplômé",Occitanie,Haute-Garonne (31),30,25,5,60,A,0,0,0,1,0,1,0,0,False,False,0.24108351876927817,0.7589164812307219,Toujours inscrit
5640805,Bac+2,"Commerce, vente, marketing",_ETUDIANT / ÉLÈVE,Occitanie,Haute-Garonne (31),30,25,5,60,A,0,0,0,1,0,1,0,0,False,False,0.2956532010394519,0.7043467989605481,Toujours inscrit
8007881,Bac+3,"Commerce, vente, marketing",Etudiant,Occitanie,Haute-Garonne (31),30,25,5,60,A,0,0,0,2,0,2,0,0,False,False,0.24108351876927817,0.7589164812307219,Toujours inscrit
7627286,Bac+3,"Communication, information, journalisme",Etudiant,Occitanie,Haute-Garonne (31),30,25,5,60,A,0,0,0,1,0,6,0,0,False,False,0.21911053219203572,0.7808894678079643,Toujours inscrit
6860908,Première,Economie,Lycéen,Occitanie,Haute-Garonne (31),30,25,5,60,A,0,0,0,1,0,2,0,0,False,False,0.24108351876927817,0.7589164812307219,Toujours inscrit
7513404,Terminale,"Lettres, langues et sciences humaines",Lycéen,Auvergne-Rhône-Alpes,Haute-Savoie (74),30,25,5,60,A,0,0,0,1,0,2,0,0,False,False,0.16246539414250327,0.8375346058574967,Toujours inscrit
5974829,Terminale,Je ne sais pas quoi faire,Parent,Auvergne-Rhône-Alpes,Haute-Savoie (74),30,15,15,60,A,1,1,1,22,0,35,0,0,False,True,0.20452316076294277,0.7954768392370573,Toujours inscrit
7521265,Terminale,"Banque, assurance, finance, immobilier",_ETUDIANT / ÉLÈVE,Auvergne-Rhône-Alpes,Haute-Savoie (74),30,25,5,60,A,0,0,0,2,0,3,0,0,False,False,0.20073999587458746,0.7992600041254125,Toujours inscrit
4996910,CAP/BEP,"Lettres, langues et sciences humaines",_ETUDIANT / ÉLÈVE,Auvergne-Rhône-Alpes,Haute-Savoie (74),30,25,5,60,A,0,0,0,1,0,2,0,0,False,False,0.21303962922460032,0.7869603707753997,Toujours inscrit
7377678,Bac+2,"Digital, Informatique, multimédia",_ETUDIANT / ÉLÈVE,Auvergne-Rhône-Alpes,Haute-Savoie (74),30,25,5,60,A,0,0,0,1,0,2,0,0,False,False,0.13858034486406431,0.8614196551359357,Toujours inscrit
7502709,Première,"Arts, audiovisuel, culture",Lycéen,Auvergne-Rhône-Alpes,Haute-Savoie (74),30,25,5,60,A,0,0,0,1,0,2,0,0,False,False,0.19694405988822233,0.8030559401117777,Toujours inscrit
7563705,4ème,"Arts, audiovisuel, culture",Parent,Auvergne-Rhône-Alpes,Haute-Savoie (74),30,25,5,60,A,1,0,1,0,0,3,0,0,False,False,0.16314569987733407,0.8368543001226659,Toujours inscrit
8853150,Première,"Droit, science politique, administration publique",_ETUDIANT / ÉLÈVE,Auvergne-Rhône-Alpes,Haute-Savoie (74),30,25,5,60,A,1,0,1,0,0,3,0,0,True,True,0.27435387673956263,0.7256461232604374,Toujours inscrit
5242924,Seconde Générale et Technologique,"International, études à l'étranger",_ETUDIANT / ÉLÈVE,Île-de-France,Hauts-de-Seine (92),30,25,5,60,A,0,0,0,1,0,1,0,0,False,False,0.4243122501763461,0.5756877498236539,Toujours inscrit
6748796,Bac +5 et au delà,"Commerce, vente, marketing",Parent,Île-de-France,Hauts-de-Seine (92),30,25,5,60,A,0,0,0,2,0,4,0,0,False,False,0.3781813068718237,0.6218186931281763,Toujours inscrit
6872500,Bac+3,"Santé, paramédical",Etudiant,Île-de-France,Hauts-de-Seine (92),30,25,5,60,A,0,0,0,1,0,1,0,0,False,False,0.4747342809578691,0.5252657190421309,Toujours inscrit
7361399,Terminale,Je ne sais pas quoi faire,_ETUDIANT / ÉLÈVE,Île-de-France,Hauts-de-Seine (92),30,15,15,60,A,1,1,5,5,0,2,0,0,False,False,0.17129959610358755,0.8287004038964124,Toujours inscrit
7617370,Bac+2,Luxe,_ETUDIANT / ÉLÈVE,Île-de-France,Hauts-de-Seine (92),30,25,5,60,A,0,0,0,1,0,2,0,0,False,False,0.4747342809578691,0.5252657190421309,Toujours inscrit
7544702,Première,Luxe,_ETUDIANT / ÉLÈVE,Île-de-France,Hauts-de-Seine (92),30,25,5,60,A,0,0,0,1,0,2,0,0,False,False,0.3781813068718237,0.6218186931281763,Toujours inscrit
8611477,Terminale,"Arts, audiovisuel, culture",_ETUDIANT / ÉLÈVE,Île-de-France,Hauts-de-Seine (92),30,25,5,60,A,1,0,1,0,0,2,0,0,False,False,0.3557320301364284,0.6442679698635716,Toujours inscrit
8609526,Seconde Générale et Technologique,"Armée, défense, sécurité",Lycéen,Île-de-France,Hauts-de-Seine (92),30,25,5,60,A,0,0,0,5,0,65,0,0,True,True,0.4747342809578691,0.5252657190421309,Toujours inscrit
7993728,3ème,"Lettres, langues et sciences humaines",_ETUDIANT / ÉLÈVE,Île-de-France,Hauts-de-Seine (92),30,25,5,60,A,0,0,0,1,0,2,0,0,False,False,0.10813891362422083,0.8918610863757792,Toujours inscrit
9014870,Bac+4,"Sciences de la matière (chimie, physique, matériaux, optique…)",_ETUDIANT / ÉLÈVE,Île-de-France,Hauts-de-Seine (92),30,25,5,60,A,0,0,0,1,0,1,0,0,False,False,0.41135798912456334,0.5886420108754367,Toujours inscrit
6469770,Terminale technologique,"Commerce, vente, marketing",_ETUDIANT / ÉLÈVE,Île-de-France,Hauts-de-Seine (92),30,25,5,60,A,1,0,1,0,0,0,0,0,,,0.27706531464360273,0.7229346853563973,Toujours inscrit
7460359,Bac+4,"Action sociale, animation, sciences sociales",_ETUDIANT / ÉLÈVE,Île-de-France,Hauts-de-Seine (92),30,25,5,60,A,0,0,0,2,0,2,0,0,False,False,0.17129959610358755,0.8287004038964124,Toujours inscrit
6409569,Terminale,"Sciences de la matière (chimie, physique, matériaux, optique…)",_ETUDIANT / ÉLÈVE,Île-de-France,Hauts-de-Seine (92),30,25,5,60,A,1,0,1,0,0,0,0,0,,,0.41135798912456334,0.5886420108754367,Toujours inscrit
8488139,Terminale Pro,"Banque, assurance, finance, immobilier",_ETUDIANT / ÉLÈVE,Île-de-France,Hauts-de-Seine (92),30,25,5,60,A,0,0,0,1,0,92,0,0,True,False,0.265477515852655,0.734522484147345,Toujours inscrit
7472242,Bac +5 et au delà,"Action sociale, animation, sciences sociales","En recherche d'emploi, de stage / Jeune diplômé",Île-de-France,Hauts-de-Seine (92),30,25,5,60,A,0,0,0,1,0,2,0,0,False,False,0.19307177958591798,0.806928220414082,Toujours inscrit
6568077,Terminale,"Droit, science politique, administration publique",_ETUDIANT / ÉLÈVE,Île-de-France,Hauts-de-Seine (92),30,25,5,60,A,0,0,0,3,0,3,0,0,False,False,0.397253140662631,0.602746859337369,Toujours inscrit
6338364,Seconde Générale et Technologique,Sport,_ETUDIANT / ÉLÈVE,Île-de-France,Hauts-de-Seine (92),30,25,5,60,A,1,0,1,0,0,0,0,0,,,0.4438232161874334,0.5561767838125665,Toujours inscrit
6527830,Terminale,"Droit, science politique, administration publique",Lycéen,Île-de-France,Hauts-de-Seine (92),30,25,5,60,A,1,0,1,0,0,2,0,0,False,False,0.265477515852655,0.734522484147345,Toujours inscrit
6739652,Terminale,Economie,_ETUDIANT / ÉLÈVE,Île-de-France,Hauts-de-Seine (92),30,25,5,60,A,0,0,0,1,0,2,0,0,False,False,0.4747342809578691,0.5252657190421309,Toujours inscrit
8239961,Première,Economie,Lycéen,Île-de-France,Hauts-de-Seine (92),30,25,5,60,A,0,0,0,1,0,165,0,0,True,True,0.19307177958591798,0.806928220414082,Toujours inscrit
6478544,Bac+3,"Communication, information, journalisme",Etudiant,Île-de-France,Hauts-de-Seine (92),30,25,5,60,A,1,0,1,0,0,0,0,0,,,0.3781813068718237,0.6218186931281763,Toujours inscrit
5224783,Première,"Droit, science politique, administration publique",Lycéen,Île-de-France,Hauts-de-Seine (92),30,25,5,60,A,0,0,0,4,0,167,0,0,True,True,0.26254036108963574,0.7374596389103643,Toujours inscrit
6738194,Première,"Cosmétique, esthétique, soins personnels",Lycéen,Île-de-France,Hauts-de-Seine (92),30,25,5,60,A,0,0,0,2,0,101,0,0,True,True,0.397253140662631,0.602746859337369,Toujours inscrit
5392470,Bac+4,"International, études à l'étranger",_ETUDIANT / ÉLÈVE,Île-de-France,Hauts-de-Seine (92),30,25,5,60,A,0,0,0,1,0,1,0,0,False,False,0.37857869874990213,0.6214213012500979,Toujours inscrit
9087201,4ème,"Santé, paramédical",Collégien,Île-de-France,Hauts-de-Seine (92),30,25,5,60,A,0,0,0,1,0,3,0,0,True,False,0.41135798912456334,0.5886420108754367,Toujours inscrit
4976065,Bac+1,"Armée, défense, sécurité","En recherche d'emploi, de stage / Jeune diplômé",Île-de-France,Hauts-de-Seine (92),30,25,5,60,A,0,0,0,1,0,9,0,0,False,True,0.3084548282803636,0.6915451717196365,Toujours inscrit
6322329,Bac+1,"Tourisme, hôtellerie, restauration",Etudiant,Île-de-France,Hauts-de-Seine (92),30,25,5,60,A,0,0,0,1,0,87,0,0,True,True,0.3781813068718237,0.6218186931281763,Toujours inscrit
7564549,Bac+3,"Comptabilité, gestion, ressources humaines",_ETUDIANT / ÉLÈVE,Île-de-France,Hauts-de-Seine (92),30,25,5,60,A,1,0,1,0,0,3,0,0,False,False,0.33152022315202234,0.6684797768479777,Toujours inscrit
7083076,Bac+4,"Comptabilité, gestion, ressources humaines",Etudiant,Île-de-France,Hauts-de-Seine (92),30,25,5,60,A,1,0,1,0,0,4,0,0,False,False,0.39509715503812415,0.6049028449618759,Toujours inscrit
7576930,Terminale,"Mécanique, aéronautique, automobile",_ETUDIANT / ÉLÈVE,Île-de-France,Hauts-de-Seine (92),30,25,5,60,A,0,0,0,2,0,2,0,0,False,False,0.4243122501763461,0.5756877498236539,Toujours inscrit
6235400,Première,"Sciences de la Terre (environnement, agriculture, agronomie ...)",_ETUDIANT / ÉLÈVE,Île-de-France,Hauts-de-Seine (92),30,25,5,60,A,1,0,1,0,0,0,0,0,,,0.39509715503812415,0.6049028449618759,Toujours inscrit
5624191,Bac+3,"Commerce, vente, marketing",Collégien,Île-de-France,Hauts-de-Seine (92),30,25,5,60,A,0,0,0,1,0,1,0,0,False,False,0.41135798912456334,0.5886420108754367,Toujours inscrit
6568388,Terminale,"Armée, défense, sécurité",_ETUDIANT / ÉLÈVE,Occitanie,Hérault (34),30,25,5,60,A,0,0,0,2,0,2,0,0,False,False,0.15598765875008969,0.8440123412499103,Toujours inscrit
7833873,Bac+4,"Commerce, vente, marketing",Etudiant,Occitanie,Hérault (34),30,25,5,60,A,0,0,0,2,0,2,0,0,False,False,0.17950108177149857,0.8204989182285014,Toujours inscrit
6623258,Bac+1,"Action sociale, animation, sciences sociales",_ETUDIANT / ÉLÈVE,Occitanie,Hérault (34),30,25,5,60,A,0,0,0,1,0,1,0,0,False,False,0.17950108177149857,0.8204989182285014,Toujours inscrit
8368303,Bac+4,"Comptabilité, gestion, ressources humaines",Etudiant,Occitanie,Hérault (34),30,25,5,60,A,0,0,0,5,0,17,0,0,True,True,0.17950108177149857,0.8204989182285014,Toujours inscrit
8936355,Terminale technologique,"Commerce, vente, marketing",Lycéen,Occitanie,Hérault (34),30,25,5,60,A,1,0,1,0,0,3,0,0,True,True,0.16605794984173364,0.8339420501582664,Toujours inscrit
8220976,Première,"Droit, science politique, administration publique",_ETUDIANT / ÉLÈVE,Occitanie,Hérault (34),30,25,5,60,A,0,0,0,2,0,138,0,0,True,True,0.17950108177149857,0.8204989182285014,Toujours inscrit
6418756,Bac+3,"Communication, information, journalisme",Etudiant,Occitanie,Hérault (34),30,25,5,60,A,0,0,0,3,0,3,0,0,False,False,0.14153710765620417,0.8584628923437958,Toujours inscrit
7795396,Seconde Générale et Technologique,"Architecture, géographie, aménagement",_ETUDIANT / ÉLÈVE,Occitanie,Hérault (34),30,25,5,60,A,0,0,0,1,0,2,0,0,False,False,0.2336104892868564,0.7663895107131435,Toujours inscrit
6815097,Bac+3,Economie,Etudiant,Occitanie,Hérault (34),30,25,5,60,A,0,0,0,1,0,256,0,0,True,False,0.17950108177149857,0.8204989182285014,Toujours inscrit
7526314,Terminale,Economie,_ETUDIANT / ÉLÈVE,Occitanie,Hérault (34),30,25,5,60,A,0,0,0,1,0,4,0,0,False,False,0.13637909052273695,0.8636209094772631,Toujours inscrit
7154429,Bac+3,(Vide),_ETUDIANT / ÉLÈVE,Occitanie,Hérault (34),30,15,15,60,A,1,1,1,37,0,151,0,0,True,True,0.25206991720331184,0.7479300827966882,Toujours inscrit
7653689,CAP/BEP,"Education, formation",Parent,Occitanie,Hérault (34),30,25,5,60,A,0,0,0,1,0,2,0,0,False,False,0.14153710765620417,0.8584628923437958,Toujours inscrit
7383649,Terminale Pro,"Armée, défense, sécurité",_ETUDIANT / ÉLÈVE,Occitanie,Hérault (34),30,25,5,60,A,0,0,0,1,0,2,0,0,False,False,0.15539858728557013,0.8446014127144299,Toujours inscrit
9034581,Première technologique,"Commerce, vente, marketing",_ETUDIANT / ÉLÈVE,Occitanie,Hérault (34),30,25,5,60,A,0,0,0,1,0,1,0,0,False,False,0.17950108177149857,0.8204989182285014,Toujours inscrit
8848745,Première technologique,Sport,_ETUDIANT / ÉLÈVE,Bretagne,Ille-et-Vilaine (35),30,25,5,60,A,1,0,1,0,0,1,0,0,False,False,0.1205648404683171,0.8794351595316829,Toujours inscrit
7269839,Bac +5 et au delà,"Vétérinaire, soins aux animaux",_ETUDIANT / ÉLÈVE,Bretagne,Ille-et-Vilaine (35),30,25,5,60,A,0,0,0,1,0,2,0,0,False,False,0.08909952606635071,0.9109004739336493,Toujours inscrit
5380953,Seconde Générale et Technologique,"Commerce, vente, marketing",Lycéen,Bretagne,Ille-et-Vilaine (35),30,25,5,60,A,1,0,1,0,0,0,0,0,,,0.15331479321790617,0.8466852067820938,Toujours inscrit
8828101,Première,(Vide),_ETUDIANT / ÉLÈVE,Bretagne,Ille-et-Vilaine (35),30,15,15,60,A,1,1,1,2,1,2,0,0,False,True,0.16679314008195478,0.8332068599180452,Toujours inscrit
7519007,Bac+2,"Armée, défense, sécurité",_ETUDIANT / ÉLÈVE,Bretagne,Ille-et-Vilaine (35),30,25,5,60,A,0,0,0,2,0,5,0,0,False,False,0.11545226130653266,0.8845477386934674,Toujours inscrit
6010681,Bac+2,"Armée, défense, sécurité",_ETUDIANT / ÉLÈVE,Bretagne,Ille-et-Vilaine (35),30,25,5,60,A,1,0,1,0,0,0,0,0,,,0.20305434804517694,0.796945651954823,Toujours inscrit
6560744,4ème,"Commerce, vente, marketing",Collégien,Bretagne,Ille-et-Vilaine (35),30,25,5,60,A,0,0,0,1,0,1,0,0,False,False,0.1696455168305034,0.8303544831694966,Toujours inscrit
6649676,Bac+1,"Education, formation",_ETUDIANT / ÉLÈVE,Bretagne,Ille-et-Vilaine (35),30,25,5,60,A,0,0,0,1,0,1,0,0,False,False,0.20305434804517694,0.796945651954823,Toujours inscrit
5138485,CAP/BEP,"International, études à l'étranger",_ETUDIANT / ÉLÈVE,Bretagne,Ille-et-Vilaine (35),30,25,5,60,A,0,0,0,5,0,81,0,0,True,True,0.20305434804517694,0.796945651954823,Toujours inscrit
5845096,Terminale,"Droit, science politique, administration publique",Lycéen,Bretagne,Ille-et-Vilaine (35),30,25,5,60,A,0,0,0,1,0,1,0,0,False,False,0.13338595106550907,0.8666140489344909,Toujours inscrit
8869812,Première,Luxe,Lycéen,Bretagne,Ille-et-Vilaine (35),30,25,5,60,A,0,0,0,2,0,5,0,0,True,True,0.14285714285714285,0.8571428571428571,Toujours inscrit
6352366,Seconde Générale et Technologique,"Armée, défense, sécurité",_ETUDIANT / ÉLÈVE,Bretagne,Ille-et-Vilaine (35),30,25,5,60,A,1,0,1,0,0,2,0,0,False,False,0.24556168879606147,0.7544383112039386,Toujours inscrit
8342500,Terminale,Economie,Lycéen,Bretagne,Ille-et-Vilaine (35),30,25,5,60,A,0,0,0,1,0,2,0,0,False,False,0.16935816099530362,0.8306418390046963,Toujours inscrit
5819150,Terminale,"Communication, information, journalisme",_ETUDIANT / ÉLÈVE,Bretagne,Ille-et-Vilaine (35),30,25,5,60,A,0,0,0,1,0,1,0,0,False,False,0.12618914381645216,0.8738108561835478,Toujours inscrit
8857800,Seconde Générale et Technologique,Je ne sais pas quoi faire,Parent,Bretagne,Ille-et-Vilaine (35),30,15,15,60,A,1,1,1,1,1,1,0,0,False,False,0.3023343373493976,0.6976656626506024,Toujours inscrit
5113356,Terminale,"Armée, défense, sécurité",_ETUDIANT / ÉLÈVE,Bretagne,Ille-et-Vilaine (35),30,25,5,60,A,0,0,0,2,0,72,0,0,True,True,0.2851072049449488,0.7148927950550512,Toujours inscrit
7535911,Bac+4,Technologie industrielle,_ETUDIANT / ÉLÈVE,Bretagne,Ille-et-Vilaine (35),30,25,5,60,A,0,0,0,1,0,2,0,0,False,False,0.3023343373493976,0.6976656626506024,Toujours inscrit
9016951,Bac+3,"Commerce, vente, marketing",_ETUDIANT / ÉLÈVE,Bretagne,Ille-et-Vilaine (35),30,25,5,60,A,0,0,0,1,0,1,0,0,False,False,0.17127882599580713,0.8287211740041929,Toujours inscrit
8550080,3ème,Je ne sais pas quoi faire,Parent,Centre-Val de Loire,Indre-et-Loire (37),30,15,15,60,A,1,1,1,2,1,2,0,0,False,False,0.22691921726041145,0.7730807827395886,Toujours inscrit
8029121,3ème,"Lettres, langues et sciences humaines",Parent,Centre-Val de Loire,Indre-et-Loire (37),30,25,5,60,A,0,0,0,2,0,2,0,0,False,False,0.18497652582159624,0.8150234741784037,Toujours inscrit
6740765,Terminale,"Architecture, géographie, aménagement",_ETUDIANT / ÉLÈVE,Centre-Val de Loire,Indre-et-Loire (37),30,25,5,60,A,0,0,0,1,0,1,0,0,False,False,0.14627949183303085,0.8537205081669691,Toujours inscrit
7584579,3ème,Luxe,Collégien,Centre-Val de Loire,Indre-et-Loire (37),30,25,5,60,A,0,0,0,5,0,14,0,0,False,False,0.11515591007976794,0.884844089920232,Toujours inscrit
5031339,3ème,"Digital, Informatique, multimédia",Collégien,Centre-Val de Loire,Indre-et-Loire (37),30,25,5,60,A,0,0,0,2,0,2,0,0,False,False,0.18935965994789525,0.8106403400521047,Toujours inscrit
7119972,3ème,"Tourisme, hôtellerie, restauration",Collégien,Centre-Val de Loire,Indre-et-Loire (37),30,25,5,60,A,0,0,0,1,0,1,0,0,False,False,0.1444817028721388,0.8555182971278612,Toujours inscrit
6673841,Première,"Armée, défense, sécurité",_ETUDIANT / ÉLÈVE,Centre-Val de Loire,Indre-et-Loire (37),30,25,5,60,A,0,0,0,1,0,1,0,0,False,False,0.1390855634225369,0.8609144365774631,Toujours inscrit
8492868,Bac+1,"Vétérinaire, soins aux animaux",Etudiant,Centre-Val de Loire,Indre-et-Loire (37),30,25,5,60,A,0,0,0,1,0,12,0,0,False,False,0.1752647298398045,0.8247352701601955,Toujours inscrit
6236539,Bac+1,"Education, formation",_ETUDIANT / ÉLÈVE,Auvergne-Rhône-Alpes,Isère (38),30,25,5,60,A,1,0,1,0,0,0,0,0,,,0.20528181929331213,0.7947181807066879,Toujours inscrit
5390255,Terminale,Economie,_ETUDIANT / ÉLÈVE,Auvergne-Rhône-Alpes,Isère (38),30,25,5,60,A,0,0,0,1,0,3,0,0,False,False,0.3607374943327792,0.6392625056672208,Toujours inscrit
8060544,Terminale,"Communication, information, journalisme",_ETUDIANT / ÉLÈVE,Auvergne-Rhône-Alpes,Isère (38),30,25,5,60,A,0,0,0,3,0,214,0,0,True,True,0.1245272039569392,0.8754727960430608,Toujours inscrit
5387326,Terminale,"International, études à l'étranger",Lycéen,Auvergne-Rhône-Alpes,Isère (38),30,25,5,60,A,0,0,0,1,0,1,0,0,False,False,0.33898809523809526,0.6610119047619047,Toujours inscrit
7124181,Terminale,Economie,Parent,Auvergne-Rhône-Alpes,Isère (38),30,25,5,60,A,1,0,1,0,0,1,0,0,True,True,0.18374535040653084,0.8162546495934692,Toujours inscrit
7963151,Bac +5 et au delà,Luxe,_ETUDIANT / ÉLÈVE,Auvergne-Rhône-Alpes,Isère (38),30,25,5,60,A,0,0,0,1,0,2,0,0,False,False,0.16820848375451264,0.8317915162454874,Toujours inscrit
6209127,Seconde Générale et Technologique,"Action sociale, animation, sciences sociales",_ETUDIANT / ÉLÈVE,Auvergne-Rhône-Alpes,Isère (38),30,25,5,60,A,1,0,1,0,0,0,0,0,,,0.12726942628903412,0.8727305737109659,Toujours inscrit
8464983,Première,"Arts, audiovisuel, culture",Lycéen,Auvergne-Rhône-Alpes,Isère (38),30,25,5,60,A,0,0,0,1,0,2,0,0,False,False,0.23902151488358384,0.7609784851164162,Toujours inscrit
8719080,Terminale,"Tourisme, hôtellerie, restauration",Parent,Auvergne-Rhône-Alpes,Isère (38),30,25,5,60,A,1,0,1,0,0,1,0,0,False,False,0.14563983488132096,0.8543601651186791,Toujours inscrit
6768840,Bac+4,"Sciences de la Terre (environnement, agriculture, agronomie ...)",_ETUDIANT / ÉLÈVE,Auvergne-Rhône-Alpes,Isère (38),30,25,5,60,A,0,0,0,4,0,164,0,0,True,True,0.16364990689013034,0.8363500931098696,Toujours inscrit
8058424,3ème,"Arts, audiovisuel, culture",_ETUDIANT / ÉLÈVE,Auvergne-Rhône-Alpes,Isère (38),30,25,5,60,A,0,0,0,2,0,2,0,0,False,False,0.15449377563502914,0.8455062243649708,Toujours inscrit
6214292,Terminale technologique,"Commerce, vente, marketing",Lycéen,Auvergne-Rhône-Alpes,Isère (38),30,25,5,60,A,1,0,1,0,0,0,0,0,,,0.26145900581020015,0.7385409941897999,Toujours inscrit
6234931,Terminale technologique,Luxe,Lycéen,Auvergne-Rhône-Alpes,Isère (38),30,25,5,60,A,1,0,1,0,0,2,0,0,False,False,0.23328276344964408,0.766717236550356,Toujours inscrit
6785897,Bac+3,"Digital, Informatique, multimédia",_ETUDIANT / ÉLÈVE,Auvergne-Rhône-Alpes,Isère (38),30,25,5,60,A,0,0,0,1,0,1,0,0,False,False,0.23902151488358384,0.7609784851164162,Toujours inscrit
8392149,Terminale,"Droit, science politique, administration publique",Lycéen,La Réunion,La Réunion (974),30,25,5,60,A,0,0,0,2,0,2,0,0,False,False,0.0904296026640743,0.9095703973359257,Toujours inscrit
7382869,Bac+3,"Education, formation",_ETUDIANT / ÉLÈVE,La Réunion,La Réunion (974),30,25,5,60,A,0,0,0,2,0,2,0,0,False,False,0.07548118557421013,0.9245188144257899,Toujours inscrit
7586433,Première,"Santé, paramédical",_ETUDIANT / ÉLÈVE,La Réunion,La Réunion (974),30,25,5,60,A,0,0,0,2,0,2,0,0,False,False,0.11878732200275609,0.8812126779972439,Toujours inscrit
7635277,Terminale Pro,"Action sociale, animation, sciences sociales",Parent,La Réunion,La Réunion (974),30,25,5,60,A,0,0,0,2,0,2,0,0,True,False,0.06844497812848443,0.9315550218715156,Toujours inscrit
7050565,3ème,Sport,Collégien,La Réunion,La Réunion (974),30,25,5,60,A,0,0,0,2,0,2,0,0,False,False,0.11878732200275609,0.8812126779972439,Toujours inscrit
7572397,Terminale,"International, études à l'étranger",_ETUDIANT / ÉLÈVE,La Réunion,La Réunion (974),30,25,5,60,A,0,0,0,2,0,2,0,0,False,False,0.12163867035225742,0.8783613296477426,Toujours inscrit
7007278,Bac+1,"Secretariat, assistant de gestion",Etudiant,Auvergne-Rhône-Alpes,Loire (42),30,25,5,60,A,1,0,1,0,0,2,0,0,False,False,0.14455213903743316,0.8554478609625669,Toujours inscrit
7580776,Terminale,"Energie, électricité",Lycéen,Auvergne-Rhône-Alpes,Loire (42),30,25,5,60,A,0,0,0,1,0,2,0,0,False,False,0.18817966903073285,0.8118203309692671,Toujours inscrit
5870035,3ème,"Architecture, géographie, aménagement",_ETUDIANT / ÉLÈVE,Auvergne-Rhône-Alpes,Loire (42),30,25,5,60,A,0,0,0,1,0,1,0,0,False,False,0.13762465468936738,0.8623753453106326,Toujours inscrit
7906097,Terminale Pro,"Energie, électricité",Lycéen,Auvergne-Rhône-Alpes,Loire (42),30,25,5,60,A,0,0,0,1,0,2,0,0,False,False,0.14694148936170212,0.8530585106382979,Toujours inscrit
7551711,Terminale Générale Agricole,"Arts, audiovisuel, culture",_ETUDIANT / ÉLÈVE,Auvergne-Rhône-Alpes,Loire (42),30,25,5,60,A,0,0,0,2,0,2,0,0,False,False,0.11476173831993476,0.8852382616800653,Toujours inscrit
5383312,Bac+2,"Commerce, vente, marketing",Parent,Auvergne-Rhône-Alpes,Loire (42),30,25,5,60,A,0,0,0,1,0,1,0,0,False,False,0.22433112279899384,0.7756688772010062,Toujours inscrit
6952192,Bac+4,"Droit, science politique, administration publique",Etudiant,Pays de la Loire,Loire-Atlantique (44),30,25,5,60,A,0,0,0,1,0,1,0,0,False,False,0.16593921117371638,0.8340607888262837,Toujours inscrit
4641399,Terminale,"Arts, audiovisuel, culture",_ETUDIANT / ÉLÈVE,Pays de la Loire,Loire-Atlantique (44),30,25,5,60,A,1,0,1,0,0,3,0,0,True,True,0.2644320297951583,0.7355679702048417,Toujours inscrit
6723026,Bac+1,"Droit, science politique, administration publique",_ETUDIANT / ÉLÈVE,Pays de la Loire,Loire-Atlantique (44),30,25,5,60,A,0,0,0,2,0,2,0,0,False,False,0.23244402813032358,0.7675559718696764,Toujours inscrit
6179148,Bac+1,Technologie industrielle,Etudiant,Pays de la Loire,Loire-Atlantique (44),30,25,5,60,A,1,0,1,0,0,0,0,0,,,0.23244402813032358,0.7675559718696764,Toujours inscrit
7496154,Bac+3,Economie,_ETUDIANT / ÉLÈVE,Pays de la Loire,Loire-Atlantique (44),30,25,5,60,A,0,0,0,2,0,2,0,0,False,False,0.23244402813032358,0.7675559718696764,Toujours inscrit
8744254,3ème,"Action sociale, animation, sciences sociales",Parent,Pays de la Loire,Loire-Atlantique (44),30,25,5,60,A,1,0,1,0,0,1,0,0,False,False,0.15452143526804737,0.8454785647319526,Toujours inscrit
5399881,Première,"Sciences de la matière (chimie, physique, matériaux, optique…)",_ETUDIANT / ÉLÈVE,Pays de la Loire,Loire-Atlantique (44),30,25,5,60,A,1,0,1,0,0,0,0,0,,,0.23244402813032358,0.7675559718696764,Toujours inscrit
7013781,Terminale Pro,"Santé, paramédical",_ETUDIANT / ÉLÈVE,Pays de la Loire,Loire-Atlantique (44),30,25,5,60,A,1,0,1,0,0,1,0,0,False,False,0.17253989361702127,0.8274601063829787,Toujours inscrit
5255550,Bac+2,"Digital, Informatique, multimédia",_ETUDIANT / ÉLÈVE,Pays de la Loire,Loire-Atlantique (44),30,25,5,60,A,0,0,0,2,0,2,0,0,False,False,0.21627598407784165,0.7837240159221583,Toujours inscrit
7651491,Première technologique,"Banque, assurance, finance, immobilier",_ETUDIANT / ÉLÈVE,Pays de la Loire,Loire-Atlantique (44),30,25,5,60,A,0,0,0,2,0,2,0,0,False,False,0.09566211910791601,0.904337880892084,Toujours inscrit
7975440,3ème,Je ne sais pas quoi faire,_ETUDIANT / ÉLÈVE,Pays de la Loire,Loire-Atlantique (44),30,15,15,60,A,1,1,2,2,0,2,0,0,False,False,0.16790034302220616,0.8320996569777939,Toujours inscrit
6189846,Première,"Digital, Informatique, multimédia",_ETUDIANT / ÉLÈVE,Pays de la Loire,Loire-Atlantique (44),30,25,5,60,A,1,0,1,0,0,0,0,0,,,0.24796362947527942,0.7520363705247206,Toujours inscrit
6665317,Bac +5 et au delà,"Mécanique, aéronautique, automobile",_ETUDIANT / ÉLÈVE,Pays de la Loire,Loire-Atlantique (44),30,25,5,60,A,0,0,0,1,0,1,0,0,False,False,0.1324172235341406,0.8675827764658595,Toujours inscrit
8513968,Bac+1,Sport,Etudiant,Pays de la Loire,Loire-Atlantique (44),30,25,5,60,A,0,0,0,2,0,67,0,0,True,False,0.17271448663853728,0.8272855133614627,Toujours inscrit
5043503,Première,"Tourisme, hôtellerie, restauration",_ETUDIANT / ÉLÈVE,Pays de la Loire,Loire-Atlantique (44),30,25,5,60,A,0,0,0,2,0,2,0,0,False,False,0.1963337330820627,0.8036662669179373,Toujours inscrit
8225506,Bac+3,"Droit, science politique, administration publique",Etudiant,Pays de la Loire,Loire-Atlantique (44),30,25,5,60,A,0,0,0,1,0,2,0,0,False,False,0.1455567702639388,0.8544432297360612,Toujours inscrit
5417141,Première,"Sciences de la vie (biologie, biotechnologies...)",Lycéen,Pays de la Loire,Loire-Atlantique (44),30,25,5,60,A,1,0,1,0,0,0,0,0,,,0.21627598407784165,0.7837240159221583,Toujours inscrit
5543272,Bac+1,"Digital, Informatique, multimédia",Etudiant,Pays de la Loire,Loire-Atlantique (44),30,25,5,60,A,0,0,0,1,0,1,0,0,False,False,0.23244402813032358,0.7675559718696764,Toujours inscrit
4975825,Seconde Générale et Technologique,"Lettres, langues et sciences humaines",_ETUDIANT / ÉLÈVE,Pays de la Loire,Loire-Atlantique (44),30,25,5,60,A,0,0,0,2,0,2,0,0,False,False,0.1324172235341406,0.8675827764658595,Toujours inscrit
7024586,Seconde Générale et Technologique,Je ne sais pas quoi faire,Lycéen,Pays de la Loire,Loire-Atlantique (44),30,15,15,60,A,1,1,5,5,0,2,0,0,False,False,0.15548357242017585,0.8445164275798241,Toujours inscrit
8299495,Bac+2,"Electronique, automatique",_ETUDIANT / ÉLÈVE,Pays de la Loire,Loire-Atlantique (44),30,25,5,60,A,0,0,0,2,0,2,0,0,False,False,0.207726655018443,0.792273344981557,Toujours inscrit
7369897,5ème,"Action sociale, animation, sciences sociales",Parent,Pays de la Loire,Loire-Atlantique (44),30,25,5,60,A,0,0,0,2,0,2,0,0,False,False,0.19545709478407178,0.8045429052159282,Toujours inscrit
8433132,Terminale,"Comptabilité, gestion, ressources humaines",_ETUDIANT / ÉLÈVE,Pays de la Loire,Loire-Atlantique (44),30,25,5,60,A,0,0,0,2,0,2,0,0,False,False,0.14336115652697703,0.856638843473023,Toujours inscrit
7867401,3ème,(Vide),_ETUDIANT / ÉLÈVE,Pays de la Loire,Loire-Atlantique (44),30,10,20,60,A,1,0,1,80,1,109,0,0,True,True,0.23244402813032358,0.7675559718696764,Toujours inscrit
6159118,Première,"Architecture, géographie, aménagement",_ETUDIANT / ÉLÈVE,Pays de la Loire,Loire-Atlantique (44),30,25,5,60,A,1,0,1,0,0,0,0,0,True,True,0.18012117242508596,0.819878827574914,Toujours inscrit
5335076,Seconde Générale et Technologique,Economie,Lycéen,Pays de la Loire,Loire-Atlantique (44),30,25,5,60,A,0,0,0,1,0,11,0,0,True,True,0.23244402813032358,0.7675559718696764,Toujours inscrit
7721844,Bac+2,"Santé, paramédical",Etudiant,Pays de la Loire,Loire-Atlantique (44),30,25,5,60,A,0,0,0,1,0,2,0,0,False,False,0.1324172235341406,0.8675827764658595,Toujours inscrit
8430917,Seconde Générale et Technologique,"Communication, information, journalisme",_ETUDIANT / ÉLÈVE,Pays de la Loire,Loire-Atlantique (44),30,25,5,60,A,0,0,0,2,0,2,0,0,False,False,0.1455567702639388,0.8544432297360612,Toujours inscrit
9028435,Seconde Générale et Technologique,"Tourisme, hôtellerie, restauration",_ETUDIANT / ÉLÈVE,Pays de la Loire,Loire-Atlantique (44),30,25,5,60,A,0,0,0,1,0,1,0,0,False,False,0.17217378562532054,0.8278262143746795,Toujours inscrit
6859350,Bac+1,"Architecture, géographie, aménagement",Etudiant,Centre-Val de Loire,Loiret (45),30,25,5,60,A,0,0,0,1,0,1,0,0,False,False,0.26554578707565935,0.7344542129243407,Toujours inscrit
5267044,Bac+2,"Lettres, langues et sciences humaines","En recherche d'emploi, de stage / Jeune diplômé",Centre-Val de Loire,Loiret (45),30,25,5,60,A,0,0,0,1,0,1,0,0,False,False,0.17575039494470773,0.8242496050552922,Toujours inscrit
7526049,Terminale,"Sciences de la vie (biologie, biotechnologies...)",_ETUDIANT / ÉLÈVE,Centre-Val de Loire,Loiret (45),30,25,5,60,A,0,0,0,2,0,2,0,0,False,False,0.1850961861164436,0.8149038138835564,Toujours inscrit
6858512,Seconde Générale et Technologique,"Droit, science politique, administration publique",Lycéen,Centre-Val de Loire,Loiret (45),30,25,5,60,A,0,0,0,1,0,2,0,0,False,False,0.1850961861164436,0.8149038138835564,Toujours inscrit
6229141,Terminale,Je ne sais pas quoi faire,Parent,Centre-Val de Loire,Loiret (45),30,15,15,60,A,1,1,1,38,0,94,0,0,True,True,0.1850961861164436,0.8149038138835564,Toujours inscrit
5677019,Bac+2,"Droit, science politique, administration publique",_ETUDIANT / ÉLÈVE,Centre-Val de Loire,Loiret (45),30,25,5,60,A,0,0,0,2,0,2,0,0,False,False,0.12138822951624785,0.8786117704837522,Toujours inscrit
4758004,Bac+3,"Tourisme, hôtellerie, restauration",Etudiant,Centre-Val de Loire,Loiret (45),30,25,5,60,A,0,0,0,1,0,1,0,0,False,False,0.26554578707565935,0.7344542129243407,Toujours inscrit
8448597,Terminale,"Banque, assurance, finance, immobilier",_ETUDIANT / ÉLÈVE,Centre-Val de Loire,Loiret (45),30,25,5,60,A,0,0,0,1,0,2,0,0,False,False,0.186819711062735,0.813180288937265,Toujours inscrit
8704734,4ème,"Arts, audiovisuel, culture",_ETUDIANT / ÉLÈVE,Pays de la Loire,Maine-et-Loire (49),30,25,5,60,A,0,0,0,1,0,1,0,0,False,False,0.1616596585439992,0.8383403414560008,Toujours inscrit
6771625,Bac+1,"Banque, assurance, finance, immobilier",_ETUDIANT / ÉLÈVE,Pays de la Loire,Maine-et-Loire (49),30,25,5,60,A,0,0,0,2,0,3,0,0,False,False,0.10657460222155508,0.8934253977784449,Toujours inscrit
6182774,Terminale,"Santé, paramédical",_ETUDIANT / ÉLÈVE,Pays de la Loire,Maine-et-Loire (49),30,25,5,60,A,1,0,1,0,0,0,0,0,,,0.14014560582423297,0.859854394175767,Toujours inscrit
5114515,Terminale,"Comptabilité, gestion, ressources humaines",Lycéen,Pays de la Loire,Maine-et-Loire (49),30,25,5,60,A,0,0,0,2,0,2,0,0,False,False,0.15413691726165477,0.8458630827383452,Toujours inscrit
7526063,Terminale,Sport,Lycéen,Pays de la Loire,Maine-et-Loire (49),30,25,5,60,A,0,0,0,2,0,4,0,0,False,False,0.18991373589913735,0.8100862641008626,Toujours inscrit
7389475,Seconde Générale et Technologique,"Action sociale, animation, sciences sociales",Lycéen,Pays de la Loire,Maine-et-Loire (49),30,25,5,60,A,0,0,0,1,0,2,0,0,False,False,0.11723944844963953,0.8827605515503605,Toujours inscrit
8448308,Terminale,"Santé, paramédical",Lycéen,Pays de la Loire,Maine-et-Loire (49),30,25,5,60,A,0,0,0,1,0,2,0,0,False,False,0.13019599396941633,0.8698040060305837,Toujours inscrit
7650724,Terminale technologique,"Tourisme, hôtellerie, restauration","En recherche d'emploi, de stage / Jeune diplômé",Pays de la Loire,Maine-et-Loire (49),30,25,5,60,A,0,0,0,2,0,2,0,0,False,False,0.09614325068870523,0.9038567493112948,Toujours inscrit
6861763,3ème,"Sciences de la Terre (environnement, agriculture, agronomie ...)",_ETUDIANT / ÉLÈVE,Pays de la Loire,Maine-et-Loire (49),30,25,5,60,A,0,0,0,1,0,1,0,0,False,False,0.09614325068870523,0.9038567493112948,Toujours inscrit
8807029,Bac+2,"Education, formation",Parent,Normandie,Manche (50),30,25,5,60,A,0,0,0,1,0,1,0,0,False,False,0.143811394891945,0.8561886051080551,Toujours inscrit
7997194,Bac+2,Economie,Etudiant,Normandie,Manche (50),30,25,5,60,A,0,0,0,2,0,2,0,0,False,False,0.09323432343234324,0.9067656765676567,Toujours inscrit
5366612,Première,"Commerce, vente, marketing",Collégien,Normandie,Manche (50),30,25,5,60,A,0,0,0,1,0,1,0,0,False,False,0.12548301810046777,0.8745169818995322,Toujours inscrit
6392667,Bac+2,"Electronique, automatique",Etudiant,Normandie,Manche (50),30,25,5,60,A,1,0,1,0,0,1,0,0,True,True,0.11622047244094488,0.8837795275590551,Toujours inscrit
8797523,Terminale technologique,"Mécanique, aéronautique, automobile",_ETUDIANT / ÉLÈVE,Normandie,Manche (50),30,25,5,60,A,1,0,1,0,0,1,0,0,False,False,0.12938928258619317,0.8706107174138068,Toujours inscrit
5260084,Terminale technologique,"Commerce, vente, marketing",Lycéen,Bretagne,Morbihan (56),30,25,5,60,A,1,0,1,0,0,0,0,0,,,0.17536746071971618,0.8246325392802838,Toujours inscrit
7368723,5ème,Sport,Collégien,Bretagne,Morbihan (56),30,25,5,60,A,0,0,0,2,0,2,0,0,False,False,0.20244996171934815,0.7975500382806519,Toujours inscrit
7491925,Bac +5 et au delà,"Communication, information, journalisme","En recherche d'emploi, de stage / Jeune diplômé",Bretagne,Morbihan (56),30,25,5,60,A,0,0,0,1,0,1,0,0,False,False,0.1915061988921129,0.8084938011078872,Toujours inscrit
8837613,Terminale,Economie,Lycéen,Bretagne,Morbihan (56),30,25,5,60,A,1,0,1,0,0,1,0,0,False,False,0.13228225341280522,0.8677177465871948,Toujours inscrit
7642846,Première,"Tourisme, hôtellerie, restauration",_ETUDIANT / ÉLÈVE,Bretagne,Morbihan (56),30,25,5,60,A,0,0,0,2,0,2,0,0,False,False,0.1450922172100725,0.8549077827899275,Toujours inscrit
8397197,Bac+1,"Cosmétique, esthétique, soins personnels",_ETUDIANT / ÉLÈVE,Bretagne,Morbihan (56),30,25,5,60,A,0,0,0,2,0,61,0,0,True,True,0.07941403238242097,0.920585967617579,Toujours inscrit
6837330,Terminale,"Sciences de la vie (biologie, biotechnologies...)",_ETUDIANT / ÉLÈVE,Bretagne,Morbihan (56),30,25,5,60,A,1,0,1,0,0,0,0,0,False,False,0.1870743757511016,0.8129256242488984,Toujours inscrit
7891963,Première,Sport,Parent,Bretagne,Morbihan (56),30,25,5,60,A,1,0,1,0,0,5,0,0,False,True,0.13283208020050125,0.8671679197994987,Toujours inscrit
8354361,Bac+2,"Vétérinaire, soins aux animaux","En recherche d'emploi, de stage / Jeune diplômé",Bretagne,Morbihan (56),30,25,5,60,A,0,0,0,1,0,1,0,0,False,False,0.17536746071971618,0.8246325392802838,Toujours inscrit
5273948,Bac +5 et au delà,"Commerce, vente, marketing",_ETUDIANT / ÉLÈVE,Grand Est,Moselle (57),30,25,5,60,A,0,0,0,1,0,1,0,0,False,False,0.11671999052020382,0.8832800094797962,Toujours inscrit
7096197,3ème,"Digital, Informatique, multimédia",Collégien,Grand Est,Moselle (57),30,25,5,60,A,0,0,0,1,0,1,0,0,False,False,0.1594007472103323,0.8405992527896677,Toujours inscrit
5575564,Première technologique,"Electronique, automatique",_ETUDIANT / ÉLÈVE,Grand Est,Moselle (57),30,25,5,60,A,0,0,0,2,0,2,0,0,False,False,0.06817622446468127,0.9318237755353187,Toujours inscrit
4999471,Terminale,"Electronique, automatique",Lycéen,Grand Est,Moselle (57),30,25,5,60,A,0,0,0,1,0,2,0,0,False,False,0.19735449735449737,0.8026455026455026,Toujours inscrit
7837113,Première,Luxe,Lycéen,Grand Est,Moselle (57),30,25,5,60,A,0,0,0,1,0,1,0,0,False,False,0.10554997848845547,0.8944500215115445,Toujours inscrit
7617113,Bac+1,"Communication, information, journalisme",_ETUDIANT / ÉLÈVE,Grand Est,Moselle (57),30,25,5,60,A,0,0,0,1,0,13,0,0,False,False,0.10084745762711865,0.8991525423728813,Toujours inscrit
5439592,Terminale,"International, études à l'étranger",Lycéen,Grand Est,Moselle (57),30,25,5,60,A,0,0,0,2,0,4,0,0,False,False,0.20993068326495967,0.7900693167350403,Toujours inscrit
8457117,Terminale,"Banque, assurance, finance, immobilier",Lycéen,Grand Est,Moselle (57),30,25,5,60,A,0,0,0,1,0,2,0,0,False,False,0.15526336103749067,0.8447366389625093,Toujours inscrit
7226747,Terminale,"Vétérinaire, soins aux animaux",Lycéen,Grand Est,Moselle (57),30,25,5,60,A,0,0,0,2,0,4,0,0,False,False,0.19735449735449737,0.8026455026455026,Toujours inscrit
5533456,Terminale technologique,"Transport, logistique",Lycéen,Grand Est,Moselle (57),30,25,5,60,A,0,0,0,1,0,1,0,0,False,False,0.08024207105233666,0.9197579289476634,Toujours inscrit
7771241,Bac+2,"Education, formation",Parent,Grand Est,Moselle (57),30,25,5,60,A,0,0,0,1,0,92,0,0,True,False,0.08333333333333333,0.9166666666666666,Toujours inscrit
8001351,Terminale,"Mécanique, aéronautique, automobile",Lycéen,Grand Est,Moselle (57),30,25,5,60,A,0,0,0,2,0,2,0,0,False,False,0.16214410464993612,0.8378558953500639,Toujours inscrit
5305796,Bac+2,"Sciences de la vie (biologie, biotechnologies...)",Etudiant,Grand Est,Moselle (57),30,25,5,60,A,0,0,0,1,0,1,0,0,False,False,0.08669683257918552,0.9133031674208145,Toujours inscrit
9060122,Première Pro,"Communication, information, journalisme",_ETUDIANT / ÉLÈVE,Grand Est,Moselle (57),30,25,5,60,A,1,0,1,0,0,1,0,0,False,True,0.16748197267818965,0.8325180273218103,Toujours inscrit
8186113,Terminale,"Cosmétique, esthétique, soins personnels",_ETUDIANT / ÉLÈVE,Grand Est,Moselle (57),30,25,5,60,A,0,0,0,1,0,148,0,0,True,False,0.09871658786065811,0.9012834121393419,Toujours inscrit
8446980,Première technologique,"Communication, information, journalisme",Lycéen,Grand Est,Moselle (57),30,25,5,60,A,0,0,0,2,0,6,0,0,True,False,0.12805715856004396,0.871942841439956,Toujours inscrit
8366613,Première Générale Agricole,"Commerce, vente, marketing","En recherche d'emploi, de stage / Jeune diplômé",Hauts-de-France,Nord (59),30,25,5,60,A,0,0,0,1,0,2,0,0,False,False,0.21324309428281882,0.7867569057171812,Toujours inscrit
8365487,Bac+1,"Action sociale, animation, sciences sociales",Etudiant,Hauts-de-France,Nord (59),30,25,5,60,A,0,0,0,2,0,2,0,0,False,False,0.08470178553139189,0.9152982144686082,Toujours inscrit
5396049,Bac+3,Economie,_ETUDIANT / ÉLÈVE,Hauts-de-France,Nord (59),30,25,5,60,A,0,0,0,1,0,1,0,0,False,False,0.21324309428281882,0.7867569057171812,Toujours inscrit
8286760,Bac+3,"Droit, science politique, administration publique",Etudiant,Hauts-de-France,Nord (59),30,25,5,60,A,0,0,0,1,0,2,0,0,False,False,0.08470178553139189,0.9152982144686082,Toujours inscrit
6458515,Bac+4,"Arts, audiovisuel, culture",Etudiant,Hauts-de-France,Nord (59),30,25,5,60,A,1,0,1,0,0,0,0,0,,,0.09908347783007183,0.9009165221699281,Toujours inscrit
6501683,Terminale technologique,"Energie, électricité",_ETUDIANT / ÉLÈVE,Hauts-de-France,Nord (59),30,25,5,60,A,0,0,0,1,0,1,0,0,False,False,0.04543439716312057,0.9545656028368794,Toujours inscrit
8786981,5ème,Economie,_ETUDIANT / ÉLÈVE,Hauts-de-France,Nord (59),30,25,5,60,A,0,0,0,1,0,13,0,0,True,True,0.21324309428281882,0.7867569057171812,Toujours inscrit
6684722,6ème,"Cosmétique, esthétique, soins personnels",Collégien,Hauts-de-France,Nord (59),30,25,5,60,A,0,0,0,1,0,1,0,0,False,False,0.12757722890718456,0.8724227710928154,Toujours inscrit
6362489,Première,"Communication, information, journalisme",Lycéen,Hauts-de-France,Nord (59),30,25,5,60,A,1,0,1,0,0,1,0,0,False,False,0.18487312867853567,0.8151268713214643,Toujours inscrit
8942968,Première,"Communication, information, journalisme",_ETUDIANT / ÉLÈVE,Hauts-de-France,Nord (59),30,25,5,60,A,1,0,1,0,0,1,0,0,False,False,0.14222873900293256,0.8577712609970675,Toujours inscrit
6399580,Terminale Pro,Je ne sais pas quoi faire,_ETUDIANT / ÉLÈVE,Hauts-de-France,Nord (59),30,10,20,60,A,0,0,0,51,3,54,0,0,False,True,0.1414141414141414,0.8585858585858586,Toujours inscrit
8956535,Première,Sport,_ETUDIANT / ÉLÈVE,Hauts-de-France,Nord (59),30,25,5,60,A,0,0,0,1,0,1,0,0,False,False,0.14142538975501115,0.8585746102449888,Toujours inscrit
4518823,Bac+3,"Commerce, vente, marketing",Parent,Hauts-de-France,Nord (59),30,25,5,60,A,0,0,0,2,0,2,0,0,False,False,0.18487312867853567,0.8151268713214643,Toujours inscrit
7136724,Bac+3,"Comptabilité, gestion, ressources humaines",_ETUDIANT / ÉLÈVE,Hauts-de-France,Nord (59),30,25,5,60,A,1,0,1,0,0,2,0,0,False,False,0.21324309428281882,0.7867569057171812,Toujours inscrit
5077692,Bac +5 et au delà,"Sciences de la vie (biologie, biotechnologies...)",Etudiant,Hauts-de-France,Nord (59),30,25,5,60,A,0,0,0,1,0,1,0,0,False,False,0.21324309428281882,0.7867569057171812,Toujours inscrit
7074511,Seconde Générale et Technologique,"Commerce, vente, marketing",Lycéen,Hauts-de-France,Nord (59),30,25,5,60,A,0,0,0,2,0,64,0,0,True,True,0.33016476552598223,0.6698352344740177,Toujours inscrit
8944094,Terminale technologique,Je ne sais pas quoi faire,_ETUDIANT / ÉLÈVE,Hauts-de-France,Nord (59),30,15,15,60,A,1,1,1,22,0,23,0,0,True,False,0.15266245143597165,0.8473375485640283,Toujours inscrit
7435401,Bac+2,"International, études à l'étranger",_ETUDIANT / ÉLÈVE,Hauts-de-France,Nord (59),30,25,5,60,A,0,0,0,1,0,2,0,0,False,False,0.0926517571884984,0.9073482428115016,Toujours inscrit
6627738,Terminale,Economie,_ETUDIANT / ÉLÈVE,Hauts-de-France,Nord (59),30,25,5,60,A,0,0,0,2,0,80,0,0,True,False,0.035106891605764634,0.9648931083942354,Toujours inscrit
6037358,Bac+3,"Education, formation",_ETUDIANT / ÉLÈVE,Hauts-de-France,Nord (59),30,25,5,60,A,0,0,0,1,0,1,0,0,False,False,0.14597941642162407,0.854020583578376,Toujours inscrit
8281236,Bac+1,"Banque, assurance, finance, immobilier",_ETUDIANT / ÉLÈVE,Hauts-de-France,Nord (59),30,25,5,60,A,0,0,0,3,0,17,0,0,True,True,0.21324309428281882,0.7867569057171812,Toujours inscrit
5205213,Première,"Santé, paramédical",Parent,Hauts-de-France,Nord (59),30,25,5,60,A,1,0,1,0,0,0,0,0,True,True,0.09711599066487232,0.9028840093351277,Toujours inscrit
8807590,3ème,"Commerce, vente, marketing",_ETUDIANT / ÉLÈVE,Hauts-de-France,Nord (59),30,25,5,60,A,0,0,0,1,0,1,0,0,False,False,0.22774659182036888,0.7722534081796311,Toujours inscrit
8158616,Première,"Sciences de la vie (biologie, biotechnologies...)",Lycéen,Hauts-de-France,Nord (59),30,25,5,60,A,1,0,1,0,0,129,0,0,True,True,0.10699068662569285,0.8930093133743071,Toujours inscrit
8358818,Bac+4,"Commerce, vente, marketing",_ETUDIANT / ÉLÈVE,Hauts-de-France,Nord (59),30,25,5,60,A,1,0,1,0,0,2,0,0,False,False,0.21324309428281882,0.7867569057171812,Toujours inscrit
7810880,Terminale,"Education, formation",_ETUDIANT / ÉLÈVE,Hauts-de-France,Nord (59),30,25,5,60,A,0,0,0,1,0,1,0,0,True,False,0.14720496894409937,0.8527950310559006,Toujours inscrit
6041704,Bac +5 et au delà,"Digital, Informatique, multimédia",Etudiant,Hauts-de-France,Nord (59),30,25,5,60,A,0,0,0,1,0,1,0,0,False,False,0.08470178553139189,0.9152982144686082,Toujours inscrit
8361894,Première Pro,"Comptabilité, gestion, ressources humaines",_ETUDIANT / ÉLÈVE,Hauts-de-France,Nord (59),30,25,5,60,A,1,0,1,0,0,2,0,0,False,False,0.20034767492394612,0.7996523250760539,Toujours inscrit
8712619,Terminale,Je ne sais pas quoi faire,Lycéen,Hauts-de-France,Nord (59),30,15,15,60,A,1,1,1,2,1,51,0,0,True,True,0.05316208746545277,0.9468379125345472,Toujours inscrit
8120725,Première,Economie,_ETUDIANT / ÉLÈVE,Hauts-de-France,Nord (59),30,25,5,60,A,1,0,1,0,0,2,0,0,False,False,0.21138086849965534,0.7886191315003447,Toujours inscrit
5341873,Terminale,"Arts, audiovisuel, culture",Lycéen,Hauts-de-France,Nord (59),30,25,5,60,A,1,0,1,0,0,0,0,0,,,0.10699068662569285,0.8930093133743071,Toujours inscrit
8962638,Seconde Générale et Technologique,"Energie, électricité",_ETUDIANT / ÉLÈVE,Hauts-de-France,Nord (59),30,25,5,60,A,1,0,1,0,0,1,0,0,False,False,0.08470178553139189,0.9152982144686082,Toujours inscrit
5885211,Première,"Architecture, géographie, aménagement",Lycéen,Hauts-de-France,Nord (59),30,25,5,60,A,0,0,0,1,0,1,0,0,False,False,0.21324309428281882,0.7867569057171812,Toujours inscrit
6847170,Terminale Pro,"Commerce, vente, marketing",_ETUDIANT / ÉLÈVE,Hauts-de-France,Nord (59),30,25,5,60,A,0,0,0,1,0,1,0,0,False,False,0.11187026347822672,0.8881297365217733,Toujours inscrit
8470512,Seconde Générale et Technologique,"Commerce, vente, marketing",Lycéen,Hauts-de-France,Nord (59),30,25,5,60,A,0,0,0,1,0,2,0,0,False,False,0.2781159420289855,0.7218840579710145,Toujours inscrit
6106871,Terminale,"Santé, paramédical",_ETUDIANT / ÉLÈVE,Hauts-de-France,Nord (59),30,25,5,60,A,1,0,1,0,0,0,0,0,,,0.14720496894409937,0.8527950310559006,Toujours inscrit
8491237,CAP/BEP,"Sciences de la matière (chimie, physique, matériaux, optique…)","En recherche d'emploi, de stage / Jeune diplômé",Hauts-de-France,Nord (59),30,25,5,60,A,0,0,0,2,0,2,0,0,False,False,0.3021839841164792,0.6978160158835208,Toujours inscrit
8056480,Terminale Pro,"Education, formation",_ETUDIANT / ÉLÈVE,Hauts-de-France,Oise (60),30,25,5,60,A,0,0,0,2,0,2,0,0,False,False,0.10969953619681387,0.8903004638031862,Toujours inscrit
8490951,Terminale,"Sciences de la Terre (environnement, agriculture, agronomie ...)",Lycéen,Hauts-de-France,Oise (60),30,25,5,60,A,0,0,0,2,0,2,0,0,False,False,0.1256135833266275,0.8743864166733725,Toujours inscrit
5447167,Seconde Pro,Sport,_ETUDIANT / ÉLÈVE,Hauts-de-France,Oise (60),30,25,5,60,A,0,0,0,1,0,1,0,0,False,False,0.17772778402699663,0.8222722159730034,Toujours inscrit
5449612,Bac+2,"Droit, science politique, administration publique",Etudiant,Hauts-de-France,Oise (60),30,25,5,60,A,0,0,0,1,0,1,0,0,False,False,0.18143691451416924,0.8185630854858308,Toujours inscrit
5723507,Terminale,"Cosmétique, esthétique, soins personnels",Lycéen,Hauts-de-France,Oise (60),30,25,5,60,A,0,0,0,1,0,1,0,0,False,False,0.14368104312938818,0.8563189568706119,Toujours inscrit
7584975,Terminale,"International, études à l'étranger",Lycéen,Île-de-France,Paris (75),30,25,5,60,A,0,0,0,1,0,1,0,0,False,False,0.4251233327242828,0.5748766672757172,Toujours inscrit
7621285,Terminale,Sport,"En recherche d'emploi, de stage / Jeune diplômé",Île-de-France,Paris (75),30,25,5,60,A,0,0,0,1,0,7,0,0,False,False,,,Toujours inscrit
6478990,Bac +5 et au delà,"Architecture, géographie, aménagement",_ETUDIANT / ÉLÈVE,Île-de-France,Paris (75),30,25,5,60,A,0,0,0,2,0,4,0,0,False,False,0.47446373850868234,0.5255362614913177,Toujours inscrit
7491222,Bac+3,"Santé, paramédical",_ETUDIANT / ÉLÈVE,Île-de-France,Paris (75),30,25,5,60,A,0,0,0,2,0,2,0,0,False,False,0.4247853565466253,0.5752146434533747,Toujours inscrit
9026218,3ème,"Mécanique, aéronautique, automobile",Collégien,Île-de-France,Paris (75),30,25,5,60,A,0,0,0,1,0,13,0,0,True,False,0.2834635001593879,0.7165364998406121,Toujours inscrit
6234483,Première technologique,"Communication, information, journalisme",_ETUDIANT / ÉLÈVE,Île-de-France,Paris (75),30,25,5,60,A,1,0,1,0,0,0,0,0,,,0.4322079396718236,0.5677920603281764,Toujours inscrit
5877426,Bac+3,"Droit, science politique, administration publique",Etudiant,Île-de-France,Paris (75),30,25,5,60,A,0,0,0,1,0,1,0,0,False,False,0.3368189898567395,0.6631810101432605,Toujours inscrit
6612250,Bac +5 et au delà,"Lettres, langues et sciences humaines",Etudiant,Île-de-France,Paris (75),30,25,5,60,A,0,0,0,1,0,1,0,0,False,False,0.43072624678146854,0.5692737532185315,Toujours inscrit
6778414,Bac +5 et au delà,"Architecture, géographie, aménagement",_ETUDIANT / ÉLÈVE,Île-de-France,Paris (75),30,25,5,60,A,0,0,0,4,0,19,0,0,True,False,0.46251625401374624,0.5374837459862537,Toujours inscrit
7878226,Terminale,"Mécanique, aéronautique, automobile",_ETUDIANT / ÉLÈVE,Île-de-France,Paris (75),30,25,5,60,A,1,0,1,0,0,3,0,0,False,False,0.4317053710158317,0.5682946289841683,Toujours inscrit
5512370,Bac+3,"Arts, audiovisuel, culture",_ETUDIANT / ÉLÈVE,Île-de-France,Paris (75),30,25,5,60,A,0,0,0,1,0,1,0,0,False,False,0.4247853565466253,0.5752146434533747,Toujours inscrit
7467730,Bac+1,"International, études à l'étranger",Etudiant,Île-de-France,Paris (75),30,25,5,60,A,0,0,0,2,0,2,0,0,False,False,0.3553023737555222,0.6446976262444778,Toujours inscrit
8317446,Seconde Générale et Technologique,"Commerce, vente, marketing",Lycéen,Île-de-France,Paris (75),30,25,5,60,A,0,0,0,2,0,2,0,0,False,False,0.46251625401374624,0.5374837459862537,Toujours inscrit
6836552,Terminale,Je ne sais pas quoi faire,Parent,Île-de-France,Paris (75),30,10,20,60,A,0,0,0,6,6,76,0,0,False,False,0.4247853565466253,0.5752146434533747,Toujours inscrit
8350389,Bac+2,"Architecture, géographie, aménagement",_ETUDIANT / ÉLÈVE,Île-de-France,Paris (75),30,25,5,60,A,0,0,0,2,0,2,0,0,False,False,0.4322079396718236,0.5677920603281764,Toujours inscrit
7378812,Bac+1,"Santé, paramédical",_ETUDIANT / ÉLÈVE,Île-de-France,Paris (75),30,25,5,60,A,0,0,0,3,0,3,0,0,False,False,0.4322079396718236,0.5677920603281764,Toujours inscrit
7420705,Bac +5 et au delà,"Arts, audiovisuel, culture",_ETUDIANT / ÉLÈVE,Île-de-France,Paris (75),30,25,5,60,A,0,0,0,2,0,2,0,0,False,False,0.39740679705233045,0.6025932029476695,Toujours inscrit
6490932,Bac+1,Economie,_ETUDIANT / ÉLÈVE,Île-de-France,Paris (75),30,25,5,60,A,0,0,0,2,0,2,0,0,False,False,0.4322079396718236,0.5677920603281764,Toujours inscrit
6649163,Première,Technologie industrielle,_ETUDIANT / ÉLÈVE,Île-de-France,Paris (75),30,25,5,60,A,0,0,0,1,0,1,0,0,False,False,0.4487578747176988,0.5512421252823012,Toujours inscrit
9018633,Bac+2,Luxe,_ETUDIANT / ÉLÈVE,Île-de-France,Paris (75),30,25,5,60,A,0,0,0,1,0,4,0,0,False,False,0.3368189898567395,0.6631810101432605,Toujours inscrit
5270910,Terminale,"Banque, assurance, finance, immobilier",Lycéen,Île-de-France,Paris (75),30,25,5,60,A,0,0,0,1,0,1,0,0,False,False,0.45829668438563614,0.5417033156143638,Toujours inscrit
6972216,Terminale Pro,(Vide),Lycéen,Île-de-France,Paris (75),30,10,20,60,A,1,0,1,52,1,184,0,0,True,True,0.4322079396718236,0.5677920603281764,Toujours inscrit
8636701,Bac +5 et au delà,Luxe,_ETUDIANT / ÉLÈVE,Île-de-France,Paris (75),30,25,5,60,A,1,0,1,0,0,3,0,0,False,False,0.2834635001593879,0.7165364998406121,Toujours inscrit
8498442,6ème,"Action sociale, animation, sciences sociales",Parent,Île-de-France,Paris (75),30,25,5,60,A,0,0,0,2,0,2,0,0,False,False,0.4322079396718236,0.5677920603281764,Toujours inscrit
6709278,3ème,Technologie industrielle,_ETUDIANT / ÉLÈVE,Île-de-France,Paris (75),30,25,5,60,A,0,0,0,1,0,1,0,0,False,False,0.47446373850868234,0.5255362614913177,Toujours inscrit
6812872,Bac +5 et au delà,"Communication, information, journalisme",Parent,Île-de-France,Paris (75),30,25,5,60,A,0,0,0,1,0,2,0,0,False,False,0.2834635001593879,0.7165364998406121,Toujours inscrit
7332387,Terminale,"Banque, assurance, finance, immobilier",Lycéen,Île-de-France,Paris (75),30,25,5,60,A,0,0,0,1,0,4,0,0,False,False,0.4317053710158317,0.5682946289841683,Toujours inscrit
6626113,Bac +5 et au delà,"Digital, Informatique, multimédia","En recherche d'emploi, de stage / Jeune diplômé",Île-de-France,Paris (75),30,25,5,60,A,0,0,0,1,0,1,0,0,False,False,0.4322079396718236,0.5677920603281764,Toujours inscrit
7627565,Bac+1,Economie,_ETUDIANT / ÉLÈVE,Île-de-France,Paris (75),30,25,5,60,A,0,0,0,1,0,2,0,0,False,False,0.47446373850868234,0.5255362614913177,Toujours inscrit
7345077,3ème,(Vide),Parent,Île-de-France,Paris (75),30,15,15,60,A,1,1,1,9,0,24,0,0,True,True,0.43072624678146854,0.5692737532185315,Toujours inscrit
8088620,Terminale,Economie,_ETUDIANT / ÉLÈVE,Île-de-France,Paris (75),30,25,5,60,A,0,0,0,1,0,2,0,0,False,False,0.3553023737555222,0.6446976262444778,Toujours inscrit
8918086,Première Générale Agricole,"Santé, paramédical",Lycéen,Île-de-France,Paris (75),30,25,5,60,A,1,0,1,0,0,1,0,0,False,False,0.2834635001593879,0.7165364998406121,Toujours inscrit
6446681,Bac+4,"Droit, science politique, administration publique",_ETUDIANT / ÉLÈVE,Île-de-France,Paris (75),30,25,5,60,A,1,0,1,0,0,0,0,0,,,,,Toujours inscrit
6997714,Première,"Cosmétique, esthétique, soins personnels",_ETUDIANT / ÉLÈVE,Île-de-France,Paris (75),30,25,5,60,A,0,0,0,1,0,2,0,0,False,,0.47446373850868234,0.5255362614913177,Toujours inscrit
6532820,Terminale,"Droit, science politique, administration publique",_ETUDIANT / ÉLÈVE,Île-de-France,Paris (75),30,25,5,60,A,0,0,0,3,0,4,0,0,False,False,0.43072624678146854,0.5692737532185315,Toujours inscrit
7513079,Première,"International, études à l'étranger",Lycéen,Île-de-France,Paris (75),30,25,5,60,A,0,0,0,1,0,2,0,0,False,False,,,Toujours inscrit
5165149,Terminale,"Commerce, vente, marketing",Parent,Île-de-France,Paris (75),30,25,5,60,A,0,0,0,1,0,1,0,0,,,0.43072624678146854,0.5692737532185315,Toujours inscrit
9097190,Bac +5 et au delà,"Arts, audiovisuel, culture",Etudiant,Île-de-France,Paris (75),30,25,5,60,A,0,0,0,1,0,1,0,0,False,False,0.4322079396718236,0.5677920603281764,Toujours inscrit
7391373,6ème,"Droit, science politique, administration publique",_ETUDIANT / ÉLÈVE,Île-de-France,Paris (75),30,25,5,60,A,0,0,0,2,0,12,0,0,True,True,0.4037398457058192,0.5962601542941808,Toujours inscrit
6561255,Seconde Générale et Technologique,"Secretariat, assistant de gestion",Parent,Île-de-France,Paris (75),30,25,5,60,A,0,0,0,1,0,23,0,0,True,True,0.4322079396718236,0.5677920603281764,Toujours inscrit
8258218,Bac+2,"Electronique, automatique",_ETUDIANT / ÉLÈVE,Île-de-France,Paris (75),30,25,5,60,A,0,0,0,1,0,136,0,0,True,False,0.4322079396718236,0.5677920603281764,Toujours inscrit
5653496,Première,"Action sociale, animation, sciences sociales",_ETUDIANT / ÉLÈVE,Île-de-France,Paris (75),30,25,5,60,A,0,0,0,1,0,1,0,0,False,False,0.4317053710158317,0.5682946289841683,Toujours inscrit
5740467,Bac+3,"Commerce, vente, marketing",Etudiant,Île-de-France,Paris (75),30,25,5,60,A,0,0,0,1,0,1,0,0,False,False,0.4037398457058192,0.5962601542941808,Toujours inscrit
7332738,Seconde Générale et Technologique,"Digital, Informatique, multimédia",Lycéen,Île-de-France,Paris (75),30,25,5,60,A,1,0,1,0,0,1,0,0,True,True,0.45829668438563614,0.5417033156143638,Toujours inscrit
8572438,Seconde Générale et Technologique,"Sciences de la vie (biologie, biotechnologies...)",Parent,Hauts-de-France,Pas-de-Calais (62),30,25,5,60,A,1,0,1,0,0,2,0,0,False,False,0.13153519305375946,0.8684648069462405,Toujours inscrit
8684683,Terminale,"Sciences de la vie (biologie, biotechnologies...)",_ETUDIANT / ÉLÈVE,Hauts-de-France,Pas-de-Calais (62),30,25,5,60,A,1,0,1,0,0,1,0,0,False,False,0.14528539451594852,0.8547146054840515,Toujours inscrit
8398383,Bac+2,"Architecture, géographie, aménagement",Etudiant,Hauts-de-France,Pas-de-Calais (62),30,25,5,60,A,0,0,0,1,0,2,0,0,False,False,0.13082817837688118,0.8691718216231188,Toujours inscrit
5588651,Bac+4,"Commerce, vente, marketing",Etudiant,Hauts-de-France,Pas-de-Calais (62),30,25,5,60,A,0,0,0,2,0,2,0,0,False,False,0.08051376880403818,0.9194862311959618,Toujours inscrit
8548204,Première technologique,"Cosmétique, esthétique, soins personnels",_ETUDIANT / ÉLÈVE,Hauts-de-France,Pas-de-Calais (62),30,25,5,60,A,0,0,0,1,0,61,0,0,True,True,0.07818181818181819,0.9218181818181819,Toujours inscrit
8677596,Seconde Générale et Technologique,"Architecture, géographie, aménagement",Lycéen,Hauts-de-France,Pas-de-Calais (62),30,25,5,60,A,1,0,1,0,0,1,0,0,True,True,0.15310693053180227,0.8468930694681978,Toujours inscrit
7058287,Seconde Générale et Technologique,"Vétérinaire, soins aux animaux",_ETUDIANT / ÉLÈVE,Hauts-de-France,Pas-de-Calais (62),30,25,5,60,A,0,0,0,1,0,19,0,0,False,True,0.1078880407124682,0.8921119592875318,Toujours inscrit
8710541,Terminale technologique,"Digital, Informatique, multimédia",_ETUDIANT / ÉLÈVE,Hauts-de-France,Pas-de-Calais (62),30,25,5,60,A,0,0,0,1,0,1,0,0,False,False,0.08480920211794778,0.9151907978820523,Toujours inscrit
8804355,Seconde Générale et Technologique,"Commerce, vente, marketing",_ETUDIANT / ÉLÈVE,Hauts-de-France,Pas-de-Calais (62),30,25,5,60,A,0,0,0,1,0,1,0,0,False,False,0.2078194088899232,0.7921805911100768,Toujours inscrit
7368619,3ème,"Vétérinaire, soins aux animaux",_ETUDIANT / ÉLÈVE,Hauts-de-France,Pas-de-Calais (62),30,25,5,60,A,0,0,0,2,0,2,0,0,False,False,0.10855829982768524,0.8914417001723147,Toujours inscrit
8812826,3ème,"Droit, science politique, administration publique",_ETUDIANT / ÉLÈVE,Hauts-de-France,Pas-de-Calais (62),30,25,5,60,A,0,0,0,1,0,1,0,0,False,False,0.15933806146572105,0.840661938534279,Toujours inscrit
7149547,Première,"Electronique, automatique",Lycéen,Hauts-de-France,Pas-de-Calais (62),30,25,5,60,A,1,0,1,0,0,2,0,0,False,False,0.07851321804810177,0.9214867819518983,Toujours inscrit
6113013,Première technologique,"Santé, paramédical",Lycéen,Hauts-de-France,Pas-de-Calais (62),30,25,5,60,A,1,0,1,0,0,0,0,0,,,0.15933806146572105,0.840661938534279,Toujours inscrit
6362944,Terminale technologique,"Communication, information, journalisme",_ETUDIANT / ÉLÈVE,Hauts-de-France,Pas-de-Calais (62),30,25,5,60,A,0,0,0,2,0,100,0,0,True,True,0.08051376880403818,0.9194862311959618,Toujours inscrit
7734054,Terminale,"Education, formation",Lycéen,Hauts-de-France,Pas-de-Calais (62),30,25,5,60,A,0,0,0,1,0,2,0,0,False,False,0.14528539451594852,0.8547146054840515,Toujours inscrit
7245484,Terminale,(Vide),Lycéen,Hauts-de-France,Pas-de-Calais (62),30,15,15,60,A,1,1,1,80,0,169,0,0,True,True,0.09393346379647749,0.9060665362035225,Toujours inscrit
7437181,3ème,Luxe,Collégien,Hauts-de-France,Pas-de-Calais (62),30,25,5,60,A,0,0,0,5,0,10,0,0,False,True,0.10873942811115586,0.8912605718888441,Toujours inscrit
7257186,Bac+1,"Commerce, vente, marketing",Etudiant,Hauts-de-France,Pas-de-Calais (62),30,25,5,60,A,1,0,1,0,0,3,0,0,False,False,0.13153519305375946,0.8684648069462405,Toujours inscrit
9075167,3ème,"Sciences de la matière (chimie, physique, matériaux, optique…)",Collégien,Auvergne-Rhône-Alpes,Puy-de-Dôme (63),30,25,5,60,A,0,0,0,1,0,1,0,0,False,False,0.13383257952102023,0.8661674204789798,Toujours inscrit
7176631,Seconde Générale et Technologique,"Santé, paramédical",Lycéen,Auvergne-Rhône-Alpes,Puy-de-Dôme (63),30,25,5,60,A,1,0,1,0,0,1,0,0,True,True,0.1077928138124125,0.8922071861875875,Toujours inscrit
5489856,Bac +5 et au delà,"Sciences de la matière (chimie, physique, matériaux, optique…)",_ETUDIANT / ÉLÈVE,Auvergne-Rhône-Alpes,Puy-de-Dôme (63),30,25,5,60,A,0,0,0,1,0,1,0,0,False,False,0.12026999386377582,0.8797300061362242,Toujours inscrit
5626960,Bac+2,"Comptabilité, gestion, ressources humaines",_ETUDIANT / ÉLÈVE,Auvergne-Rhône-Alpes,Puy-de-Dôme (63),30,25,5,60,A,0,0,0,1,0,1,0,0,False,False,0.16474309471167578,0.8352569052883242,Toujours inscrit
8666276,Bac+2,"Action sociale, animation, sciences sociales",_ETUDIANT / ÉLÈVE,Auvergne-Rhône-Alpes,Puy-de-Dôme (63),30,25,5,60,A,0,0,0,1,0,1,0,0,False,False,0.16145042033829637,0.8385495796617036,Toujours inscrit
7270720,Bac+2,"Droit, science politique, administration publique",Etudiant,Auvergne-Rhône-Alpes,Puy-de-Dôme (63),30,25,5,60,A,0,0,0,1,0,3,0,0,False,False,0.16688396349413298,0.833116036505867,Toujours inscrit
6639191,Bac+2,"Communication, information, journalisme",Etudiant,Nouvelle-Aquitaine,Pyrénées-Atlantiques (64),30,25,5,60,A,0,0,0,1,0,198,0,0,True,False,0.15422755741127347,0.8457724425887265,Toujours inscrit
6016517,Terminale,"Energie, électricité",Parent,Nouvelle-Aquitaine,Pyrénées-Atlantiques (64),30,25,5,60,A,1,0,1,0,0,0,0,0,,,0.19840213049267644,0.8015978695073236,Toujours inscrit
6629937,Bac +5 et au delà,"Action sociale, animation, sciences sociales",Parent,Nouvelle-Aquitaine,Pyrénées-Atlantiques (64),30,25,5,60,A,0,0,0,1,0,1,0,0,False,False,0.16067011702105546,0.8393298829789445,Toujours inscrit
5893707,Terminale,Je ne sais pas quoi faire,Lycéen,Nouvelle-Aquitaine,Pyrénées-Atlantiques (64),30,15,15,60,A,1,1,1,231,0,255,0,0,True,True,0.173539994464434,0.826460005535566,Toujours inscrit
5801615,Terminale Pro,"Architecture, géographie, aménagement",Parent,Nouvelle-Aquitaine,Pyrénées-Atlantiques (64),30,25,5,60,A,0,0,0,1,0,1,0,0,False,False,0.16067011702105546,0.8393298829789445,Toujours inscrit
7402255,Seconde Générale et Technologique,"International, études à l'étranger",_ETUDIANT / ÉLÈVE,Nouvelle-Aquitaine,Pyrénées-Atlantiques (64),30,25,5,60,A,0,0,0,1,0,2,0,0,False,False,0.16067011702105546,0.8393298829789445,Toujours inscrit
6711474,Seconde Pro,Technologie industrielle,_ETUDIANT / ÉLÈVE,Nouvelle-Aquitaine,Pyrénées-Atlantiques (64),30,25,5,60,A,0,0,0,1,0,1,0,0,False,False,0.16067011702105546,0.8393298829789445,Toujours inscrit
8640410,Terminale,"Arts, audiovisuel, culture",Lycéen,Nouvelle-Aquitaine,Pyrénées-Atlantiques (64),30,25,5,60,A,0,0,0,1,0,1,0,0,False,False,0.15889070146818923,0.8411092985318107,Toujours inscrit
6419711,Bac+1,"Education, formation",_ETUDIANT / ÉLÈVE,Auvergne-Rhône-Alpes,Rhône (69),30,25,5,60,A,1,0,1,0,0,0,0,0,,,0.19324523349129855,0.8067547665087015,Toujours inscrit
7113494,Seconde Générale et Technologique,Luxe,_ETUDIANT / ÉLÈVE,Auvergne-Rhône-Alpes,Rhône (69),30,25,5,60,A,0,0,0,1,0,1,0,0,False,False,0.23341192320646684,0.7665880767935331,Toujours inscrit
8386062,Seconde Pro,"Banque, assurance, finance, immobilier",_ETUDIANT / ÉLÈVE,Auvergne-Rhône-Alpes,Rhône (69),30,25,5,60,A,0,0,0,2,0,2,0,0,False,False,0.19324523349129855,0.8067547665087015,Toujours inscrit
6704312,4ème,"Sciences de la matière (chimie, physique, matériaux, optique…)",_ETUDIANT / ÉLÈVE,Auvergne-Rhône-Alpes,Rhône (69),30,25,5,60,A,0,0,0,3,0,55,0,0,True,False,0.23286858498961732,0.7671314150103826,Toujours inscrit
8351212,Terminale,"International, études à l'étranger",Lycéen,Auvergne-Rhône-Alpes,Rhône (69),30,25,5,60,A,0,0,0,2,0,2,0,0,False,False,0.19384853168469862,0.8061514683153014,Toujours inscrit
6869636,Terminale,Technologie industrielle,_ETUDIANT / ÉLÈVE,Auvergne-Rhône-Alpes,Rhône (69),30,25,5,60,A,1,0,1,0,0,1,0,0,False,False,0.28938773632641795,0.710612263673582,Toujours inscrit
7612243,4ème,"Armée, défense, sécurité",Collégien,Auvergne-Rhône-Alpes,Rhône (69),30,25,5,60,A,0,0,0,2,0,28,0,0,True,True,0.20823095823095822,0.7917690417690417,Toujours inscrit
8074457,Première Générale Agricole,"Commerce, vente, marketing",Lycéen,Auvergne-Rhône-Alpes,Rhône (69),30,25,5,60,A,0,0,0,1,0,2,0,0,False,False,0.1661087102075598,0.8338912897924402,Toujours inscrit
5390245,Terminale,"Digital, Informatique, multimédia",_ETUDIANT / ÉLÈVE,Auvergne-Rhône-Alpes,Rhône (69),30,25,5,60,A,0,0,0,1,0,1,0,0,False,False,,,Toujours inscrit
5395502,Seconde Générale et Technologique,"Energie, électricité",_ETUDIANT / ÉLÈVE,Auvergne-Rhône-Alpes,Rhône (69),30,25,5,60,A,0,0,0,1,0,1,0,0,False,False,0.17128554265118143,0.8287144573488185,Toujours inscrit
7851649,Seconde Générale et Technologique,"Sciences de la matière (chimie, physique, matériaux, optique…)",_ETUDIANT / ÉLÈVE,Auvergne-Rhône-Alpes,Rhône (69),30,25,5,60,A,0,0,0,1,0,2,0,0,False,False,0.1736092544070727,0.8263907455929272,Toujours inscrit
8521459,Terminale,Economie,Lycéen,Auvergne-Rhône-Alpes,Rhône (69),30,25,5,60,A,1,0,1,0,0,3,0,0,False,False,0.2534259984338293,0.7465740015661707,Toujours inscrit
5052502,3ème,"Sciences de la vie (biologie, biotechnologies...)",_ETUDIANT / ÉLÈVE,Auvergne-Rhône-Alpes,Rhône (69),30,25,5,60,A,0,0,0,2,0,13,0,0,False,True,0.23341192320646684,0.7665880767935331,Toujours inscrit
4987019,Terminale,Economie,"En recherche d'emploi, de stage / Jeune diplômé",Auvergne-Rhône-Alpes,Rhône (69),30,25,5,60,A,0,0,0,1,0,2,0,0,False,False,0.19324523349129855,0.8067547665087015,Toujours inscrit
7347549,Bac+3,(Vide),_ETUDIANT / ÉLÈVE,Auvergne-Rhône-Alpes,Rhône (69),30,15,15,60,A,1,1,1,45,0,154,0,0,True,True,0.17128554265118143,0.8287144573488185,Toujours inscrit
8272829,Terminale technologique,"Communication, information, journalisme",Lycéen,Auvergne-Rhône-Alpes,Rhône (69),30,25,5,60,A,0,0,0,1,0,1,0,0,True,True,0.23286858498961732,0.7671314150103826,Toujours inscrit
7185034,Première technologique,Je ne sais pas quoi faire,_ETUDIANT / ÉLÈVE,Auvergne-Rhône-Alpes,Rhône (69),30,10,20,60,A,1,0,1,45,1,144,0,0,True,False,0.1736092544070727,0.8263907455929272,Toujours inscrit
7475528,Bac+3,"International, études à l'étranger",Etudiant,Auvergne-Rhône-Alpes,Rhône (69),30,25,5,60,A,0,0,0,5,0,43,0,0,True,True,0.28938773632641795,0.710612263673582,Toujours inscrit
5117240,Seconde Pro,"Communication, information, journalisme",Lycéen,Auvergne-Rhône-Alpes,Rhône (69),30,25,5,60,A,0,0,0,1,0,1,0,0,False,False,0.2398368762443003,0.7601631237556997,Toujours inscrit
5402563,Terminale,"Sciences de la vie (biologie, biotechnologies...)",_ETUDIANT / ÉLÈVE,Auvergne-Rhône-Alpes,Rhône (69),30,25,5,60,A,0,0,0,1,0,1,0,0,False,False,0.19324523349129855,0.8067547665087015,Toujours inscrit
7507328,Bac+4,"Armée, défense, sécurité",Etudiant,Auvergne-Rhône-Alpes,Rhône (69),30,25,5,60,A,0,0,0,2,0,2,0,0,False,False,0.19324523349129855,0.8067547665087015,Toujours inscrit
8880736,Bac+2,"Electronique, automatique",Etudiant,Auvergne-Rhône-Alpes,Rhône (69),30,25,5,60,A,1,0,1,0,0,1,0,0,False,False,0.19324523349129855,0.8067547665087015,Toujours inscrit
7235594,4ème,"Vétérinaire, soins aux animaux",Parent,Auvergne-Rhône-Alpes,Rhône (69),30,25,5,60,A,1,0,1,0,0,2,0,0,False,False,0.26157407407407407,0.7384259259259259,Toujours inscrit
7528286,Terminale technologique,"Cosmétique, esthétique, soins personnels",_ETUDIANT / ÉLÈVE,Auvergne-Rhône-Alpes,Rhône (69),30,25,5,60,A,0,0,0,2,0,2,0,0,False,False,0.19324523349129855,0.8067547665087015,Toujours inscrit
6289077,Bac+1,"Santé, paramédical","En recherche d'emploi, de stage / Jeune diplômé",Auvergne-Rhône-Alpes,Rhône (69),30,25,5,60,A,1,0,1,0,0,0,0,0,,,0.3822156073075352,0.6177843926924649,Toujours inscrit
8227968,Terminale,"Mécanique, aéronautique, automobile",Lycéen,Auvergne-Rhône-Alpes,Rhône (69),30,25,5,60,A,0,0,0,2,0,2,0,0,False,False,0.14679409854319383,0.8532059014568062,Toujours inscrit
8608409,Première,Economie,_ETUDIANT / ÉLÈVE,Auvergne-Rhône-Alpes,Rhône (69),30,25,5,60,A,0,0,0,1,0,2,0,0,False,False,0.1736092544070727,0.8263907455929272,Toujours inscrit
8625945,Bac+3,"Action sociale, animation, sciences sociales","En recherche d'emploi, de stage / Jeune diplômé",Auvergne-Rhône-Alpes,Rhône (69),30,25,5,60,A,0,0,0,1,0,2,0,0,False,False,0.2586968525676422,0.7413031474323578,Toujours inscrit
7552568,Terminale,"Digital, Informatique, multimédia",_ETUDIANT / ÉLÈVE,Auvergne-Rhône-Alpes,Rhône (69),30,25,5,60,A,0,0,0,2,0,2,0,0,False,False,0.2575669042888863,0.7424330957111137,Toujours inscrit
5050633,Bac+2,"Commerce, vente, marketing",_ETUDIANT / ÉLÈVE,Auvergne-Rhône-Alpes,Rhône (69),30,25,5,60,A,1,0,1,0,0,0,0,0,,,0.4162732574284921,0.5837267425715079,Toujours inscrit
5835209,Terminale,"Santé, paramédical",Lycéen,Auvergne-Rhône-Alpes,Rhône (69),30,25,5,60,A,0,0,0,1,0,1,0,0,False,False,0.3822156073075352,0.6177843926924649,Toujours inscrit
6279486,Terminale,"Droit, science politique, administration publique",_ETUDIANT / ÉLÈVE,Auvergne-Rhône-Alpes,Rhône (69),30,25,5,60,A,1,0,1,0,0,0,0,0,,,0.0777793533749291,0.9222206466250709,Toujours inscrit
7095831,Seconde Générale et Technologique,"Commerce, vente, marketing",Parent,Auvergne-Rhône-Alpes,Rhône (69),30,25,5,60,A,1,0,1,0,0,1,0,0,False,False,0.1736092544070727,0.8263907455929272,Toujours inscrit
5522864,Terminale,"Banque, assurance, finance, immobilier",Lycéen,Auvergne-Rhône-Alpes,Rhône (69),30,25,5,60,A,0,0,0,2,0,39,0,0,True,True,0.18114105812792752,0.8188589418720725,Toujours inscrit
5282688,Seconde Générale et Technologique,"Sciences de la vie (biologie, biotechnologies...)",Lycéen,Pays de la Loire,Sarthe (72),30,25,5,60,A,0,0,0,2,0,251,0,0,True,True,0.14384639597104187,0.8561536040289581,Toujours inscrit
6696973,Terminale technologique,Luxe,_ETUDIANT / ÉLÈVE,Pays de la Loire,Sarthe (72),30,25,5,60,A,0,0,0,1,0,151,0,0,True,False,0.1004089050431622,0.8995910949568378,Toujours inscrit
5061583,Terminale,"Armée, défense, sécurité",Lycéen,Pays de la Loire,Sarthe (72),30,25,5,60,A,0,0,0,1,0,32,0,0,True,True,0.15211235700532336,0.8478876429946767,Toujours inscrit
6543042,Bac+1,Economie,Etudiant,Pays de la Loire,Sarthe (72),30,25,5,60,A,0,0,0,2,0,133,0,0,False,True,0.13592089728453366,0.8640791027154664,Toujours inscrit
8518980,Première,"Santé, paramédical",_ETUDIANT / ÉLÈVE,Pays de la Loire,Sarthe (72),30,25,5,60,A,0,0,0,1,0,66,0,0,True,True,0.15125186734389004,0.8487481326561099,Toujours inscrit
5664080,4ème,"Commerce, vente, marketing",_ETUDIANT / ÉLÈVE,Pays de la Loire,Sarthe (72),30,25,5,60,A,0,0,0,1,0,1,0,0,False,False,0.09331467463901788,0.9066853253609821,Toujours inscrit
5583950,Bac+2,"Armée, défense, sécurité",_ETUDIANT / ÉLÈVE,Pays de la Loire,Sarthe (72),30,25,5,60,A,0,0,0,1,0,1,0,0,False,False,0.15125186734389004,0.8487481326561099,Toujours inscrit
7825579,Terminale,"Lettres, langues et sciences humaines",Lycéen,Pays de la Loire,Sarthe (72),30,25,5,60,A,0,0,0,1,0,2,0,0,False,False,0.13592089728453366,0.8640791027154664,Toujours inscrit
7345359,Terminale,"Communication, information, journalisme",_ETUDIANT / ÉLÈVE,Pays de la Loire,Sarthe (72),30,25,5,60,A,0,0,0,5,0,11,0,0,True,True,0.12114244221227158,0.8788575577877284,Toujours inscrit
7492487,Bac+1,"Vétérinaire, soins aux animaux",Parent,Pays de la Loire,Sarthe (72),30,25,5,60,A,0,0,0,3,0,44,0,0,True,True,0.09331467463901788,0.9066853253609821,Toujours inscrit
8500438,3ème,"Vétérinaire, soins aux animaux","En recherche d'emploi, de stage / Jeune diplômé",Pays de la Loire,Sarthe (72),30,25,5,60,A,0,0,0,1,0,2,0,0,False,False,0.15125186734389004,0.8487481326561099,Toujours inscrit
4815573,Terminale Pro,"Education, formation",_ETUDIANT / ÉLÈVE,Pays de la Loire,Sarthe (72),30,25,5,60,A,0,0,0,1,0,2,0,0,False,False,0.12114244221227158,0.8788575577877284,Toujours inscrit
6572042,Première,"Comptabilité, gestion, ressources humaines",_ETUDIANT / ÉLÈVE,Pays de la Loire,Sarthe (72),30,25,5,60,A,0,0,0,1,0,1,0,0,False,False,0.15211235700532336,0.8478876429946767,Toujours inscrit
4978005,CAP/BEP,"Communication, information, journalisme",_ETUDIANT / ÉLÈVE,Pays de la Loire,Sarthe (72),30,25,5,60,A,0,0,0,1,0,30,0,0,True,False,0.10973801285219971,0.8902619871478002,Toujours inscrit
7298949,3ème,(Vide),Parent,Auvergne-Rhône-Alpes,Savoie (73),30,15,15,60,A,1,1,1,10,0,12,0,0,False,True,0.16917204045980977,0.8308279595401902,Toujours inscrit
8206245,Bac+1,(Vide),_ETUDIANT / ÉLÈVE,Auvergne-Rhône-Alpes,Savoie (73),30,15,15,60,A,1,1,1,6,0,13,0,0,True,False,0.18350892281229844,0.8164910771877015,Toujours inscrit
5161177,Bac+1,"Banque, assurance, finance, immobilier",Etudiant,Normandie,Seine-Maritime (76),30,25,5,60,A,0,0,0,1,0,2,0,0,False,False,0.09221635883905013,0.9077836411609499,Toujours inscrit
7578611,Terminale technologique,"Arts, audiovisuel, culture",_ETUDIANT / ÉLÈVE,Normandie,Seine-Maritime (76),30,25,5,60,A,0,0,0,1,0,2,0,0,False,False,0.09520682862770848,0.9047931713722915,Toujours inscrit
7133880,Bac+3,"Action sociale, animation, sciences sociales",Etudiant,Normandie,Seine-Maritime (76),30,25,5,60,A,0,0,0,1,0,2,0,0,False,False,0.19503981203498238,0.8049601879650177,Toujours inscrit
8060957,Terminale Pro,"Communication, information, journalisme",_ETUDIANT / ÉLÈVE,Normandie,Seine-Maritime (76),30,25,5,60,A,0,0,0,2,0,2,0,0,False,False,0.17780216764988338,0.8221978323501166,Toujours inscrit
8519204,CAP/BEP,"Santé, paramédical","En recherche d'emploi, de stage / Jeune diplômé",Normandie,Seine-Maritime (76),30,25,5,60,A,0,0,0,1,0,2,0,0,False,False,0.07795268168536149,0.9220473183146385,Toujours inscrit
7559150,Terminale technologique,"Arts, audiovisuel, culture",Lycéen,Normandie,Seine-Maritime (76),30,25,5,60,A,0,0,0,2,0,7,0,0,False,False,0.15034965034965034,0.8496503496503497,Toujours inscrit
6787686,Bac+2,"Commerce, vente, marketing",_ETUDIANT / ÉLÈVE,Normandie,Seine-Maritime (76),30,25,5,60,A,0,0,0,1,0,1,0,0,False,False,0.09537888039077061,0.9046211196092294,Toujours inscrit
9021144,Terminale,"Sciences de la matière (chimie, physique, matériaux, optique…)",Parent,Normandie,Seine-Maritime (76),30,25,5,60,A,1,0,1,0,0,0,0,0,True,True,0.19503981203498238,0.8049601879650177,Toujours inscrit
5447051,Bac +5 et au delà,"Santé, paramédical",_ETUDIANT / ÉLÈVE,Normandie,Seine-Maritime (76),30,25,5,60,A,0,0,0,1,0,1,0,0,False,False,0.19503981203498238,0.8049601879650177,Toujours inscrit
6438803,Bac+2,Luxe,_ETUDIANT / ÉLÈVE,Normandie,Seine-Maritime (76),30,25,5,60,A,1,0,1,0,0,0,0,0,,,0.1302442830562391,0.8697557169437609,Toujours inscrit
5051367,3ème,"Droit, science politique, administration publique",Collégien,Normandie,Seine-Maritime (76),30,25,5,60,A,0,0,0,1,0,1,0,0,False,True,0.16358411318252156,0.8364158868174785,Toujours inscrit
5280090,Terminale,"Arts, audiovisuel, culture","En recherche d'emploi, de stage / Jeune diplômé",Normandie,Seine-Maritime (76),30,25,5,60,A,0,0,0,1,0,1,0,0,False,False,0.10104732350659426,0.8989526764934057,Toujours inscrit
6651352,Bac+2,"Communication, information, journalisme",Etudiant,Normandie,Seine-Maritime (76),30,25,5,60,A,0,0,0,1,0,1,0,0,False,False,0.19503981203498238,0.8049601879650177,Toujours inscrit
7387081,Bac+2,Je ne sais pas quoi faire,Etudiant,Normandie,Seine-Maritime (76),30,15,15,60,A,1,1,2,4,0,2,0,0,False,False,0.13027999615125566,0.8697200038487444,Toujours inscrit
6516348,Bac+1,"Droit, science politique, administration publique",Etudiant,Normandie,Seine-Maritime (76),30,25,5,60,A,0,0,0,2,0,172,0,0,True,True,0.15034965034965034,0.8496503496503497,Toujours inscrit
8277318,Seconde Générale et Technologique,"Droit, science politique, administration publique",Lycéen,Île-de-France,Seine-St-Denis (93),30,25,5,60,A,0,0,0,1,0,2,0,0,False,False,0.09754631593833969,0.9024536840616603,Toujours inscrit
7493784,Terminale,"Architecture, géographie, aménagement",_ETUDIANT / ÉLÈVE,Île-de-France,Seine-St-Denis (93),30,25,5,60,A,0,0,0,2,0,2,0,0,False,False,0.09754631593833969,0.9024536840616603,Toujours inscrit
8427208,Terminale,"Commerce, vente, marketing",_ETUDIANT / ÉLÈVE,Île-de-France,Seine-St-Denis (93),30,25,5,60,A,0,0,0,2,0,2,0,0,False,False,0.09048242393282463,0.9095175760671754,Toujours inscrit
8435644,Terminale,"Mécanique, aéronautique, automobile",Lycéen,Île-de-France,Seine-St-Denis (93),30,25,5,60,A,0,0,0,2,0,2,0,0,False,False,0.10368423437712421,0.8963157656228757,Toujours inscrit
7318842,3ème,"Commerce, vente, marketing",Collégien,Île-de-France,Seine-St-Denis (93),30,25,5,60,A,0,0,0,1,0,2,0,0,False,False,0.15112215857919953,0.8488778414208005,Toujours inscrit
7531749,4ème,"Digital, Informatique, multimédia",Collégien,Île-de-France,Seine-St-Denis (93),30,25,5,60,A,0,0,0,1,0,18,0,0,True,True,0.0992556898851267,0.9007443101148733,Toujours inscrit
8324672,Terminale technologique,Je ne sais pas quoi faire,"En recherche d'emploi, de stage / Jeune diplômé",Île-de-France,Seine-St-Denis (93),30,10,20,60,A,0,0,0,108,3,109,0,0,True,True,0.1089135493109003,0.8910864506890996,Toujours inscrit
6038381,Première,"Digital, Informatique, multimédia",_ETUDIANT / ÉLÈVE,Île-de-France,Seine-St-Denis (93),30,25,5,60,A,1,0,1,0,0,0,0,0,True,True,0.12828594843346153,0.8717140515665385,Toujours inscrit
6117877,Terminale,"Droit, science politique, administration publique",_ETUDIANT / ÉLÈVE,Île-de-France,Seine-St-Denis (93),30,25,5,60,A,1,0,1,0,0,0,0,0,,,0.06515308977536174,0.9348469102246383,Toujours inscrit
7521584,Terminale technologique,"Action sociale, animation, sciences sociales",_ETUDIANT / ÉLÈVE,Île-de-France,Seine-St-Denis (93),30,25,5,60,A,0,0,0,2,0,2,0,0,False,False,0.12919448153093013,0.8708055184690698,Toujours inscrit
8979599,Bac+3,"Cosmétique, esthétique, soins personnels",_ETUDIANT / ÉLÈVE,Île-de-France,Seine-St-Denis (93),30,25,5,60,A,1,0,1,0,0,1,0,0,False,False,0.08904109589041095,0.910958904109589,Toujours inscrit
6463853,Bac+2,"Santé, paramédical",Etudiant,Île-de-France,Seine-St-Denis (93),30,25,5,60,A,0,0,0,3,0,14,0,0,False,True,0.10368423437712421,0.8963157656228757,Toujours inscrit
5421078,6ème,"Tourisme, hôtellerie, restauration",Parent,Île-de-France,Seine-St-Denis (93),30,25,5,60,A,0,0,0,1,0,8,0,0,False,True,0.23049660411459877,0.7695033958854012,Toujours inscrit
8544096,3ème,Economie,Collégien,Île-de-France,Seine-St-Denis (93),30,25,5,60,A,0,0,0,2,0,2,0,0,False,False,0.29304713019132056,0.7069528698086794,Toujours inscrit
5979467,Première,"Lettres, langues et sciences humaines",Parent,Île-de-France,Seine-St-Denis (93),30,25,5,60,A,1,0,1,0,0,1,0,0,False,False,0.2150048195351826,0.7849951804648174,Toujours inscrit
8608006,5ème,(Vide),_ETUDIANT / ÉLÈVE,Île-de-France,Seine-St-Denis (93),30,15,15,60,A,1,1,1,10,0,27,0,0,True,False,0.1989537354912539,0.8010462645087462,Toujours inscrit
7112062,Terminale,"Arts, audiovisuel, culture",Parent,Île-de-France,Seine-St-Denis (93),30,25,5,60,A,0,0,0,1,0,1,0,0,False,False,0.09754631593833969,0.9024536840616603,Toujours inscrit
7502626,Bac+3,"Sciences de la vie (biologie, biotechnologies...)",Etudiant,Île-de-France,Seine-St-Denis (93),30,25,5,60,A,0,0,0,1,0,2,0,0,False,False,0.18368323464322028,0.8163167653567797,Toujours inscrit
7238161,Bac+3,"Communication, information, journalisme",Etudiant,Île-de-France,Seine-St-Denis (93),30,25,5,60,A,0,0,0,2,0,2,0,0,False,False,0.12273320760191499,0.877266792398085,Toujours inscrit
9012134,Seconde Générale et Technologique,"Sciences de la vie (biologie, biotechnologies...)",Lycéen,Île-de-France,Seine-St-Denis (93),30,25,5,60,A,0,0,0,2,0,20,0,0,True,True,0.08166437496263526,0.9183356250373648,Toujours inscrit
7488051,Bac+2,"Lettres, langues et sciences humaines",_ETUDIANT / ÉLÈVE,Île-de-France,Seine-St-Denis (93),30,25,5,60,A,0,0,0,1,0,3,0,0,False,False,0.09754631593833969,0.9024536840616603,Toujours inscrit
4974661,Première Pro,"Banque, assurance, finance, immobilier",_ETUDIANT / ÉLÈVE,Île-de-France,Seine-St-Denis (93),30,25,5,60,A,0,0,0,2,0,2,0,0,False,False,0.12258440046565774,0.8774155995343422,Toujours inscrit
7660709,Bac+3,"Education, formation",Etudiant,Île-de-France,Seine-St-Denis (93),30,25,5,60,A,0,0,0,1,0,2,0,0,False,False,0.10368423437712421,0.8963157656228757,Toujours inscrit
7591936,Seconde Générale et Technologique,"Digital, Informatique, multimédia",Lycéen,Île-de-France,Seine-St-Denis (93),30,25,5,60,A,0,0,0,2,0,2,0,0,False,False,0.12157898994256748,0.8784210100574326,Toujours inscrit
7707079,Bac+3,"Armée, défense, sécurité",_ETUDIANT / ÉLÈVE,Île-de-France,Seine-St-Denis (93),30,25,5,60,A,0,0,0,2,0,2,0,0,False,False,0.0655492687092986,0.9344507312907014,Toujours inscrit
7624575,Terminale,"Droit, science politique, administration publique",_ETUDIANT / ÉLÈVE,Île-de-France,Seine-et-Marne (77),30,25,5,60,A,0,0,0,2,0,193,0,0,True,False,0.09394843178756976,0.9060515682124303,Toujours inscrit
7877326,5ème,(Vide),_ETUDIANT / ÉLÈVE,Île-de-France,Seine-et-Marne (77),30,15,15,60,A,1,1,1,3,1,12,0,0,False,False,0.219120654396728,0.780879345603272,Toujours inscrit
5841826,Terminale technologique,"Comptabilité, gestion, ressources humaines",_ETUDIANT / ÉLÈVE,Île-de-France,Seine-et-Marne (77),30,25,5,60,A,0,0,0,1,0,1,0,0,False,False,0.17164053751399777,0.8283594624860022,Toujours inscrit
9030311,Bac+3,Technologie industrielle,Etudiant,Île-de-France,Seine-et-Marne (77),30,25,5,60,A,0,0,0,1,0,1,0,0,False,False,0.12589896509384318,0.8741010349061568,Toujours inscrit
4676290,3ème,"Lettres, langues et sciences humaines",_ETUDIANT / ÉLÈVE,Île-de-France,Seine-et-Marne (77),30,25,5,60,A,0,0,0,1,0,2,0,0,False,False,0.3923214285714286,0.6076785714285714,Toujours inscrit
8614011,Terminale,"Lettres, langues et sciences humaines",_ETUDIANT / ÉLÈVE,Île-de-France,Seine-et-Marne (77),30,25,5,60,A,1,0,1,0,0,1,0,0,True,True,0.1662977897704878,0.8337022102295122,Toujours inscrit
7357136,Seconde Générale et Technologique,"Education, formation",Parent,Île-de-France,Seine-et-Marne (77),30,25,5,60,A,0,0,0,1,0,2,0,0,False,False,0.16021567494704408,0.8397843250529559,Toujours inscrit
6130336,Bac+1,"Digital, Informatique, multimédia",Etudiant,Île-de-France,Seine-et-Marne (77),30,25,5,60,A,1,0,1,0,0,0,0,0,,,0.13054266911209408,0.8694573308879059,Toujours inscrit
7508414,Bac+2,"Lettres, langues et sciences humaines",_ETUDIANT / ÉLÈVE,Île-de-France,Seine-et-Marne (77),30,25,5,60,A,0,0,0,1,0,2,0,0,False,False,0.17766776677667767,0.8223322332233224,Toujours inscrit
7651963,Bac+2,"Armée, défense, sécurité",_ETUDIANT / ÉLÈVE,Île-de-France,Seine-et-Marne (77),30,25,5,60,A,0,0,0,1,0,1,0,0,False,False,0.13513022410660205,0.864869775893398,Toujours inscrit
5832045,Terminale,"Commerce, vente, marketing",Lycéen,Île-de-France,Seine-et-Marne (77),30,25,5,60,A,0,0,0,1,0,1,0,0,False,False,0.3923214285714286,0.6076785714285714,Toujours inscrit
8368416,CAP/BEP,"Mécanique, aéronautique, automobile",_ETUDIANT / ÉLÈVE,Île-de-France,Seine-et-Marne (77),30,25,5,60,A,0,0,0,4,0,59,0,0,True,True,0.20289031419988635,0.7971096858001137,Toujours inscrit
6247928,Première,"Sciences de la matière (chimie, physique, matériaux, optique…)",_ETUDIANT / ÉLÈVE,Île-de-France,Seine-et-Marne (77),30,25,5,60,A,0,0,0,3,0,98,0,0,True,False,0.20193587416817907,0.798064125831821,Toujours inscrit
8271698,Seconde Générale et Technologique,"Action sociale, animation, sciences sociales",Lycéen,Île-de-France,Seine-et-Marne (77),30,25,5,60,A,0,0,0,2,0,2,0,0,False,False,0.33581049698095683,0.6641895030190432,Toujours inscrit
6915734,Terminale Pro,(Vide),Lycéen,Île-de-France,Seine-et-Marne (77),30,15,15,60,A,1,1,1,7,0,121,0,0,True,True,0.19801779935275082,0.8019822006472492,Toujours inscrit
8534392,Terminale technologique,"Santé, paramédical",_ETUDIANT / ÉLÈVE,Île-de-France,Seine-et-Marne (77),30,25,5,60,A,1,0,1,0,0,2,0,0,False,False,0.33581049698095683,0.6641895030190432,Toujours inscrit
8931045,Terminale technologique,Je ne sais pas quoi faire,Parent,Île-de-France,Seine-et-Marne (77),30,15,15,60,A,1,1,2,2,0,1,0,0,False,False,0.12293945462948698,0.877060545370513,Toujours inscrit
5004221,Terminale,Economie,Lycéen,Île-de-France,Seine-et-Marne (77),30,25,5,60,A,0,0,0,2,0,2,0,0,False,False,0.17235188509874327,0.8276481149012568,Toujours inscrit
7524070,Seconde Générale et Technologique,Sport,_ETUDIANT / ÉLÈVE,Île-de-France,Seine-et-Marne (77),30,25,5,60,A,0,0,0,1,0,2,0,0,False,False,0.12293945462948698,0.877060545370513,Toujours inscrit
6653295,Première technologique,"Education, formation",_ETUDIANT / ÉLÈVE,Île-de-France,Seine-et-Marne (77),30,25,5,60,A,0,0,0,1,0,1,0,0,False,False,0.12003048393242728,0.8799695160675727,Toujours inscrit
5618585,Bac+2,"Arts, audiovisuel, culture",Etudiant,Hauts-de-France,Somme (80),30,25,5,60,A,0,0,0,1,0,1,0,0,False,False,0.14587525150905434,0.8541247484909457,Toujours inscrit
6440959,Terminale Pro,"Mécanique, aéronautique, automobile",Lycéen,Hauts-de-France,Somme (80),30,25,5,60,A,1,0,1,0,0,0,0,0,,,0.07736572890025575,0.9226342710997443,Toujours inscrit
8088135,Terminale Pro,"Santé, paramédical",Parent,Hauts-de-France,Somme (80),30,25,5,60,A,1,0,1,0,0,3,0,0,False,False,0.12390082168084186,0.8760991783191582,Toujours inscrit
7485187,Terminale,Economie,Lycéen,Hauts-de-France,Somme (80),30,25,5,60,A,0,0,0,1,0,2,0,0,False,False,0.10036363636363636,0.8996363636363637,Toujours inscrit
6132516,Bac+4,Sport,Etudiant,Hauts-de-France,Somme (80),30,25,5,60,A,0,0,0,2,0,2,0,0,False,False,0.12390082168084186,0.8760991783191582,Toujours inscrit
5934234,Terminale,Sport,Lycéen,Île-de-France,Val-D'Oise (95),30,25,5,60,A,0,0,0,1,0,1,0,0,False,False,0.18775248477075987,0.8122475152292401,Toujours inscrit
6748158,Première,"Arts, audiovisuel, culture",Lycéen,Île-de-France,Val-D'Oise (95),30,25,5,60,A,0,0,0,5,0,88,0,0,True,True,0.14786663260091978,0.8521333673990802,Toujours inscrit
5424743,Première,"Lettres, langues et sciences humaines",_ETUDIANT / ÉLÈVE,Île-de-France,Val-D'Oise (95),30,25,5,60,A,0,0,0,1,0,1,0,0,False,False,0.13708011740406567,0.8629198825959343,Toujours inscrit
9011725,Première,"Commerce, vente, marketing",Lycéen,Île-de-France,Val-D'Oise (95),30,25,5,60,A,0,0,0,1,0,17,0,0,True,False,0.2136267644770479,0.7863732355229521,Toujours inscrit
8803374,Première,"Armée, défense, sécurité","En recherche d'emploi, de stage / Jeune diplômé",Île-de-France,Val-D'Oise (95),30,25,5,60,A,0,0,0,3,0,22,0,0,True,True,0.16504293724270253,0.8349570627572974,Toujours inscrit
8628132,6ème,"Santé, paramédical",Parent,Île-de-France,Val-D'Oise (95),30,25,5,60,A,0,0,0,2,0,2,0,0,False,False,0.09324067593240676,0.9067593240675932,Toujours inscrit
7652834,Seconde Pro,"Digital, Informatique, multimédia",Lycéen,Île-de-France,Val-D'Oise (95),30,25,5,60,A,0,0,0,4,0,148,0,0,True,True,0.22121655796619194,0.7787834420338081,Toujours inscrit
7512678,Terminale Pro,"Banque, assurance, finance, immobilier",_ETUDIANT / ÉLÈVE,Île-de-France,Val-D'Oise (95),30,25,5,60,A,0,0,0,2,0,2,0,0,False,False,0.06557076956871934,0.9344292304312807,Toujours inscrit
7935769,Première,(Vide),_ETUDIANT / ÉLÈVE,Île-de-France,Val-D'Oise (95),30,15,15,60,A,1,1,1,108,0,114,0,0,True,True,0.09233152594887684,0.9076684740511232,Toujours inscrit
8944735,Terminale,Economie,_ETUDIANT / ÉLÈVE,Île-de-France,Val-D'Oise (95),30,25,5,60,A,1,0,1,0,0,33,0,0,True,True,0.2146341463414634,0.7853658536585366,Toujours inscrit
8372197,Bac+3,"Transport, logistique",Etudiant,Île-de-France,Val-D'Oise (95),30,25,5,60,A,0,0,0,2,0,2,0,0,False,False,0.18775248477075987,0.8122475152292401,Toujours inscrit
7391569,Terminale,"Sciences de la matière (chimie, physique, matériaux, optique…)",Parent,Île-de-France,Val-D'Oise (95),30,25,5,60,A,0,0,0,1,0,3,0,0,False,False,0.262699564586357,0.737300435413643,Toujours inscrit
7314169,Seconde Générale et Technologique,(Vide),Parent,Île-de-France,Val-D'Oise (95),30,15,15,60,A,1,1,1,45,0,88,0,0,True,True,0.13691020221638295,0.863089797783617,Toujours inscrit
8821628,Terminale Pro,Luxe,_ETUDIANT / ÉLÈVE,Île-de-France,Val-de-Marne (94),30,25,5,60,A,0,0,0,1,0,1,0,0,False,False,0.07275103463297757,0.9272489653670224,Toujours inscrit
7569082,Terminale,"International, études à l'étranger",_ETUDIANT / ÉLÈVE,Île-de-France,Val-de-Marne (94),30,25,5,60,A,0,0,0,2,0,5,0,0,False,False,0.3429161645722155,0.6570838354277845,Toujours inscrit
6639622,Première,"Génie civil, bâtiment",Lycéen,Île-de-France,Val-de-Marne (94),30,25,5,60,A,0,0,0,1,0,1,0,0,False,False,0.26882475070912654,0.7311752492908735,Toujours inscrit
7854177,Première,"Sciences de la vie (biologie, biotechnologies...)",_ETUDIANT / ÉLÈVE,Île-de-France,Val-de-Marne (94),30,25,5,60,A,1,0,1,0,0,4,0,0,True,True,0.3429161645722155,0.6570838354277845,Toujours inscrit
7560046,Terminale,"Architecture, géographie, aménagement",_ETUDIANT / ÉLÈVE,Île-de-France,Val-de-Marne (94),30,25,5,60,A,0,0,0,1,0,1,0,0,False,False,0.1492524649142159,0.8507475350857842,Toujours inscrit
7755019,Seconde Générale et Technologique,"Santé, paramédical",Lycéen,Île-de-France,Val-de-Marne (94),30,25,5,60,A,0,0,0,2,0,2,0,0,False,False,0.15218622208241586,0.8478137779175842,Toujours inscrit
6534837,Seconde Générale et Technologique,"Arts, audiovisuel, culture",_ETUDIANT / ÉLÈVE,Île-de-France,Val-de-Marne (94),30,25,5,60,A,0,0,0,3,0,41,0,0,True,False,0.2040369782834637,0.7959630217165363,Toujours inscrit
8397784,3ème,"Commerce, vente, marketing",Parent,Île-de-France,Val-de-Marne (94),30,25,5,60,A,0,0,0,1,0,2,0,0,False,False,0.34788858049167326,0.6521114195083267,Toujours inscrit
8471397,Bac+1,"Banque, assurance, finance, immobilier",_ETUDIANT / ÉLÈVE,Île-de-France,Val-de-Marne (94),30,25,5,60,A,0,0,0,1,0,2,0,0,False,,0.1760579083689257,0.8239420916310742,Toujours inscrit
6759622,Terminale Pro,"Comptabilité, gestion, ressources humaines","En recherche d'emploi, de stage / Jeune diplômé",Île-de-France,Val-de-Marne (94),30,25,5,60,A,0,0,0,1,0,1,0,0,False,False,0.21852039952598612,0.7814796004740139,Toujours inscrit
5213062,Terminale,"Commerce, vente, marketing",Lycéen,Île-de-France,Val-de-Marne (94),30,25,5,60,A,0,0,0,1,0,1,0,0,,,0.4016652455233987,0.5983347544766013,Toujours inscrit
6532350,Bac+1,"Sciences de la matière (chimie, physique, matériaux, optique…)",_ETUDIANT / ÉLÈVE,Île-de-France,Val-de-Marne (94),30,25,5,60,A,0,0,0,1,0,1,0,0,False,False,0.4152407343262903,0.5847592656737097,Toujours inscrit
6920067,Seconde Générale et Technologique,"Architecture, géographie, aménagement",Lycéen,Île-de-France,Val-de-Marne (94),30,25,5,60,A,0,0,0,1,0,59,0,0,True,True,0.10459023265562775,0.8954097673443723,Toujours inscrit
6651602,Terminale,"International, études à l'étranger",_ETUDIANT / ÉLÈVE,Île-de-France,Val-de-Marne (94),30,25,5,60,A,0,0,0,1,0,1,0,0,False,False,0.4152407343262903,0.5847592656737097,Toujours inscrit
5208178,Terminale,"Digital, Informatique, multimédia",Lycéen,Île-de-France,Val-de-Marne (94),30,25,5,60,A,0,0,0,1,0,1,0,0,False,False,0.25415676959619954,0.7458432304038005,Toujours inscrit
6696668,Bac +5 et au delà,"Commerce, vente, marketing","En recherche d'emploi, de stage / Jeune diplômé",Île-de-France,Val-de-Marne (94),30,25,5,60,A,0,0,0,2,0,2,0,0,False,False,0.45192889103881967,0.5480711089611803,Toujours inscrit
6013940,Bac+4,Economie,Etudiant,Île-de-France,Val-de-Marne (94),30,25,5,60,A,1,0,1,0,0,0,0,0,False,False,0.26882475070912654,0.7311752492908735,Toujours inscrit
5461457,Bac+1,"Lettres, langues et sciences humaines",_ETUDIANT / ÉLÈVE,Île-de-France,Val-de-Marne (94),30,25,5,60,A,0,0,0,2,0,2,0,0,False,False,0.2728174603174603,0.7271825396825397,Toujours inscrit
5300115,Seconde Générale et Technologique,"Tourisme, hôtellerie, restauration",Lycéen,Île-de-France,Val-de-Marne (94),30,25,5,60,A,0,0,0,1,0,1,0,0,False,False,0.2321663379355687,0.7678336620644313,Toujours inscrit
6791135,Première Générale Agricole,Sport,_ETUDIANT / ÉLÈVE,Provence-Alpes-Côte d'Azur,Var (83),30,25,5,60,A,1,0,1,0,0,2,0,0,False,False,0.13061713600958658,0.8693828639904134,Toujours inscrit
8752646,Terminale technologique,"Banque, assurance, finance, immobilier",Lycéen,Provence-Alpes-Côte d'Azur,Var (83),30,25,5,60,A,0,0,0,1,0,1,0,0,False,False,0.22952360297838503,0.770476397021615,Toujours inscrit
7585331,Première,"Sciences de la matière (chimie, physique, matériaux, optique…)",_ETUDIANT / ÉLÈVE,Provence-Alpes-Côte d'Azur,Var (83),30,25,5,60,A,0,0,0,2,0,3,0,0,False,False,0.19733452794265877,0.8026654720573413,Toujours inscrit
9007279,Terminale technologique,"Lettres, langues et sciences humaines",_ETUDIANT / ÉLÈVE,Provence-Alpes-Côte d'Azur,Var (83),30,25,5,60,A,0,0,0,5,0,30,0,0,True,False,0.13570885518786763,0.8642911448121323,Toujours inscrit
6654356,Bac+2,"Santé, paramédical","En recherche d'emploi, de stage / Jeune diplômé",Provence-Alpes-Côte d'Azur,Var (83),30,25,5,60,A,0,0,0,1,0,1,0,0,False,False,0.11167048054919909,0.888329519450801,Toujours inscrit
7417646,Bac+1,Sport,_ETUDIANT / ÉLÈVE,Provence-Alpes-Côte d'Azur,Var (83),30,25,5,60,A,0,0,0,1,0,2,0,0,False,False,0.1384402399630826,0.8615597600369174,Toujours inscrit
5129513,Première technologique,Economie,Lycéen,Provence-Alpes-Côte d'Azur,Var (83),30,25,5,60,A,0,0,0,2,0,2,0,0,False,False,0.33500417710944025,0.6649958228905597,Toujours inscrit
4985777,Terminale Générale Agricole,"Armée, défense, sécurité",_ETUDIANT / ÉLÈVE,Provence-Alpes-Côte d'Azur,Var (83),30,25,5,60,A,0,0,0,2,0,2,0,0,False,False,0.21865141955835962,0.7813485804416404,Toujours inscrit
4976968,Terminale,Economie,_ETUDIANT / ÉLÈVE,Provence-Alpes-Côte d'Azur,Var (83),30,25,5,60,A,0,0,0,1,0,2,0,0,False,False,0.24087309252462816,0.7591269074753718,Toujours inscrit
6593968,Terminale,Luxe,Lycéen,Provence-Alpes-Côte d'Azur,Var (83),30,25,5,60,A,0,0,0,2,0,3,0,0,False,False,0.13248826036209657,0.8675117396379034,Toujours inscrit
8274529,Bac+3,"Arts, audiovisuel, culture",_ETUDIANT / ÉLÈVE,Provence-Alpes-Côte d'Azur,Var (83),30,25,5,60,A,0,0,0,1,0,2,0,0,False,False,0.1487603305785124,0.8512396694214877,Toujours inscrit
8751351,Bac+2,Luxe,_ETUDIANT / ÉLÈVE,Provence-Alpes-Côte d'Azur,Var (83),30,25,5,60,A,0,0,0,1,0,1,0,0,False,False,0.19733452794265877,0.8026654720573413,Toujours inscrit
7944538,Première,"Commerce, vente, marketing",Lycéen,Provence-Alpes-Côte d'Azur,Var (83),30,25,5,60,A,0,0,0,2,0,2,0,0,False,False,0.13732542343064338,0.8626745765693566,Toujours inscrit
7547766,Première,"Communication, information, journalisme",_ETUDIANT / ÉLÈVE,Provence-Alpes-Côte d'Azur,Var (83),30,25,5,60,A,0,0,0,1,0,2,0,0,False,False,0.19545454545454546,0.8045454545454546,Toujours inscrit
5377505,Bac+3,"Mécanique, aéronautique, automobile",_ETUDIANT / ÉLÈVE,Provence-Alpes-Côte d'Azur,Vaucluse (84),30,25,5,60,A,0,0,0,3,0,4,0,0,False,False,0.12357006673021925,0.8764299332697807,Toujours inscrit
6718987,Bac+2,Sport,"En recherche d'emploi, de stage / Jeune diplômé",Provence-Alpes-Côte d'Azur,Vaucluse (84),30,25,5,60,A,0,0,0,1,0,1,0,0,False,False,0.14105580802184184,0.8589441919781582,Toujours inscrit
6753208,Bac +5 et au delà,Sport,Etudiant,Provence-Alpes-Côte d'Azur,Vaucluse (84),30,25,5,60,A,0,0,0,1,0,1,0,0,False,False,0.2072492772959751,0.7927507227040249,Toujours inscrit
7897891,CAP/BEP,(Vide),Parent,Provence-Alpes-Côte d'Azur,Vaucluse (84),30,15,15,60,A,1,1,1,39,0,40,0,0,True,False,0.15004226542688082,0.8499577345731192,Toujours inscrit
7024239,Terminale,"Commerce, vente, marketing",_ETUDIANT / ÉLÈVE,Pays de la Loire,Vendée (85),30,25,5,60,A,1,0,1,0,0,1,0,0,False,False,0.1856140350877193,0.8143859649122807,Toujours inscrit
8492546,4ème,"Comptabilité, gestion, ressources humaines",Collégien,Pays de la Loire,Vendée (85),30,25,5,60,A,0,0,0,3,0,24,0,0,True,False,0.13062098501070663,0.8693790149892934,Toujours inscrit
6362958,Terminale Pro,"Sciences de la Terre (environnement, agriculture, agronomie ...)",Lycéen,Pays de la Loire,Vendée (85),30,25,5,60,A,1,0,1,0,0,0,0,0,,,0.12264584290307763,0.8773541570969223,Toujours inscrit
7074244,4ème,"Santé, paramédical",Collégien,Pays de la Loire,Vendée (85),30,25,5,60,A,0,0,0,1,0,1,0,0,False,False,0.13931656027037176,0.8606834397296282,Toujours inscrit
6724716,Terminale,"Tourisme, hôtellerie, restauration",Lycéen,Pays de la Loire,Vendée (85),30,25,5,60,A,0,0,0,2,0,29,0,0,False,False,0.13911598537720174,0.8608840146227983,Toujours inscrit
7397082,Bac+1,"Banque, assurance, finance, immobilier",_ETUDIANT / ÉLÈVE,Pays de la Loire,Vendée (85),30,25,5,60,A,0,0,0,1,0,2,0,0,False,False,0.11345888837850253,0.8865411116214975,Toujours inscrit
4994967,Bac+1,Economie,"En recherche d'emploi, de stage / Jeune diplômé",Pays de la Loire,Vendée (85),30,25,5,60,A,0,0,0,2,0,2,0,0,False,False,0.14040432013292717,0.8595956798670729,Toujours inscrit
8231427,Bac+2,"Action sociale, animation, sciences sociales",Etudiant,Nouvelle-Aquitaine,Vienne (86),30,25,5,60,A,0,0,0,2,0,2,0,0,False,False,0.16355086022751736,0.8364491397724827,Toujours inscrit
6383481,3ème,"Communication, information, journalisme",Parent,Nouvelle-Aquitaine,Vienne (86),30,25,5,60,A,1,0,1,0,0,0,0,0,,,0.18698319551880502,0.813016804481195,Toujours inscrit
6365481,Terminale,"International, études à l'étranger",_ETUDIANT / ÉLÈVE,Nouvelle-Aquitaine,Vienne (86),30,25,5,60,A,1,0,1,0,0,0,0,0,,,0.12220068906115418,0.8777993109388458,Toujours inscrit
6975776,3ème,(Vide),Collégien,Île-de-France,Yvelines (78),30,15,15,60,A,1,1,1,14,0,14,0,0,False,False,0.35891402714932125,0.6410859728506787,Toujours inscrit
5030729,Terminale technologique,"Commerce, vente, marketing",_ETUDIANT / ÉLÈVE,Île-de-France,Yvelines (78),30,25,5,60,A,0,0,0,1,0,1,0,0,False,False,0.3673042383394745,0.6326957616605254,Toujours inscrit
6723814,Terminale,"Sciences de la matière (chimie, physique, matériaux, optique…)",Lycéen,Île-de-France,Yvelines (78),30,25,5,60,A,0,0,0,1,0,2,0,0,False,False,0.2104905623756611,0.7895094376243389,Toujours inscrit
7587680,Première,Je ne sais pas quoi faire,_ETUDIANT / ÉLÈVE,Île-de-France,Yvelines (78),30,15,15,60,A,1,1,1,105,0,124,0,0,True,True,0.2778492021477728,0.7221507978522271,Toujours inscrit
7619837,Bac+1,"Communication, information, journalisme",_ETUDIANT / ÉLÈVE,Île-de-France,Yvelines (78),30,25,5,60,A,0,0,0,2,0,2,0,0,False,False,0.4054109448657512,0.5945890551342489,Toujours inscrit
9000132,Première,"Sciences de la Terre (environnement, agriculture, agronomie ...)",_ETUDIANT / ÉLÈVE,Île-de-France,Yvelines (78),30,25,5,60,A,0,0,0,1,0,1,0,0,False,False,0.17572692793931732,0.8242730720606827,Toujours inscrit
8294947,Terminale Pro,"Digital, Informatique, multimédia",_ETUDIANT / ÉLÈVE,Île-de-France,Yvelines (78),30,25,5,60,A,0,0,0,2,0,2,0,0,False,False,0.28334509527170076,0.7166549047282992,Toujours inscrit
7077128,Terminale,"Energie, électricité",Lycéen,Île-de-France,Yvelines (78),30,25,5,60,A,1,0,1,0,0,1,0,0,False,False,0.23755984013351486,0.7624401598664852,Toujours inscrit
8150391,3ème,"Santé, paramédical",_ETUDIANT / ÉLÈVE,Île-de-France,Yvelines (78),30,25,5,60,A,0,0,0,1,0,26,0,0,True,False,0.46795074202715503,0.532049257972845,Toujours inscrit
6596052,3ème,"Banque, assurance, finance, immobilier",_ETUDIANT / ÉLÈVE,Île-de-France,Yvelines (78),30,25,5,60,A,0,0,0,2,0,4,0,0,False,False,0.3673042383394745,0.6326957616605254,Toujours inscrit
6826888,Seconde Générale et Technologique,"Droit, science politique, administration publique",Parent,Île-de-France,Yvelines (78),30,25,5,60,A,0,0,0,1,0,1,0,0,False,False,0.4398608349900596,0.5601391650099403,Toujours inscrit
8459657,Seconde Générale et Technologique,"Banque, assurance, finance, immobilier",Lycéen,Île-de-France,Yvelines (78),30,25,5,60,A,0,0,0,1,0,2,0,0,False,False,0.3673042383394745,0.6326957616605254,Toujours inscrit
5789524,Terminale,"Mécanique, aéronautique, automobile",Lycéen,Île-de-France,Yvelines (78),30,25,5,60,A,0,0,0,3,0,3,0,0,False,False,0.38087594588397156,0.6191240541160284,Toujours inscrit
5205238,Terminale,"Arts, audiovisuel, culture",Lycéen,Île-de-France,Yvelines (78),30,25,5,60,A,0,0,0,1,0,1,0,0,,,0.2599299412218726,0.7400700587781274,Toujours inscrit
6500319,Bac+1,"Digital, Informatique, multimédia",_ETUDIANT / ÉLÈVE,Île-de-France,Yvelines (78),30,25,5,60,A,0,0,0,5,0,139,0,0,False,True,0.3673042383394745,0.6326957616605254,Toujours inscrit
5317029,Bac+2,"Energie, électricité",_ETUDIANT / ÉLÈVE,Île-de-France,Yvelines (78),30,25,5,60,A,0,0,0,1,0,1,0,0,False,False,0.20862239841427155,0.7913776015857285,Toujours inscrit
6183694,Terminale,"Arts, audiovisuel, culture",_ETUDIANT / ÉLÈVE,Île-de-France,Yvelines (78),30,25,5,60,A,1,0,1,0,0,0,0,0,True,True,0.28659685863874346,0.7134031413612566,Toujours inscrit
7319569,Terminale technologique,Luxe,_ETUDIANT / ÉLÈVE,Île-de-France,Yvelines (78),30,25,5,60,A,1,0,1,0,0,90,0,0,True,True,0.3673042383394745,0.6326957616605254,Toujours inscrit
5543349,Seconde Générale et Technologique,"Santé, paramédical",Lycéen,Île-de-France,Yvelines (78),30,25,5,60,A,0,0,0,5,0,18,0,0,False,True,0.3361720842829155,0.6638279157170844,Toujours inscrit
7773278,3ème,Luxe,_ETUDIANT / ÉLÈVE,Île-de-France,Yvelines (78),30,25,5,60,A,1,0,1,0,0,1,0,0,False,True,0.2797494780793319,0.7202505219206681,Toujours inscrit
7780730,Bac+3,"Architecture, géographie, aménagement",Etudiant,Île-de-France,Yvelines (78),30,25,5,60,A,1,0,1,0,0,1,0,0,True,True,0.3673042383394745,0.6326957616605254,Toujours inscrit
8181168,Première,(Vide),Parent,Île-de-France,Yvelines (78),30,15,15,60,A,1,1,1,23,0,44,0,0,True,False,0.2104905623756611,0.7895094376243389,Toujours inscrit
6735048,Bac +5 et au delà,"Génie civil, bâtiment",_ETUDIANT / ÉLÈVE,Île-de-France,Yvelines (78),30,25,5,60,A,0,0,0,3,0,3,0,0,False,False,0.22100988058434867,0.7789901194156513,Toujours inscrit
7008873,Terminale technologique,"Armée, défense, sécurité",_ETUDIANT / ÉLÈVE,Île-de-France,Yvelines (78),30,25,5,60,A,0,0,0,1,0,1,0,0,False,False,0.4130253270247704,0.5869746729752296,Toujours inscrit
5214980,Terminale,Economie,_ETUDIANT / ÉLÈVE,Île-de-France,Yvelines (78),30,25,5,60,A,0,0,0,1,0,1,0,0,,,0.2778492021477728,0.7221507978522271,Toujours inscrit
5258896,Bac+4,"Communication, information, journalisme",Parent,Nouvelle-Aquitaine,Landes (40),30,25,0,55,A,0,0,0,0,0,0,0,0,,,0.11241154055525313,0.8875884594447468,Toujours inscrit
5246604,Terminale,"Lettres, langues et sciences humaines",Etudiant,Provence-Alpes-Côte d'Azur,Hautes-Alpes (05),30,25,0,55,A,0,0,0,0,0,0,0,0,False,False,0.148,0.852,Toujours inscrit
5038042,3ème,"Droit, science politique, administration publique",_ETUDIANT / ÉLÈVE,Occitanie,Ariège (09),30,25,0,55,A,0,0,0,0,0,0,0,0,False,False,0.20378151260504201,0.7962184873949579,Toujours inscrit
5182077,3ème,"Communication, information, journalisme",Collégien,Nouvelle-Aquitaine,Dordogne (24),30,25,0,55,A,0,0,0,0,0,0,0,0,False,False,0.13245690189755674,0.8675430981024432,Toujours inscrit
6689161,Première,"Education, formation",Lycéen,Occitanie,Tarn (81),30,25,0,55,A,0,0,0,0,0,1,0,0,False,False,0.12420680328721523,0.8757931967127848,Toujours inscrit
7063415,Seconde Générale et Technologique,Sport,_ETUDIANT / ÉLÈVE,Guyane,Guyane (973),30,25,0,55,A,0,0,0,0,0,1,0,0,False,False,0.11212409851680501,0.887875901483195,Toujours inscrit
5255837,Seconde Générale et Technologique,"Armée, défense, sécurité",_ETUDIANT / ÉLÈVE,Hauts-de-France,Aisne (02),30,25,0,55,A,0,0,0,0,0,0,0,0,,,0.09150442477876106,0.9084955752212389,Toujours inscrit
6666962,Bac +5 et au delà,"Armée, défense, sécurité",_ETUDIANT / ÉLÈVE,,Corse (20),30,25,0,55,A,0,0,0,0,0,1,0,0,True,False,0.1334920857262922,0.8665079142737078,Toujours inscrit
5121485,Bac+3,"Mécanique, aéronautique, automobile",_ETUDIANT / ÉLÈVE,Bourgogne-Franche-Comté,Territoire de Belfort (90),30,25,0,55,A,0,0,0,0,0,0,0,0,True,True,,,Toujours inscrit
5232697,Terminale,"Tourisme, hôtellerie, restauration",Lycéen,Nouvelle-Aquitaine,Haute-Vienne (87),30,25,0,55,A,0,0,0,0,0,0,0,0,False,False,0.1475714928659182,0.8524285071340818,Toujours inscrit
8873079,Seconde Générale et Technologique,Economie,Lycéen,Normandie,Orne (61),30,25,0,55,A,0,0,0,0,0,1,0,0,False,False,0.11030679076180627,0.8896932092381937,Toujours inscrit
5641872,Bac+1,Sport,Etudiant,Grand Est,Aube (10),30,25,0,55,A,0,0,0,0,0,1,0,0,False,False,0.1593809394515341,0.8406190605484659,Toujours inscrit
8646747,Bac+1,Sport,_ETUDIANT / ÉLÈVE,Occitanie,Lozère (48),30,25,0,55,A,0,0,0,0,0,1,0,0,False,False,0.10945273631840796,0.8905472636815921,Toujours inscrit
5659588,Bac+3,"Vétérinaire, soins aux animaux",Collégien,Bourgogne-Franche-Comté,Yonne (89),30,25,0,55,A,0,0,0,0,0,0,0,0,False,False,,,Toujours inscrit
8677270,Terminale,Technologie industrielle,Lycéen,Bourgogne-Franche-Comté,Yonne (89),30,25,0,55,A,0,0,0,0,0,1,0,0,False,False,0.11566018423746162,0.8843398157625384,Toujours inscrit
8668632,Terminale,Je ne sais pas quoi faire,Lycéen,Nouvelle-Aquitaine,Haute-Vienne (87),30,15,10,55,A,1,1,1,1,0,2,0,0,False,False,0.10391978122151321,0.8960802187784868,Toujours inscrit
5070778,Terminale Pro,"Droit, science politique, administration publique",_ETUDIANT / ÉLÈVE,Occitanie,Aude (11),30,25,0,55,A,0,0,0,0,0,0,0,0,True,True,0.10493519441674976,0.8950648055832503,Toujours inscrit
6798645,CAP/BEP,"Lettres, langues et sciences humaines",_ETUDIANT / ÉLÈVE,Auvergne-Rhône-Alpes,Allier (03),30,25,0,55,A,0,0,0,0,0,0,0,0,False,False,0.12036167214654768,0.8796383278534523,Toujours inscrit
5225579,Terminale,"Commerce, vente, marketing",Lycéen,Occitanie,Tarn-et-Garonne (82),30,25,0,55,A,0,0,0,0,0,0,0,0,,,0.12565656565656566,0.8743434343434343,Toujours inscrit
7641834,Bac+3,"Digital, Informatique, multimédia","En recherche d'emploi, de stage / Jeune diplômé",Guadeloupe,Guadeloupe (971),30,25,0,55,A,0,0,0,0,0,2,0,0,False,False,,,Toujours inscrit
6995059,Bac+3,"Communication, information, journalisme",Parent,Nouvelle-Aquitaine,Haute-Vienne (87),30,25,0,55,A,0,0,0,0,0,0,0,0,True,True,0.17966006461581682,0.8203399353841831,Toujours inscrit
4986806,6ème,"Santé, paramédical",_ETUDIANT / ÉLÈVE,Occitanie,Pyrénées-Orientales (66),30,25,0,55,A,0,0,0,0,0,2,0,0,False,False,0.17096840801156307,0.8290315919884369,Toujours inscrit
5491540,Terminale,Economie,_ETUDIANT / ÉLÈVE,Nouvelle-Aquitaine,Landes (40),30,25,0,55,A,0,0,0,0,0,0,0,0,True,True,0.12438648155938858,0.8756135184406114,Toujours inscrit
5385616,4ème,"Digital, Informatique, multimédia",_ETUDIANT / ÉLÈVE,Bourgogne-Franche-Comté,Côte-d'Or (21),30,25,0,55,A,0,0,0,0,0,133,0,0,True,True,0.17950502706883217,0.8204949729311678,Toujours inscrit
5251239,Seconde Générale et Technologique,Economie,_ETUDIANT / ÉLÈVE,,Corse (20),30,25,0,55,A,0,0,0,0,0,0,0,0,False,False,0.1334920857262922,0.8665079142737078,Toujours inscrit
6861142,Terminale,"Banque, assurance, finance, immobilier",_ETUDIANT / ÉLÈVE,Occitanie,Hautes-Pyrénées (65),30,25,0,55,A,0,0,0,0,0,1,0,0,False,False,0.11569510537049627,0.8843048946295038,Toujours inscrit
5383676,Terminale,"Sciences de la vie (biologie, biotechnologies...)",_ETUDIANT / ÉLÈVE,Auvergne-Rhône-Alpes,Haute-Loire (43),30,25,0,55,A,0,0,0,0,0,0,0,0,,,0.11693548387096774,0.8830645161290323,Toujours inscrit
8345939,Terminale,"Tourisme, hôtellerie, restauration",_ETUDIANT / ÉLÈVE,Occitanie,Gers (32),30,25,0,55,A,0,0,0,0,0,2,0,0,False,False,0.14680174811283273,0.8531982518871672,Toujours inscrit
5137526,Terminale,Technologie industrielle,_ETUDIANT / ÉLÈVE,Auvergne-Rhône-Alpes,Allier (03),30,25,0,55,A,0,0,0,0,0,0,0,0,False,False,0.08463453269970582,0.9153654673002942,Toujours inscrit
5135620,Terminale,"Commerce, vente, marketing",Etudiant,Grand Est,Aube (10),30,25,0,55,A,0,0,0,0,0,0,0,0,False,False,0.14264531435349942,0.8573546856465006,Toujours inscrit
5388276,Terminale,"International, études à l'étranger",_ETUDIANT / ÉLÈVE,Grand Est,Haute-Marne (52),30,25,0,55,A,0,0,0,0,0,0,0,0,,,0.12357723577235773,0.8764227642276423,Toujours inscrit
6758929,Bac +5 et au delà,"Santé, paramédical",Etudiant,Occitanie,Pyrénées-Orientales (66),30,25,0,55,A,0,0,0,0,0,3,0,0,False,False,0.12767503490724647,0.8723249650927536,Toujours inscrit
8562174,Terminale,(Vide),Parent,Bourgogne-Franche-Comté,Yonne (89),30,15,10,55,A,1,1,1,4,0,32,0,0,True,True,0.1472312703583062,0.8527687296416938,Toujours inscrit
8530133,Bac+2,"Sciences de la matière (chimie, physique, matériaux, optique…)",Etudiant,Bourgogne-Franche-Comté,Côte-d'Or (21),30,25,0,55,A,0,0,0,0,0,2,0,0,False,False,0.17950502706883217,0.8204949729311678,Toujours inscrit
5107824,Première,"Banque, assurance, finance, immobilier",Lycéen,Bourgogne-Franche-Comté,Yonne (89),30,25,0,55,A,0,0,0,0,0,0,0,0,True,True,0.14500653182575793,0.854993468174242,Toujours inscrit
7532681,Bac+3,"International, études à l'étranger","En recherche d'emploi, de stage / Jeune diplômé",Centre-Val de Loire,Cher (18),30,25,0,55,A,0,0,0,0,0,5,0,0,False,True,0.15851006677070276,0.8414899332292972,Toujours inscrit
7379206,4ème,"Digital, Informatique, multimédia",Collégien,Centre-Val de Loire,Eure-et-Loir (28),30,25,0,55,A,0,0,0,0,0,2,0,0,False,False,0.1135005973715651,0.8864994026284349,Toujours inscrit
5214584,Bac+3,"Energie, électricité",_ETUDIANT / ÉLÈVE,Martinique,Martinique (972),30,25,0,55,A,0,0,0,0,0,0,0,0,False,False,0.13536930599639702,0.864630694003603,Toujours inscrit
9027481,Bac+1,"Santé, paramédical",_ETUDIANT / ÉLÈVE,Pays de la Loire,Mayenne (53),30,25,0,55,A,0,0,0,0,0,1,0,0,False,False,0.1513672867744231,0.8486327132255769,Toujours inscrit
7157839,Bac+2,"Digital, Informatique, multimédia",Etudiant,Centre-Val de Loire,Eure-et-Loir (28),30,25,0,55,A,0,0,0,0,0,1,0,0,False,False,0.08468048171856353,0.9153195182814364,Toujours inscrit
5038014,3ème,"Santé, paramédical",Collégien,Nouvelle-Aquitaine,Haute-Vienne (87),30,25,0,55,A,0,0,0,0,0,0,0,0,False,False,0.1475714928659182,0.8524285071340818,Toujours inscrit
5223232,Terminale technologique,"Santé, paramédical",Parent,Occitanie,Tarn (81),30,25,0,55,A,0,0,0,0,0,0,0,0,,,0.214148033924441,0.785851966075559,Toujours inscrit
6497451,Terminale,"Action sociale, animation, sciences sociales",_ETUDIANT / ÉLÈVE,Pays de la Loire,Mayenne (53),30,25,0,55,A,0,0,0,0,0,1,0,0,False,False,0.08375843343755142,0.9162415665624486,Toujours inscrit
7018630,Bac+1,"Banque, assurance, finance, immobilier",_ETUDIANT / ÉLÈVE,Bourgogne-Franche-Comté,Côte-d'Or (21),30,25,0,55,A,0,0,0,0,0,1,0,0,False,False,0.17950502706883217,0.8204949729311678,Toujours inscrit
5146784,Première,"Sciences de la matière (chimie, physique, matériaux, optique…)",Parent,Centre-Val de Loire,Eure-et-Loir (28),30,25,0,55,A,0,0,0,0,0,0,0,0,,,0.08468048171856353,0.9153195182814364,Toujours inscrit
8356633,Seconde Générale et Technologique,Luxe,_ETUDIANT / ÉLÈVE,Bourgogne-Franche-Comté,Territoire de Belfort (90),30,25,0,55,A,0,0,0,0,0,2,0,0,False,False,0.08811013767209011,0.9118898623279099,Toujours inscrit
5018098,Terminale,"Communication, information, journalisme",Lycéen,Centre-Val de Loire,Indre (36),30,25,0,55,A,0,0,0,0,0,0,0,0,True,True,0.10528020732102365,0.8947197926789764,Toujours inscrit
7458239,3ème,"Banque, assurance, finance, immobilier",_ETUDIANT / ÉLÈVE,Bourgogne-Franche-Comté,Jura (39),30,25,0,55,A,0,0,0,0,0,2,0,0,False,False,0.16218293620292082,0.8378170637970792,Toujours inscrit
5216759,Première,Economie,Lycéen,Grand Est,Haut-Rhin (68),30,25,0,55,A,0,0,0,0,0,0,0,0,,,0.1882065383440269,0.8117934616559731,Toujours inscrit
5567862,Terminale,"Sciences de la vie (biologie, biotechnologies...)",_ETUDIANT / ÉLÈVE,Bourgogne-Franche-Comté,Saône-et-Loire (71),30,25,0,55,A,0,0,0,0,0,0,0,0,,,0.14722459436379162,0.8527754056362084,Toujours inscrit
5398691,Seconde Générale et Technologique,"Droit, science politique, administration publique",_ETUDIANT / ÉLÈVE,Occitanie,Lozère (48),30,25,0,55,A,0,0,0,0,0,143,0,0,True,True,0.14621190942130277,0.8537880905786972,Toujours inscrit
6737257,3ème,"Lettres, langues et sciences humaines",Collégien,Occitanie,Aude (11),30,25,0,55,A,0,0,0,0,0,2,0,0,False,False,0.1448293016603445,0.8551706983396555,Toujours inscrit
8517435,Première,"Communication, information, journalisme",Lycéen,Auvergne-Rhône-Alpes,Cantal (15),30,25,0,55,A,0,0,0,0,0,2,0,0,False,False,0.1337736932797243,0.8662263067202757,Toujours inscrit
6698959,Seconde Générale et Technologique,"Comptabilité, gestion, ressources humaines",_ETUDIANT / ÉLÈVE,Grand Est,Aube (10),30,25,0,55,A,0,0,0,0,0,1,0,0,False,False,0.11680528052805281,0.8831947194719472,Toujours inscrit
7461139,Terminale,"Droit, science politique, administration publique",_ETUDIANT / ÉLÈVE,Grand Est,Aube (10),30,25,0,55,A,0,0,0,0,0,0,0,0,True,True,0.08067277671467418,0.9193272232853258,Toujours inscrit
5770303,Terminale,Economie,_ETUDIANT / ÉLÈVE,Occitanie,Aude (11),30,25,0,55,A,0,0,0,0,0,285,0,0,True,False,0.11392405063291139,0.8860759493670886,Toujours inscrit
5639322,Première,Luxe,Lycéen,Guyane,Guyane (973),30,25,0,55,A,0,0,0,0,0,0,0,0,True,True,0.117632717742427,0.882367282257573,Toujours inscrit
5026769,Terminale,"Droit, science politique, administration publique",Lycéen,Occitanie,Lot (46),30,25,0,55,A,0,0,0,0,0,0,0,0,False,False,0.1549962852897474,0.8450037147102526,Toujours inscrit
6844595,Bac+3,"Energie, électricité","En recherche d'emploi, de stage / Jeune diplômé",Occitanie,Aude (11),30,25,0,55,A,0,0,0,0,0,1,0,0,False,False,0.12661204394312378,0.8733879560568762,Toujours inscrit
6591757,Seconde Générale et Technologique,"Architecture, géographie, aménagement",_ETUDIANT / ÉLÈVE,Occitanie,Aveyron (12),30,25,0,55,A,0,0,0,0,0,1,0,0,False,False,0.14859276508612038,0.8514072349138796,Toujours inscrit
5090373,Seconde Pro,"Armée, défense, sécurité",_ETUDIANT / ÉLÈVE,Provence-Alpes-Côte d'Azur,Hautes-Alpes (05),30,25,0,55,A,0,0,0,0,0,262,0,0,True,True,0.14641214884655512,0.8535878511534449,Toujours inscrit
5625372,Seconde Générale et Technologique,Technologie industrielle,_ETUDIANT / ÉLÈVE,Pays de la Loire,Mayenne (53),30,25,0,55,A,0,0,0,0,0,0,0,0,True,False,0.16440112849448577,0.8355988715055143,Toujours inscrit
9030861,Terminale,"Arts, audiovisuel, culture",Lycéen,Centre-Val de Loire,Indre (36),30,25,0,55,A,0,0,0,0,0,1,0,0,False,False,0.13914988814317675,0.8608501118568233,Toujours inscrit
5478391,Terminale technologique,"Action sociale, animation, sciences sociales",Etudiant,Occitanie,Aveyron (12),30,25,0,55,A,0,0,0,0,0,0,0,0,True,True,0.14859276508612038,0.8514072349138796,Toujours inscrit
5354219,Terminale Pro,"Sciences de la matière (chimie, physique, matériaux, optique…)",_ETUDIANT / ÉLÈVE,,Corse (20),30,25,0,55,A,0,0,0,0,0,1,0,0,False,False,0.15629765646883073,0.8437023435311692,Toujours inscrit
6547294,Terminale,"Banque, assurance, finance, immobilier",_ETUDIANT / ÉLÈVE,Pays de la Loire,Mayenne (53),30,25,0,55,A,0,0,0,0,0,2,0,0,False,False,0.12170686456400742,0.8782931354359926,Toujours inscrit
6783459,3ème,"Action sociale, animation, sciences sociales",Parent,Grand Est,Aube (10),30,25,0,55,A,0,0,0,0,0,1,0,0,False,False,0.11680528052805281,0.8831947194719472,Toujours inscrit
8409280,3ème,"Action sociale, animation, sciences sociales",Parent,Normandie,Orne (61),30,25,0,55,A,0,0,0,0,0,2,0,0,False,False,0.09102946044356174,0.9089705395564383,Toujours inscrit
5098704,Bac+3,"Armée, défense, sécurité",Etudiant,Hauts-de-France,Aisne (02),30,25,0,55,A,0,0,0,0,0,0,0,0,False,False,0.11045760615638313,0.8895423938436169,Toujours inscrit
5295063,Bac+1,"Droit, science politique, administration publique",Etudiant,Bourgogne-Franche-Comté,Haute-Saône (70),30,25,0,55,A,0,0,0,0,0,1,0,0,False,False,0.15789473684210525,0.8421052631578947,Toujours inscrit
5014217,3ème,"Energie, électricité",Collégien,Occitanie,Aude (11),30,25,0,55,A,0,0,0,0,0,0,0,0,False,False,0.1276562742360788,0.8723437257639212,Toujours inscrit
6808777,Terminale technologique,"Action sociale, animation, sciences sociales",Lycéen,Auvergne-Rhône-Alpes,Ardèche (07),30,25,0,55,A,0,0,0,0,0,4,0,0,True,False,0.13411409142425387,0.8658859085757461,Toujours inscrit
5243915,Terminale,"Sciences de la matière (chimie, physique, matériaux, optique…)",Lycéen,Grand Est,Haut-Rhin (68),30,25,0,55,A,0,0,0,0,0,0,0,0,False,False,0.10523355633177432,0.8947664436682257,Toujours inscrit
7634479,Bac+2,"Droit, science politique, administration publique",_ETUDIANT / ÉLÈVE,Auvergne-Rhône-Alpes,Ardèche (07),30,25,0,55,A,0,0,0,0,0,2,0,0,False,False,0.13433713680743442,0.8656628631925656,Toujours inscrit
6118721,Seconde Générale et Technologique,"Droit, science politique, administration publique",_ETUDIANT / ÉLÈVE,Nouvelle-Aquitaine,Corrèze (19),30,25,0,55,A,0,0,0,0,0,1,0,0,False,False,0.15618661257606492,0.8438133874239351,Toujours inscrit
6258446,Bac +5 et au delà,Sport,Parent,Centre-Val de Loire,Cher (18),30,25,0,55,A,0,0,0,0,0,1,0,0,False,False,0.15851006677070276,0.8414899332292972,Toujours inscrit
5244786,4ème,"Mécanique, aéronautique, automobile",_ETUDIANT / ÉLÈVE,Occitanie,Tarn-et-Garonne (82),30,25,0,55,A,0,0,0,0,0,0,0,0,True,True,0.15329861111111112,0.8467013888888889,Toujours inscrit
7032208,3ème,Luxe,_ETUDIANT / ÉLÈVE,Occitanie,Tarn (81),30,25,0,55,A,0,0,0,0,0,1,0,0,False,False,0.25043859649122807,0.749561403508772,Toujours inscrit
5812554,Terminale technologique,Technologie industrielle,_ETUDIANT / ÉLÈVE,Grand Est,Haut-Rhin (68),30,25,0,55,A,0,0,0,0,0,4,0,0,False,False,0.14609286523216308,0.853907134767837,Toujours inscrit
5377536,Première,"International, études à l'étranger",Lycéen,Nouvelle-Aquitaine,Haute-Vienne (87),30,25,0,55,A,0,0,0,0,0,0,0,0,,,0.16486902927580893,0.8351309707241911,Toujours inscrit
8023822,Terminale,(Vide),_ETUDIANT / ÉLÈVE,Occitanie,Pyrénées-Orientales (66),30,15,10,55,A,1,1,1,5,0,130,0,0,True,True,0.19137187230371008,0.8086281276962899,Toujours inscrit
5732681,Bac+2,"Vétérinaire, soins aux animaux","En recherche d'emploi, de stage / Jeune diplômé",Occitanie,Pyrénées-Orientales (66),30,25,0,55,A,0,0,0,0,0,0,0,0,False,False,0.15391014975041598,0.846089850249584,Toujours inscrit
7581118,3ème,"Sciences de la vie (biologie, biotechnologies...)",_ETUDIANT / ÉLÈVE,Nouvelle-Aquitaine,Haute-Vienne (87),30,25,0,55,A,0,0,0,0,0,2,0,0,False,False,0.17047128129602357,0.8295287187039765,Toujours inscrit
5332632,Bac+1,"Droit, science politique, administration publique",_ETUDIANT / ÉLÈVE,Guadeloupe,Guadeloupe (971),30,25,0,55,A,0,0,0,0,0,1,0,0,False,False,0.09062140391254316,0.9093785960874569,Toujours inscrit
6757363,Terminale Pro,"Digital, Informatique, multimédia",_ETUDIANT / ÉLÈVE,Occitanie,Aveyron (12),30,25,0,55,A,0,0,0,0,0,1,0,0,False,False,0.1301346220227822,0.8698653779772179,Toujours inscrit
5064896,Bac+3,Economie,_ETUDIANT / ÉLÈVE,Occitanie,Pyrénées-Orientales (66),30,25,0,55,A,0,0,0,0,0,0,0,0,False,False,0.12767503490724647,0.8723249650927536,Toujours inscrit
5429852,Première,"Sciences de la Terre (environnement, agriculture, agronomie ...)",_ETUDIANT / ÉLÈVE,Grand Est,Aube (10),30,25,0,55,A,0,0,0,0,0,0,0,0,,,0.0659025787965616,0.9340974212034384,Toujours inscrit
6666788,Seconde Générale et Technologique,"Banque, assurance, finance, immobilier",_ETUDIANT / ÉLÈVE,,Corse (20),30,25,0,55,A,0,0,0,0,0,1,0,0,False,False,0.11698290732319272,0.8830170926768073,Toujours inscrit
5132893,Bac+2,"Commerce, vente, marketing","En recherche d'emploi, de stage / Jeune diplômé",Hauts-de-France,Aisne (02),30,25,0,55,A,0,0,0,0,0,0,0,0,False,False,0.07105383211678833,0.9289461678832117,Toujours inscrit
7885654,3ème,"Santé, paramédical",_ETUDIANT / ÉLÈVE,Occitanie,Lot (46),30,25,0,55,A,0,0,0,0,0,1,0,0,True,True,0.17007621339751303,0.829923786602487,Toujours inscrit
5421437,Première Pro,"Droit, science politique, administration publique",Parent,,Corse (20),30,25,0,55,A,0,0,0,0,0,0,0,0,False,False,0.157947350883039,0.842052649116961,Toujours inscrit
5558076,Terminale,"Sciences de la vie (biologie, biotechnologies...)",_ETUDIANT / ÉLÈVE,Hauts-de-France,Aisne (02),30,25,0,55,A,0,0,0,0,0,0,0,0,,,0.10401142573273721,0.8959885742672627,Toujours inscrit
7614299,Première,"Santé, paramédical",Parent,,Corse (20),30,25,0,55,A,0,0,0,0,0,2,0,0,False,False,0.157947350883039,0.842052649116961,Toujours inscrit
6493322,Seconde Générale et Technologique,"Droit, science politique, administration publique",_ETUDIANT / ÉLÈVE,Bourgogne-Franche-Comté,Yonne (89),30,25,0,55,A,0,0,0,0,0,1,0,0,False,False,0.14500653182575793,0.854993468174242,Toujours inscrit
7254125,Première,"Droit, science politique, administration publique",Lycéen,Provence-Alpes-Côte d'Azur,Hautes-Alpes (05),30,25,0,55,A,0,0,0,0,0,2,0,0,False,False,0.1626108281456329,0.8373891718543671,Toujours inscrit
5250088,Terminale,"Sciences de la vie (biologie, biotechnologies...)",Lycéen,Grand Est,Marne (51),30,25,0,55,A,0,0,0,0,0,0,0,0,True,True,0.1447296058661778,0.8552703941338222,Toujours inscrit
5841518,Terminale technologique,"Architecture, géographie, aménagement",Lycéen,Bourgogne-Franche-Comté,Saône-et-Loire (71),30,25,0,55,A,0,0,0,0,0,0,0,0,True,True,0.11804158283031523,0.8819584171696848,Toujours inscrit
8374573,Terminale,Sport,Lycéen,Occitanie,Tarn (81),30,25,0,55,A,0,0,0,0,0,2,0,0,False,False,0.142496230797441,0.857503769202559,Toujours inscrit
5353619,4ème,"Mécanique, aéronautique, automobile",Collégien,Nouvelle-Aquitaine,Dordogne (24),30,25,0,55,A,0,0,0,0,0,1,0,0,False,False,0.1437285128091383,0.8562714871908617,Toujours inscrit
6605634,Seconde Générale et Technologique,"Sciences de la vie (biologie, biotechnologies...)",_ETUDIANT / ÉLÈVE,Grand Est,Marne (51),30,25,0,55,A,0,0,0,0,0,1,0,0,False,False,0.144554537539903,0.855445462460097,Toujours inscrit
5229152,5ème,"Energie, électricité",Parent,Bourgogne-Franche-Comté,Côte-d'Or (21),30,25,0,55,A,0,0,0,0,0,0,0,0,False,False,0.09216213059222053,0.9078378694077794,Toujours inscrit
5365872,Bac+1,"Santé, paramédical",Etudiant,Occitanie,Lot (46),30,25,0,55,A,0,0,0,0,0,0,0,0,,,0.15931258708778448,0.8406874129122155,Toujours inscrit
5129416,3ème,"Communication, information, journalisme",_ETUDIANT / ÉLÈVE,Occitanie,Tarn (81),30,25,0,55,A,0,0,0,0,0,0,0,0,False,False,0.12420680328721523,0.8757931967127848,Toujours inscrit
5497347,Seconde Générale et Technologique,"Mécanique, aéronautique, automobile",Lycéen,Bourgogne-Franche-Comté,Côte-d'Or (21),30,25,0,55,A,0,0,0,0,0,0,0,0,True,True,0.17950502706883217,0.8204949729311678,Toujours inscrit
7505000,Première,"Comptabilité, gestion, ressources humaines",_ETUDIANT / ÉLÈVE,Bourgogne-Franche-Comté,Côte-d'Or (21),30,25,0,55,A,0,0,0,0,0,2,0,0,False,False,0.19665109034267914,0.8033489096573209,Toujours inscrit
8972352,Terminale,"Digital, Informatique, multimédia",Lycéen,,Corse (20),30,25,0,55,A,0,0,0,0,0,1,0,0,False,False,0.21947835738068813,0.7805216426193119,Toujours inscrit
5015424,Bac+3,"Tourisme, hôtellerie, restauration",Parent,Occitanie,Tarn (81),30,25,0,55,A,0,0,0,0,0,0,0,0,False,False,0.11558466576767482,0.8844153342323252,Toujours inscrit
5320941,Terminale,"Electronique, automatique",Parent,Occitanie,Tarn-et-Garonne (82),30,25,0,55,A,0,0,0,0,0,0,0,0,,,0.15329861111111112,0.8467013888888889,Toujours inscrit
7514820,Terminale,"Action sociale, animation, sciences sociales",Lycéen,Nouvelle-Aquitaine,Charente (16),30,25,0,55,A,0,0,0,0,0,0,0,0,False,True,0.16520110108579295,0.8347988989142071,Toujours inscrit
5911505,Terminale Pro,"Commerce, vente, marketing","En recherche d'emploi, de stage / Jeune diplômé",,Corse (20),30,25,0,55,A,0,0,0,0,0,0,0,0,False,False,0.1334920857262922,0.8665079142737078,Toujours inscrit
5806715,Terminale,Economie,_ETUDIANT / ÉLÈVE,Auvergne-Rhône-Alpes,Ardèche (07),30,25,0,55,A,0,0,0,0,0,1,0,0,False,False,0.12371443585316418,0.8762855641468358,Toujours inscrit
5917705,Bac+1,"Education, formation",_ETUDIANT / ÉLÈVE,Nouvelle-Aquitaine,Creuse (23),30,25,0,55,A,0,0,0,0,0,1,0,0,False,False,0.1252498334443704,0.8747501665556295,Toujours inscrit
5787482,3ème,"Santé, paramédical",Collégien,Nouvelle-Aquitaine,Dordogne (24),30,25,0,55,A,0,0,0,0,0,0,0,0,True,True,0.12612107623318386,0.8738789237668162,Toujours inscrit
7829441,Seconde Pro,"Cosmétique, esthétique, soins personnels",Lycéen,Grand Est,Aube (10),30,25,0,55,A,0,0,0,0,0,172,0,0,True,False,0.1270055113288426,0.8729944886711574,Toujours inscrit
5151678,Bac+3,"Droit, science politique, administration publique",Etudiant,Bourgogne-Franche-Comté,Nièvre (58),30,25,0,55,A,0,0,0,0,0,0,0,0,False,False,0.13601319131868622,0.8639868086813138,Toujours inscrit
5581842,Seconde Générale et Technologique,"Action sociale, animation, sciences sociales",_ETUDIANT / ÉLÈVE,Occitanie,Aveyron (12),30,25,0,55,A,0,0,0,0,0,0,0,0,True,True,0.14859276508612038,0.8514072349138796,Toujours inscrit
8337839,4ème,Je ne sais pas quoi faire,Collégien,Occitanie,Tarn-et-Garonne (82),30,15,10,55,A,1,1,1,1,0,1,0,0,False,False,0.15329861111111112,0.8467013888888889,Toujours inscrit
5392878,Terminale,"International, études à l'étranger",Lycéen,Normandie,Orne (61),30,25,0,55,A,0,0,0,0,0,0,0,0,,,0.1064587973273942,0.8935412026726058,Toujours inscrit
8770675,Terminale technologique,"Action sociale, animation, sciences sociales",_ETUDIANT / ÉLÈVE,Mayotte,Mayotte (976),30,25,0,55,A,0,0,0,0,0,36,0,0,True,True,,,Toujours inscrit
5095597,Terminale,"Sciences de la vie (biologie, biotechnologies...)",Lycéen,Grand Est,Meurthe-et-Moselle (54),30,25,0,55,A,0,0,0,0,0,28,0,0,True,False,0.0637344398340249,0.9362655601659751,Toujours inscrit
8382424,CAP/BEP,"Communication, information, journalisme",Lycéen,Nouvelle-Aquitaine,Haute-Vienne (87),30,25,0,55,A,0,0,0,0,0,4,0,0,True,True,0.1475714928659182,0.8524285071340818,Toujours inscrit
5696164,Bac+3,"Commerce, vente, marketing","En recherche d'emploi, de stage / Jeune diplômé",Bourgogne-Franche-Comté,Yonne (89),30,25,0,55,A,0,0,0,0,0,1,0,0,False,False,0.14486243683323977,0.8551375631667603,Toujours inscrit
5672646,3ème,"Commerce, vente, marketing",_ETUDIANT / ÉLÈVE,Nouvelle-Aquitaine,Haute-Vienne (87),30,25,0,55,A,0,0,0,0,0,0,0,0,True,True,0.16842105263157894,0.8315789473684211,Toujours inscrit
8484185,Bac+1,"Communication, information, journalisme",_ETUDIANT / ÉLÈVE,Grand Est,Marne (51),30,25,0,55,A,0,0,0,0,0,2,0,0,False,False,0.1447296058661778,0.8552703941338222,Toujours inscrit
5354317,Bac+1,"Sciences de la vie (biologie, biotechnologies...)","En recherche d'emploi, de stage / Jeune diplômé",Auvergne-Rhône-Alpes,Cantal (15),30,25,0,55,A,0,0,0,0,0,0,0,0,False,False,,,Toujours inscrit
5472384,Bac+2,"Armée, défense, sécurité","En recherche d'emploi, de stage / Jeune diplômé",Occitanie,Tarn (81),30,25,0,55,A,0,0,0,0,0,1,0,0,False,False,0.142496230797441,0.857503769202559,Toujours inscrit
8195617,Bac+3,"Action sociale, animation, sciences sociales",_ETUDIANT / ÉLÈVE,Occitanie,Ariège (09),30,25,0,55,A,0,0,0,0,0,2,0,0,False,False,0.13558712461787448,0.8644128753821255,Toujours inscrit
8751024,Bac+3,"Mécanique, aéronautique, automobile",_ETUDIANT / ÉLÈVE,Grand Est,Meurthe-et-Moselle (54),30,25,0,55,A,0,0,0,0,0,1,0,0,False,False,0.20214788686222315,0.7978521131377768,Toujours inscrit
5197193,Seconde Générale et Technologique,"Armée, défense, sécurité",Lycéen,Occitanie,Aude (11),30,25,0,55,A,0,0,0,0,0,0,0,0,False,False,0.21272365805168986,0.7872763419483101,Toujours inscrit
5091381,Bac+2,"Commerce, vente, marketing",Etudiant,Occitanie,Aude (11),30,25,0,55,A,0,0,0,0,0,0,0,0,False,False,0.15397039030955587,0.8460296096904442,Toujours inscrit
9105379,Terminale Pro,"Arts, audiovisuel, culture","En recherche d'emploi, de stage / Jeune diplômé",Bourgogne-Franche-Comté,Territoire de Belfort (90),30,25,0,55,A,0,0,0,0,0,0,0,0,False,False,0.15551628376672558,0.8444837162332745,Toujours inscrit
5475000,3ème,"Lettres, langues et sciences humaines",Collégien,Centre-Val de Loire,Eure-et-Loir (28),30,25,0,55,A,0,0,0,0,0,0,0,0,True,True,0.11595492289442468,0.8840450771055753,Toujours inscrit
5664394,Bac +5 et au delà,Technologie industrielle,_ETUDIANT / ÉLÈVE,,Corse (20),30,25,0,55,A,0,0,0,0,0,0,0,0,True,True,0.1334920857262922,0.8665079142737078,Toujours inscrit
5351254,Terminale,Economie,_ETUDIANT / ÉLÈVE,Nouvelle-Aquitaine,Haute-Vienne (87),30,25,0,55,A,0,0,0,0,0,0,0,0,True,True,0.1475714928659182,0.8524285071340818,Toujours inscrit
4704445,Bac+1,Economie,"En recherche d'emploi, de stage / Jeune diplômé",Occitanie,Pyrénées-Orientales (66),30,25,0,55,A,0,0,0,0,0,0,0,0,True,True,0.11197867072938487,0.8880213292706152,Toujours inscrit
5381888,Terminale technologique,"Arts, audiovisuel, culture",_ETUDIANT / ÉLÈVE,Nouvelle-Aquitaine,Haute-Vienne (87),30,25,0,55,A,0,0,0,0,0,0,0,0,,,0.17966006461581682,0.8203399353841831,Toujours inscrit
6863361,Première,"Sciences de la vie (biologie, biotechnologies...)",Lycéen,Grand Est,Vosges (88),30,25,0,55,A,0,0,0,0,0,1,0,0,False,False,0.1158567134268537,0.8841432865731463,Toujours inscrit
6801368,Seconde Générale et Technologique,"Energie, électricité",_ETUDIANT / ÉLÈVE,Pays de la Loire,Mayenne (53),30,25,0,55,A,0,0,0,0,0,1,0,0,False,False,0.1513672867744231,0.8486327132255769,Toujours inscrit
7481204,Seconde Générale et Technologique,"Vétérinaire, soins aux animaux",Lycéen,Nouvelle-Aquitaine,Landes (40),30,25,0,55,A,0,0,0,0,0,2,0,0,False,False,0.1627450980392157,0.8372549019607843,Toujours inscrit
6182987,Terminale,Je ne sais pas quoi faire,_ETUDIANT / ÉLÈVE,Occitanie,Lot (46),30,10,15,55,A,1,0,2,4,0,47,0,0,True,True,0.18294439642754248,0.8170556035724575,Toujours inscrit
5556688,Terminale,Sport,Lycéen,Provence-Alpes-Côte d'Azur,Hautes-Alpes (05),30,25,0,55,A,0,0,0,0,0,0,0,0,,,0.24172661870503598,0.758273381294964,Toujours inscrit
5877005,Terminale,"Arts, audiovisuel, culture",Lycéen,Grand Est,Haut-Rhin (68),30,25,0,55,A,0,0,0,0,0,1,0,0,False,False,0.14286378861183477,0.8571362113881652,Toujours inscrit
5345612,Terminale technologique,"Mécanique, aéronautique, automobile",Lycéen,Occitanie,Aveyron (12),30,25,0,55,A,0,0,0,0,0,1,0,0,False,False,0.10931174089068826,0.8906882591093117,Toujours inscrit
5163755,Bac+2,"Commerce, vente, marketing",Etudiant,Grand Est,Ardennes (08),30,25,0,55,A,0,0,0,0,0,0,0,0,False,False,0.1140754369825207,0.8859245630174793,Toujours inscrit
5726366,Bac+1,Sport,Etudiant,Bourgogne-Franche-Comté,Yonne (89),30,25,0,55,A,0,0,0,0,0,1,0,0,False,False,0.12932713921774314,0.8706728607822568,Toujours inscrit
5457725,Première,"Sciences de la matière (chimie, physique, matériaux, optique…)",_ETUDIANT / ÉLÈVE,Nouvelle-Aquitaine,Landes (40),30,25,0,55,A,0,0,0,0,0,1,0,0,False,False,0.22989656322989657,0.7701034367701034,Toujours inscrit
5420888,Terminale Pro,"Electronique, automatique",_ETUDIANT / ÉLÈVE,Normandie,Orne (61),30,25,0,55,A,0,0,0,0,0,0,0,0,True,False,0.11030679076180627,0.8896932092381937,Toujours inscrit
7654787,3ème,"Digital, Informatique, multimédia",Collégien,Auvergne-Rhône-Alpes,Ardèche (07),30,25,0,55,A,0,0,0,0,0,2,0,0,False,False,0.17385957720911166,0.8261404227908883,Toujours inscrit
4984858,Seconde Générale et Technologique,"Arts, audiovisuel, culture",Collégien,Grand Est,Meurthe-et-Moselle (54),30,25,0,55,A,0,0,0,0,0,1,0,0,True,True,0.17073170731707318,0.8292682926829268,Toujours inscrit
5165578,3ème,"Arts, audiovisuel, culture",_ETUDIANT / ÉLÈVE,,Corse (20),30,25,0,55,A,0,0,0,0,0,0,0,0,False,False,0.13896089044751087,0.8610391095524892,Toujours inscrit
7861529,Terminale technologique,Luxe,_ETUDIANT / ÉLÈVE,Occitanie,Tarn (81),30,25,0,55,A,0,0,0,0,0,1,0,0,True,False,0.15325072026102954,0.8467492797389704,Toujours inscrit
6869040,Terminale,Sport,_ETUDIANT / ÉLÈVE,Bourgogne-Franche-Comté,Saône-et-Loire (71),30,25,0,55,A,0,0,0,0,0,2,0,0,False,False,0.1380341468119996,0.8619658531880003,Toujours inscrit
5085240,3ème,"Lettres, langues et sciences humaines",Parent,Grand Est,Ardennes (08),30,25,0,55,A,0,0,0,0,0,0,0,0,True,True,0.09813333333333334,0.9018666666666667,Toujours inscrit
8152635,3ème,"Communication, information, journalisme",Collégien,Bourgogne-Franche-Comté,Saône-et-Loire (71),30,25,0,55,A,0,0,0,0,0,2,0,0,False,False,0.12275843881856541,0.8772415611814346,Toujours inscrit
5075466,Terminale Pro,"Commerce, vente, marketing",_ETUDIANT / ÉLÈVE,Nouvelle-Aquitaine,Corrèze (19),30,25,0,55,A,0,0,0,0,0,0,0,0,True,True,0.15886871508379888,0.8411312849162011,Toujours inscrit
5030736,4ème,"Santé, paramédical",Collégien,Grand Est,Marne (51),30,25,0,55,A,0,0,0,0,0,0,0,0,False,False,0.09885071160602632,0.9011492883939737,Toujours inscrit
6450388,Terminale,Economie,Lycéen,Occitanie,Aude (11),30,25,0,55,A,0,0,0,0,0,1,0,0,False,False,0.1290519877675841,0.8709480122324159,Toujours inscrit
7092816,Seconde Générale et Technologique,"Action sociale, animation, sciences sociales",_ETUDIANT / ÉLÈVE,Occitanie,Hautes-Pyrénées (65),30,25,0,55,A,0,0,0,0,0,1,0,0,False,False,0.11569510537049627,0.8843048946295038,Toujours inscrit
7365815,Bac+3,"Digital, Informatique, multimédia",Parent,Pays de la Loire,Mayenne (53),30,25,0,55,A,0,0,0,0,0,2,0,0,False,False,0.12791332847778586,0.8720866715222141,Toujours inscrit
8617269,Terminale technologique,"Armée, défense, sécurité",Lycéen,Bourgogne-Franche-Comté,Haute-Saône (70),30,25,0,55,A,0,0,0,0,0,52,0,0,True,True,0.08674698795180723,0.9132530120481928,Toujours inscrit
8773892,Terminale,Je ne sais pas quoi faire,Parent,Auvergne-Rhône-Alpes,Ardèche (07),30,10,15,55,A,1,0,1,26,0,26,0,0,True,False,0.17358114835711916,0.8264188516428809,Toujours inscrit
5148403,Bac+2,"Sciences de la matière (chimie, physique, matériaux, optique…)",Etudiant,Grand Est,Meurthe-et-Moselle (54),30,25,0,55,A,0,0,0,0,0,0,0,0,False,False,0.25419865642994244,0.7458013435700576,Toujours inscrit
5849204,Terminale,"Commerce, vente, marketing",Lycéen,Guyane,Guyane (973),30,25,0,55,A,0,0,0,0,0,0,0,0,True,True,0.11212409851680501,0.887875901483195,Toujours inscrit
5017566,3ème,"Lettres, langues et sciences humaines",_ETUDIANT / ÉLÈVE,Grand Est,Aube (10),30,25,0,55,A,0,0,0,0,0,0,0,0,False,False,0.102457309454394,0.897542690545606,Toujours inscrit
6531022,Bac +5 et au delà,"Architecture, géographie, aménagement",Etudiant,Bourgogne-Franche-Comté,Haute-Saône (70),30,25,0,55,A,0,0,0,0,0,1,0,0,False,False,0.131875,0.868125,Toujours inscrit
7504100,Terminale technologique,"Santé, paramédical",Parent,Normandie,Orne (61),30,25,0,55,A,0,0,0,0,0,2,0,0,False,False,0.11835837303041408,0.8816416269695859,Toujours inscrit
5099612,Bac +5 et au delà,"Arts, audiovisuel, culture",_ETUDIANT / ÉLÈVE,Occitanie,Aveyron (12),30,25,0,55,A,0,0,0,0,0,0,0,0,False,False,,,Toujours inscrit
6697606,4ème,"Banque, assurance, finance, immobilier",_ETUDIANT / ÉLÈVE,,,30,25,0,55,A,0,0,0,0,0,4,0,0,True,False,,,Toujours inscrit
7813486,Première,"Sciences de la Terre (environnement, agriculture, agronomie ...)",_ETUDIANT / ÉLÈVE,,,30,25,0,55,A,0,0,0,0,0,2,0,0,False,False,,,Toujours inscrit
9103802,Bac+4,"Droit, science politique, administration publique",_ETUDIANT / ÉLÈVE,,,30,25,0,55,A,0,0,0,0,0,0,0,0,False,False,,,Toujours inscrit
6583058,3ème,"Architecture, géographie, aménagement",Collégien,,,30,25,0,55,A,0,0,0,0,0,1,0,0,True,True,,,Toujours inscrit
8906529,Terminale,Je ne sais pas quoi faire,Lycéen,,,30,15,10,55,A,1,1,1,1,0,1,0,0,False,False,,,Toujours inscrit
6086305,Seconde Générale et Technologique,Luxe,Lycéen,,,30,25,0,55,A,0,0,0,0,0,1,0,0,False,False,,,Toujours inscrit
5927500,4ème,"International, études à l'étranger",Collégien,,,30,25,0,55,A,0,0,0,0,0,1,0,0,False,False,,,Toujours inscrit
6064340,Seconde Générale et Technologique,"Tourisme, hôtellerie, restauration",Etudiant,,,30,25,0,55,A,0,0,0,0,0,1,0,0,False,False,,,Toujours inscrit
3613227,3ème,"Lettres, langues et sciences humaines",_ETUDIANT / ÉLÈVE,,,30,25,0,55,A,0,0,0,0,0,0,0,0,True,True,,,Toujours inscrit
5864185,Bac+2,"Arts, audiovisuel, culture",Parent,,,30,25,0,55,A,0,0,0,0,0,1,0,0,False,False,,,Toujours inscrit
5826240,3ème,"Communication, information, journalisme",_ETUDIANT / ÉLÈVE,,,30,25,0,55,A,0,0,0,0,0,1,0,0,False,False,,,Toujours inscrit
5459189,CAP/BEP,"Electronique, automatique",Lycéen,,,30,25,0,55,A,0,0,0,0,0,1,0,0,False,False,,,Toujours inscrit
7111638,Terminale,"Comptabilité, gestion, ressources humaines",_ETUDIANT / ÉLÈVE,,,30,25,0,55,A,0,0,0,0,0,0,0,0,False,False,,,Toujours inscrit
5701846,Bac+1,"Action sociale, animation, sciences sociales",_ETUDIANT / ÉLÈVE,,,30,25,0,55,A,0,0,0,0,0,22,0,0,True,True,,,Toujours inscrit
6061617,Bac+2,"Commerce, vente, marketing","En recherche d'emploi, de stage / Jeune diplômé",,,30,25,0,55,A,0,0,0,0,0,1,0,0,False,False,,,Toujours inscrit
6061735,Bac+3,"Commerce, vente, marketing","En recherche d'emploi, de stage / Jeune diplômé",,,30,25,0,55,A,0,0,0,0,0,1,0,0,False,False,,,Toujours inscrit
5720927,Terminale technologique,"Secretariat, assistant de gestion",_ETUDIANT / ÉLÈVE,,,30,25,0,55,A,0,0,0,0,0,303,0,0,True,True,,,Toujours inscrit
6487238,Seconde Générale et Technologique,(Vide),_ETUDIANT / ÉLÈVE,,,30,10,15,55,A,1,0,1,219,0,224,0,0,True,False,,,Toujours inscrit
5666804,3ème,"Santé, paramédical",Collégien,,,30,25,0,55,A,0,0,0,0,0,1,0,0,False,False,,,Toujours inscrit
5810687,Bac+2,"Architecture, géographie, aménagement",_ETUDIANT / ÉLÈVE,,,30,25,0,55,A,0,0,0,0,0,0,0,0,False,False,,,Toujours inscrit
5766419,Seconde Générale et Technologique,"Secretariat, assistant de gestion",Lycéen,,,30,25,0,55,A,0,0,0,0,0,205,0,0,True,True,,,Toujours inscrit
6186053,Bac+3,"Arts, audiovisuel, culture",Etudiant,,,30,25,0,55,A,0,0,0,0,0,1,0,0,False,False,,,Toujours inscrit
6091019,Bac+2,"Commerce, vente, marketing","En recherche d'emploi, de stage / Jeune diplômé",,,30,25,0,55,A,0,0,0,0,0,1,0,0,False,False,,,Toujours inscrit
5853527,Bac+2,"Cosmétique, esthétique, soins personnels",Etudiant,,,30,25,0,55,A,0,0,0,0,0,1,0,0,False,False,,,Toujours inscrit
5670629,Terminale,"Action sociale, animation, sciences sociales",Lycéen,,,30,25,0,55,A,0,0,0,0,0,0,0,0,,,,,Toujours inscrit
2555017,3ème,"Armée, défense, sécurité",Collégien,,,30,25,0,55,A,0,0,0,0,0,0,0,0,True,True,,,Toujours inscrit
4349229,Première technologique,"Tourisme, hôtellerie, restauration",Lycéen,,,30,25,0,55,A,0,0,0,0,0,2,0,0,False,False,,,Toujours inscrit
5653155,Bac+1,"Arts, audiovisuel, culture","En recherche d'emploi, de stage / Jeune diplômé",,,30,25,0,55,A,0,0,0,0,0,0,0,0,True,False,,,Toujours inscrit
5807145,Première,"Education, formation",Lycéen,,,30,25,0,55,A,0,0,0,0,0,1,0,0,False,False,,,Toujours inscrit
5851690,5ème,"Electronique, automatique",Collégien,,,30,25,0,55,A,0,0,0,0,0,1,0,0,False,False,,,Toujours inscrit
5725928,Terminale technologique,Economie,_ETUDIANT / ÉLÈVE,,,30,25,0,55,A,0,0,0,0,0,0,0,0,,,,,Toujours inscrit
5800723,Première,"Secretariat, assistant de gestion",Etudiant,,,30,25,0,55,A,0,0,0,0,0,1,0,0,False,False,,,Toujours inscrit
5771017,Bac +5 et au delà,Luxe,"En recherche d'emploi, de stage / Jeune diplômé",,,30,25,0,55,A,0,0,0,0,0,1,0,0,False,False,,,Toujours inscrit
5742459,CAP/BEP,"Secretariat, assistant de gestion",Parent,,,30,25,0,55,A,0,0,0,0,0,0,0,0,True,True,,,Toujours inscrit
6085389,Bac+2,"Commerce, vente, marketing","En recherche d'emploi, de stage / Jeune diplômé",,,30,25,0,55,A,0,0,0,0,0,1,0,0,False,False,,,Toujours inscrit
5859541,Terminale,"Lettres, langues et sciences humaines",_ETUDIANT / ÉLÈVE,,,30,25,0,55,A,0,0,0,0,0,1,0,0,False,False,,,Toujours inscrit
6045536,Bac+1,"Arts, audiovisuel, culture",Etudiant,,,30,25,0,55,A,0,0,0,0,0,1,0,0,False,False,,,Toujours inscrit
5664906,3ème,"Banque, assurance, finance, immobilier",Collégien,,,30,25,0,55,A,0,0,0,0,0,1,0,0,False,False,,,Toujours inscrit
5899961,4ème,Sport,Collégien,,,30,25,0,55,A,0,0,0,0,0,0,0,0,True,False,,,Toujours inscrit
8002470,Bac+4,"Action sociale, animation, sciences sociales","En recherche d'emploi, de stage / Jeune diplômé",,,30,25,0,55,A,0,0,0,0,0,2,0,0,False,False,,,Toujours inscrit
6603205,Bac+2,"Sciences de la vie (biologie, biotechnologies...)",Etudiant,,,30,25,0,55,A,0,0,0,0,0,1,0,0,False,False,,,Toujours inscrit
6059812,Bac+2,Economie,_ETUDIANT / ÉLÈVE,,,30,25,0,55,A,0,0,0,0,0,1,0,0,False,False,,,Toujours inscrit
6157275,Terminale,"Commerce, vente, marketing",_ETUDIANT / ÉLÈVE,,,30,25,0,55,A,0,0,0,0,0,1,0,0,False,False,,,Toujours inscrit
6694901,Seconde Générale et Technologique,"Droit, science politique, administration publique",_ETUDIANT / ÉLÈVE,,,30,25,0,55,A,0,0,0,0,0,1,0,0,False,False,,,Toujours inscrit
5756898,Bac+3,Sport,Etudiant,,,30,25,0,55,A,0,0,0,0,0,1,0,0,False,False,,,Toujours inscrit
6173811,Terminale,"Sciences de la vie (biologie, biotechnologies...)",Lycéen,,,30,25,0,55,A,0,0,0,0,0,2,0,0,False,True,,,Toujours inscrit
5881323,Terminale Pro,"Lettres, langues et sciences humaines",_ETUDIANT / ÉLÈVE,,,30,25,0,55,A,0,0,0,0,0,1,0,0,False,False,,,Toujours inscrit
3904470,Bac+1,"Digital, Informatique, multimédia",Etudiant,,,30,25,0,55,A,0,0,0,0,0,119,0,0,True,True,,,Toujours inscrit
9050289,Seconde Générale et Technologique,"Sciences de la Terre (environnement, agriculture, agronomie ...)",Lycéen,,,30,25,0,55,A,0,0,0,0,0,1,0,0,False,False,,,Toujours inscrit
6080757,Terminale,"Electronique, automatique",_ETUDIANT / ÉLÈVE,,,30,25,0,55,A,0,0,0,0,0,1,0,0,False,False,,,Toujours inscrit
5802973,6ème,"Arts, audiovisuel, culture",Collégien,,,30,25,0,55,A,0,0,0,0,0,1,0,0,False,False,,,Toujours inscrit
6054198,Bac+3,"Armée, défense, sécurité",Parent,,,30,25,0,55,A,0,0,0,0,0,1,0,0,False,False,,,Toujours inscrit
8441532,4ème,Economie,_ETUDIANT / ÉLÈVE,,,30,25,0,55,A,0,0,0,0,0,2,0,0,False,False,,,Toujours inscrit
7325797,Bac+2,"Transport, logistique","En recherche d'emploi, de stage / Jeune diplômé",,,30,25,0,55,A,0,0,0,0,0,2,0,0,False,False,,,Toujours inscrit
6058432,4ème,"Electronique, automatique",Collégien,,,30,25,0,55,A,0,0,0,0,0,1,0,0,False,False,,,Toujours inscrit
6082019,Terminale Pro,"Education, formation",_ETUDIANT / ÉLÈVE,,,30,25,0,55,A,0,0,0,0,0,1,0,0,False,False,,,Toujours inscrit
7419088,5ème,"Action sociale, animation, sciences sociales",Collégien,,,30,25,0,55,A,0,0,0,0,0,1,0,0,False,False,,,Toujours inscrit
6084249,Bac+1,"Action sociale, animation, sciences sociales","En recherche d'emploi, de stage / Jeune diplômé",,,30,25,0,55,A,0,0,0,0,0,1,0,0,False,False,,,Toujours inscrit
5842540,3ème,"Vétérinaire, soins aux animaux",_ETUDIANT / ÉLÈVE,,,30,25,0,55,A,0,0,0,0,0,0,0,0,True,True,,,Toujours inscrit
6618051,Première,"Action sociale, animation, sciences sociales",_ETUDIANT / ÉLÈVE,,,30,25,0,55,A,0,0,0,0,0,1,0,0,False,False,,,Toujours inscrit
6611412,4ème,"Comptabilité, gestion, ressources humaines",_ETUDIANT / ÉLÈVE,,,30,25,0,55,A,0,0,0,0,0,87,0,0,True,False,,,Toujours inscrit
5712233,Terminale technologique,"Architecture, géographie, aménagement",Parent,,,30,25,0,55,A,0,0,0,0,0,0,0,0,,,,,Toujours inscrit
5723772,Bac+2,"Communication, information, journalisme",Etudiant,,,30,25,0,55,A,0,0,0,0,0,0,0,0,,,,,Toujours inscrit
5070388,Bac+1,"Sciences de la matière (chimie, physique, matériaux, optique…)",_ETUDIANT / ÉLÈVE,,,30,25,0,55,A,0,0,0,0,0,0,0,0,False,False,,,Toujours inscrit
6512674,5ème,"Action sociale, animation, sciences sociales",_ETUDIANT / ÉLÈVE,,,30,25,0,55,A,0,0,0,0,0,1,0,0,True,True,,,Toujours inscrit
9080244,Bac+4,Technologie industrielle,"En recherche d'emploi, de stage / Jeune diplômé",,,30,25,0,55,A,0,0,0,0,0,5,0,0,True,True,,,Toujours inscrit
5864138,Première,"Communication, information, journalisme",Lycéen,,,30,25,0,55,A,0,0,0,0,0,2,0,0,False,False,,,Toujours inscrit
5741027,Terminale Pro,"Comptabilité, gestion, ressources humaines",_ETUDIANT / ÉLÈVE,,,30,25,0,55,A,0,0,0,0,0,0,0,0,,,,,Toujours inscrit
7382220,Bac+3,"Mécanique, aéronautique, automobile",Etudiant,,,30,25,0,55,A,0,0,0,0,0,1,0,0,False,False,,,Toujours inscrit
6043836,Bac+1,Economie,Lycéen,,,30,25,0,55,A,0,0,0,0,0,0,0,0,False,False,,,Toujours inscrit
5935298,CAP/BEP,"Education, formation","En recherche d'emploi, de stage / Jeune diplômé",,,30,25,0,55,A,0,0,0,0,0,1,0,0,False,False,,,Toujours inscrit
5741484,Terminale technologique,"Arts, audiovisuel, culture",_ETUDIANT / ÉLÈVE,,,30,25,0,55,A,0,0,0,0,0,1,0,0,False,False,,,Toujours inscrit
7517992,Terminale,"Santé, paramédical",Parent,,,30,25,0,55,A,0,0,0,0,0,2,0,0,False,False,,,Toujours inscrit
7427104,Bac+3,"Digital, Informatique, multimédia",_ETUDIANT / ÉLÈVE,,,30,25,0,55,A,0,0,0,0,0,2,0,0,False,False,,,Toujours inscrit
5843893,Terminale,"Lettres, langues et sciences humaines","En recherche d'emploi, de stage / Jeune diplômé",,,30,25,0,55,A,0,0,0,0,0,1,0,0,False,False,,,Toujours inscrit
6092643,Bac+2,"Arts, audiovisuel, culture",Etudiant,,,30,25,0,55,A,0,0,0,0,0,0,0,0,True,True,,,Toujours inscrit
5936184,Terminale,"Sciences de la matière (chimie, physique, matériaux, optique…)",Lycéen,,,30,25,0,55,A,0,0,0,0,0,1,0,0,False,False,,,Toujours inscrit
6475213,Terminale technologique,"Commerce, vente, marketing",Lycéen,,,30,25,0,55,A,0,0,0,0,0,1,0,0,False,False,,,Toujours inscrit
5948838,Bac+1,"Education, formation",_ETUDIANT / ÉLÈVE,,,30,25,0,55,A,0,0,0,0,0,1,0,0,False,False,,,Toujours inscrit
5042541,3ème,"Droit, science politique, administration publique",Collégien,,,30,25,0,55,A,0,0,0,0,0,0,0,0,False,False,,,Toujours inscrit
6083016,Bac+3,Sport,"En recherche d'emploi, de stage / Jeune diplômé",,,30,25,0,55,A,0,0,0,0,0,1,0,0,False,False,,,Toujours inscrit
6087587,Terminale,"Arts, audiovisuel, culture",_ETUDIANT / ÉLÈVE,,,30,25,0,55,A,0,0,0,0,0,1,0,0,False,False,,,Toujours inscrit
6070413,Bac+2,"Banque, assurance, finance, immobilier","En recherche d'emploi, de stage / Jeune diplômé",,,30,25,0,55,A,0,0,0,0,0,1,0,0,False,False,,,Toujours inscrit
7515064,Seconde Générale et Technologique,Sport,Lycéen,,,30,25,0,55,A,0,0,0,0,0,1,0,0,True,True,,,Toujours inscrit
6105813,Terminale,"Santé, paramédical",_ETUDIANT / ÉLÈVE,,,30,25,0,55,A,0,0,0,0,0,1,0,0,False,False,,,Toujours inscrit
5732071,Bac+3,"Cosmétique, esthétique, soins personnels",_ETUDIANT / ÉLÈVE,,,30,25,0,55,A,0,0,0,0,0,1,0,0,False,False,,,Toujours inscrit
6056201,Bac+2,"Commerce, vente, marketing",_ETUDIANT / ÉLÈVE,,,30,25,0,55,A,0,0,0,0,0,1,0,0,False,False,,,Toujours inscrit
5729487,Bac+2,"Sciences de la vie (biologie, biotechnologies...)",_ETUDIANT / ÉLÈVE,,,30,25,0,55,A,0,0,0,0,0,0,0,0,True,True,,,Toujours inscrit
5949790,Terminale,Je ne sais pas quoi faire,_ETUDIANT / ÉLÈVE,,,30,10,15,55,A,1,0,1,35,0,44,0,0,True,False,,,Toujours inscrit
6077746,Bac+1,"Mécanique, aéronautique, automobile","En recherche d'emploi, de stage / Jeune diplômé",,,30,25,0,55,A,0,0,0,0,0,1,0,0,False,False,,,Toujours inscrit
5766012,3ème,Sport,Etudiant,,,30,25,0,55,A,0,0,0,0,0,1,0,0,False,False,,,Toujours inscrit
6057152,Bac +5 et au delà,"Mécanique, aéronautique, automobile","En recherche d'emploi, de stage / Jeune diplômé",,,30,25,0,55,A,0,0,0,0,0,1,0,0,False,False,,,Toujours inscrit
7629359,Bac +5 et au delà,"Armée, défense, sécurité",Parent,,,30,25,0,55,A,0,0,0,0,0,3,0,0,False,False,,,Toujours inscrit
5826679,CAP/BEP,Sport,_ETUDIANT / ÉLÈVE,,,30,25,0,55,A,0,0,0,0,0,1,0,0,False,False,,,Toujours inscrit
6076550,Bac +5 et au delà,"Commerce, vente, marketing",_ETUDIANT / ÉLÈVE,,,30,25,0,55,A,0,0,0,0,0,0,0,0,True,True,,,Toujours inscrit
5804349,3ème,Luxe,_ETUDIANT / ÉLÈVE,,,30,25,0,55,A,0,0,0,0,0,1,0,0,False,False,,,Toujours inscrit
5840122,3ème,"Santé, paramédical",Collégien,,,30,25,0,55,A,0,0,0,0,0,0,0,0,True,True,,,Toujours inscrit
4366400,Bac+2,"Electronique, automatique",Etudiant,,,30,25,0,55,A,0,0,0,0,0,2,0,0,False,False,,,Toujours inscrit
5714270,Terminale Générale Agricole,"Commerce, vente, marketing",Lycéen,,,30,25,0,55,A,0,0,0,0,0,0,0,0,True,True,,,Toujours inscrit
5747890,3ème,"Architecture, géographie, aménagement",_ETUDIANT / ÉLÈVE,,,30,25,0,55,A,0,0,0,0,0,1,0,0,False,False,,,Toujours inscrit
5918301,Première,"Tourisme, hôtellerie, restauration",_ETUDIANT / ÉLÈVE,,,30,25,0,55,A,0,0,0,0,0,1,0,0,False,False,,,Toujours inscrit
9107580,Seconde Générale et Technologique,"Sciences de la Terre (environnement, agriculture, agronomie ...)",Parent,,,30,25,0,55,A,0,0,0,0,0,0,0,0,True,True,,,Toujours inscrit
5734840,3ème,"Vétérinaire, soins aux animaux",_ETUDIANT / ÉLÈVE,,,30,25,0,55,A,0,0,0,0,0,1,0,0,False,False,,,Toujours inscrit
5773081,Terminale,"Armée, défense, sécurité",_ETUDIANT / ÉLÈVE,,,30,25,0,55,A,0,0,0,0,0,1,0,0,False,False,,,Toujours inscrit
8976794,Bac+2,"Banque, assurance, finance, immobilier",_ETUDIANT / ÉLÈVE,,,30,25,0,55,A,0,0,0,0,0,1,0,0,False,False,,,Toujours inscrit
5885662,Bac+3,"Génie civil, bâtiment",_ETUDIANT / ÉLÈVE,,,30,25,0,55,A,0,0,0,0,0,1,0,0,False,False,,,Toujours inscrit
5657407,Bac+2,"Commerce, vente, marketing",_ETUDIANT / ÉLÈVE,,,30,25,0,55,A,0,0,0,0,0,1,0,0,False,False,,,Toujours inscrit
7458454,Bac+3,"Droit, science politique, administration publique",Etudiant,,,30,25,0,55,A,0,0,0,0,0,167,0,0,True,True,,,Toujours inscrit
3480054,3ème,"Arts, audiovisuel, culture",_ETUDIANT / ÉLÈVE,,,30,25,0,55,A,0,0,0,0,0,59,0,0,True,True,,,Toujours inscrit
6151600,Terminale,Economie,Lycéen,,,30,25,0,55,A,0,0,0,0,0,1,0,0,False,False,,,Toujours inscrit
5682054,Seconde Générale et Technologique,"Mécanique, aéronautique, automobile",_ETUDIANT / ÉLÈVE,,,30,25,0,55,A,0,0,0,0,0,0,0,0,,,,,Toujours inscrit
5700741,3ème,"Tourisme, hôtellerie, restauration",_ETUDIANT / ÉLÈVE,,,30,25,0,55,A,0,0,0,0,0,0,0,0,,,,,Toujours inscrit
5840459,Bac+2,Economie,_ETUDIANT / ÉLÈVE,,,30,25,0,55,A,0,0,0,0,0,1,0,0,False,False,,,Toujours inscrit
183999,(Vide),"Arts, audiovisuel, culture",Parent,,,30,15,10,55,A,0,0,0,197,0,220,0,0,True,True,,,Toujours inscrit
5794403,Bac+1,"Sciences de la vie (biologie, biotechnologies...)","En recherche d'emploi, de stage / Jeune diplômé",,,30,25,0,55,A,0,0,0,0,0,0,0,0,False,False,,,Toujours inscrit
5787092,6ème,"Cosmétique, esthétique, soins personnels",Parent,,,30,25,0,55,A,0,0,0,0,0,1,0,0,False,False,,,Toujours inscrit
7103525,Terminale Pro,"Commerce, vente, marketing",_ETUDIANT / ÉLÈVE,,,30,25,0,55,A,0,0,0,0,0,1,0,0,False,False,,,Toujours inscrit
7596380,3ème,"Arts, audiovisuel, culture",Collégien,,,30,25,0,55,A,0,0,0,0,0,2,0,0,False,False,,,Toujours inscrit
5700641,Seconde Générale et Technologique,"Digital, Informatique, multimédia",Parent,,,30,25,0,55,A,0,0,0,0,0,0,0,0,True,False,,,Toujours inscrit
7043564,3ème,"Action sociale, animation, sciences sociales",_ETUDIANT / ÉLÈVE,,,30,25,0,55,A,0,0,0,0,0,1,0,0,False,False,,,Toujours inscrit
7071278,Bac+1,"Comptabilité, gestion, ressources humaines",Etudiant,,,30,25,0,55,A,0,0,0,0,0,1,0,0,False,False,,,Toujours inscrit
6729991,Terminale,"Communication, information, journalisme",_ETUDIANT / ÉLÈVE,,,30,25,0,55,A,0,0,0,0,0,4,0,0,False,False,,,Toujours inscrit
7498280,Première Pro,"Banque, assurance, finance, immobilier",_ETUDIANT / ÉLÈVE,,,30,25,0,55,A,0,0,0,0,0,6,0,0,True,True,,,Toujours inscrit
5677979,Première,"Sciences de la Terre (environnement, agriculture, agronomie ...)",Parent,,,30,25,0,55,A,0,0,0,0,0,0,0,0,,,,,Toujours inscrit
9099774,Bac+1,"Lettres, langues et sciences humaines",Etudiant,,,30,25,0,55,A,0,0,0,0,0,0,0,0,True,True,,,Toujours inscrit
5960652,Bac +5 et au delà,"Communication, information, journalisme",_ETUDIANT / ÉLÈVE,,,30,25,0,55,A,0,0,0,0,0,1,0,0,False,False,,,Toujours inscrit
5960812,Première Pro,"Education, formation",_ETUDIANT / ÉLÈVE,,,30,25,0,55,A,0,0,0,0,0,1,0,0,False,False,,,Toujours inscrit
5688941,Seconde Générale et Technologique,"Tourisme, hôtellerie, restauration",Lycéen,,,30,25,0,55,A,0,0,0,0,0,0,0,0,,,,,Toujours inscrit
9105755,5ème,"Digital, Informatique, multimédia",_ETUDIANT / ÉLÈVE,,,30,25,0,55,A,0,0,0,0,0,0,0,0,True,True,,,Toujours inscrit
5807597,3ème,Sport,_ETUDIANT / ÉLÈVE,,,30,25,0,55,A,0,0,0,0,0,1,0,0,False,False,,,Toujours inscrit
6735771,6ème,"Sciences de la vie (biologie, biotechnologies...)",Parent,,,30,25,0,55,A,0,0,0,0,0,1,0,0,False,False,,,Toujours inscrit
5749900,Terminale technologique,"Education, formation",Lycéen,,,30,25,0,55,A,0,0,0,0,0,1,0,0,False,False,,,Toujours inscrit
5804038,Terminale,"Digital, Informatique, multimédia",_ETUDIANT / ÉLÈVE,,,30,25,0,55,A,0,0,0,0,0,1,0,0,False,False,,,Toujours inscrit
5762520,Bac+1,"Droit, science politique, administration publique",_ETUDIANT / ÉLÈVE,,,30,25,0,55,A,0,0,0,0,0,1,0,0,False,False,,,Toujours inscrit
6136645,Bac +5 et au delà,"Droit, science politique, administration publique",Etudiant,,,30,25,0,55,A,0,0,0,0,0,2,0,0,False,True,,,Toujours inscrit
6248663,3ème,"Lettres, langues et sciences humaines",_ETUDIANT / ÉLÈVE,,,30,25,0,55,A,0,0,0,0,0,2,0,0,False,False,,,Toujours inscrit
5096604,Terminale,"International, études à l'étranger",_ETUDIANT / ÉLÈVE,,,30,25,0,55,A,0,0,0,0,0,0,0,0,True,True,,,Toujours inscrit
5816281,Bac+3,Sport,"En recherche d'emploi, de stage / Jeune diplômé",,,30,25,0,55,A,0,0,0,0,0,0,0,0,False,True,,,Toujours inscrit
5703007,Bac+3,Technologie industrielle,Etudiant,,,30,25,0,55,A,0,0,0,0,0,0,0,0,,,,,Toujours inscrit
5896594,Bac+1,"Digital, Informatique, multimédia",Etudiant,,,30,25,0,55,A,0,0,0,0,0,0,0,0,True,True,,,Toujours inscrit
6613515,Terminale,Sport,Etudiant,,,30,25,0,55,A,0,0,0,0,0,1,0,0,False,False,,,Toujours inscrit
7389670,Bac+1,"Energie, électricité","En recherche d'emploi, de stage / Jeune diplômé",,,30,25,0,55,A,0,0,0,0,0,2,0,0,False,False,,,Toujours inscrit
7820346,Terminale,"Santé, paramédical",Lycéen,,,30,25,0,55,A,0,0,0,0,0,5,0,0,True,False,,,Toujours inscrit
5759514,Bac+1,"Arts, audiovisuel, culture",Etudiant,,,30,25,0,55,A,0,0,0,0,0,1,0,0,False,False,,,Toujours inscrit
6560910,3ème,"Arts, audiovisuel, culture",_ETUDIANT / ÉLÈVE,,,30,25,0,55,A,0,0,0,0,0,142,0,0,True,True,,,Toujours inscrit
2644677,3ème,"Lettres, langues et sciences humaines",_ETUDIANT / ÉLÈVE,,,30,25,0,55,A,0,0,0,0,0,0,0,0,True,True,,,Toujours inscrit
6058335,5ème,"Electronique, automatique",_ETUDIANT / ÉLÈVE,,,30,25,0,55,A,0,0,0,0,0,5,0,0,False,True,,,Toujours inscrit
5673588,Bac+2,"Comptabilité, gestion, ressources humaines",Etudiant,,,30,25,0,55,A,0,0,0,0,0,0,0,0,,,,,Toujours inscrit
5890855,Terminale technologique,"Commerce, vente, marketing",Parent,,,30,25,0,55,A,0,0,0,0,0,1,0,0,False,False,,,Toujours inscrit
5705930,Bac+1,"Comptabilité, gestion, ressources humaines",_ETUDIANT / ÉLÈVE,,,30,25,0,55,A,0,0,0,0,0,0,0,0,,,,,Toujours inscrit
5028765,4ème,"International, études à l'étranger",_ETUDIANT / ÉLÈVE,,,30,25,0,55,A,0,0,0,0,0,124,0,0,True,True,,,Toujours inscrit
6358574,Terminale Générale Agricole,"Armée, défense, sécurité",Lycéen,,,30,25,0,55,A,0,0,0,0,0,1,0,0,False,False,,,Toujours inscrit
7315522,5ème,"Sciences de la Terre (environnement, agriculture, agronomie ...)",Collégien,,,30,25,0,55,A,0,0,0,0,0,2,0,0,False,False,,,Toujours inscrit
5928833,Première,"Lettres, langues et sciences humaines",Lycéen,,,30,25,0,55,A,0,0,0,0,0,0,0,0,True,False,,,Toujours inscrit
6059859,Bac+2,"Vétérinaire, soins aux animaux",Etudiant,,,30,25,0,55,A,0,0,0,0,0,1,0,0,False,False,,,Toujours inscrit
5867556,CAP/BEP,"Electronique, automatique",_ETUDIANT / ÉLÈVE,,,30,25,0,55,A,0,0,0,0,0,1,0,0,False,False,,,Toujours inscrit
7537666,3ème,"Armée, défense, sécurité",Collégien,,,30,25,0,55,A,0,0,0,0,0,2,0,0,False,False,,,Toujours inscrit
7505136,Terminale,Economie,Lycéen,,,30,25,0,55,A,0,0,0,0,0,2,0,0,False,False,,,Toujours inscrit
6079024,Première,"Droit, science politique, administration publique",Lycéen,,,30,25,0,55,A,0,0,0,0,0,1,0,0,False,False,,,Toujours inscrit
5759910,5ème,"Commerce, vente, marketing",_ETUDIANT / ÉLÈVE,,,30,25,0,55,A,0,0,0,0,0,1,0,0,False,False,,,Toujours inscrit
5789948,Bac+2,Sport,Parent,,,30,25,0,55,A,0,0,0,0,0,2,0,0,False,False,,,Toujours inscrit
5901516,Terminale technologique,"Communication, information, journalisme",Parent,,,30,25,0,55,A,0,0,0,0,0,1,0,0,False,False,,,Toujours inscrit
5818002,Seconde Générale et Technologique,"Droit, science politique, administration publique",_ETUDIANT / ÉLÈVE,,,30,25,0,55,A,0,0,0,0,0,0,0,0,False,False,,,Toujours inscrit
6128652,Terminale,"Droit, science politique, administration publique",_ETUDIANT / ÉLÈVE,,,30,25,0,55,A,0,0,0,0,0,0,0,0,True,True,,,Toujours inscrit
5672153,3ème,"Comptabilité, gestion, ressources humaines",Collégien,,,30,25,0,55,A,0,0,0,0,0,1,0,0,False,False,,,Toujours inscrit
6469774,Terminale,"Digital, Informatique, multimédia",Lycéen,,,30,25,0,55,A,0,0,0,0,0,1,0,0,False,False,,,Toujours inscrit
7646172,Bac+1,"Arts, audiovisuel, culture",Etudiant,,,30,25,0,55,A,0,0,0,0,0,148,0,0,True,True,,,Toujours inscrit
6132781,4ème,"Vétérinaire, soins aux animaux",_ETUDIANT / ÉLÈVE,,,30,25,0,55,A,0,0,0,0,0,0,0,0,True,True,,,Toujours inscrit
5749384,Bac+1,"Mécanique, aéronautique, automobile",_ETUDIANT / ÉLÈVE,,,30,25,0,55,A,0,0,0,0,0,1,0,0,False,False,,,Toujours inscrit
6133415,Terminale,"Lettres, langues et sciences humaines",_ETUDIANT / ÉLÈVE,,,30,25,0,55,A,0,0,0,0,0,0,0,0,False,False,,,Toujours inscrit
9022502,4ème,"Commerce, vente, marketing",_ETUDIANT / ÉLÈVE,,,30,25,0,55,A,0,0,0,0,0,12,0,0,True,True,,,Toujours inscrit
5832803,Bac+1,"Armée, défense, sécurité",Etudiant,,,30,25,0,55,A,0,0,0,0,0,1,0,0,False,False,,,Toujours inscrit
5794032,Bac+4,"Digital, Informatique, multimédia",_ETUDIANT / ÉLÈVE,,,30,25,0,55,A,0,0,0,0,0,1,0,0,False,False,,,Toujours inscrit
5777642,Terminale,"Commerce, vente, marketing",_ETUDIANT / ÉLÈVE,,,30,25,0,55,A,0,0,0,0,0,0,0,0,False,False,,,Toujours inscrit
8809215,3ème,"Cosmétique, esthétique, soins personnels",Collégien,,,30,25,0,55,A,0,0,0,0,0,17,0,0,True,True,,,Toujours inscrit
2276351,Bac +5 et au delà,"Droit, science politique, administration publique",_ETUDIANT / ÉLÈVE,,,30,25,0,55,A,0,0,0,0,0,0,0,0,,,,,Toujours inscrit
5824650,3ème,"Santé, paramédical",Collégien,,,30,25,0,55,A,0,0,0,0,0,0,0,0,False,False,,,Toujours inscrit
5666717,3ème,"Architecture, géographie, aménagement",Collégien,,,30,25,0,55,A,0,0,0,0,0,1,0,0,False,False,,,Toujours inscrit
4058036,Seconde Générale et Technologique,"Arts, audiovisuel, culture",_ETUDIANT / ÉLÈVE,,,30,25,0,55,A,0,0,0,0,0,2,0,0,False,False,,,Toujours inscrit
5923023,Terminale,"Communication, information, journalisme",Lycéen,,,30,25,0,55,A,0,0,0,0,0,1,0,0,False,False,,,Toujours inscrit
8845452,Première,(Vide),_ETUDIANT / ÉLÈVE,,,30,15,10,55,A,1,1,1,3,0,17,0,0,True,True,,,Toujours inscrit
5082992,Bac +5 et au delà,"International, études à l'étranger",Etudiant,,,30,25,0,55,A,0,0,0,0,0,0,0,0,,,,,Toujours inscrit
6050818,Terminale,Je ne sais pas quoi faire,_ETUDIANT / ÉLÈVE,,,30,10,15,55,A,0,0,0,124,1,307,0,0,True,True,,,Toujours inscrit
6112555,Terminale,"Communication, information, journalisme",Lycéen,,,30,25,0,55,A,0,0,0,0,0,1,0,0,False,False,,,Toujours inscrit
5662133,Terminale,"Lettres, langues et sciences humaines",_ETUDIANT / ÉLÈVE,,,30,25,0,55,A,0,0,0,0,0,0,0,0,True,False,,,Toujours inscrit
6076102,Terminale,"Architecture, géographie, aménagement",Lycéen,,,30,25,0,55,A,0,0,0,0,0,1,0,0,False,False,,,Toujours inscrit
5735243,Bac+4,"Commerce, vente, marketing",_ETUDIANT / ÉLÈVE,,,30,25,0,55,A,0,0,0,0,0,0,0,0,,,,,Toujours inscrit
8377997,Seconde Générale et Technologique,"Commerce, vente, marketing",_ETUDIANT / ÉLÈVE,,,30,25,0,55,A,0,0,0,0,0,1,0,0,False,False,,,Toujours inscrit
5280293,Bac+3,"Commerce, vente, marketing",Etudiant,,,30,25,0,55,A,0,0,0,0,0,0,0,0,True,True,,,Toujours inscrit
6056483,Terminale Pro,Economie,Lycéen,,,30,25,0,55,A,0,0,0,0,0,0,0,0,True,True,,,Toujours inscrit
6665490,5ème,"Sciences de la matière (chimie, physique, matériaux, optique…)",_ETUDIANT / ÉLÈVE,,,30,25,0,55,A,0,0,0,0,0,1,0,0,False,False,,,Toujours inscrit
6051790,Seconde Générale et Technologique,"Vétérinaire, soins aux animaux",Lycéen,,,30,25,0,55,A,0,0,0,0,0,0,0,0,True,True,,,Toujours inscrit
6151387,Bac +5 et au delà,"Energie, électricité",Parent,,,30,25,0,55,A,0,0,0,0,0,1,0,0,False,False,,,Toujours inscrit
5929913,Terminale,"Arts, audiovisuel, culture","En recherche d'emploi, de stage / Jeune diplômé",,,30,25,0,55,A,0,0,0,0,0,1,0,0,False,False,,,Toujours inscrit
5009114,Terminale,"Energie, électricité",Lycéen,,,30,25,0,55,A,0,0,0,0,0,0,0,0,False,False,,,Toujours inscrit
6060291,6ème,"Secretariat, assistant de gestion",_ETUDIANT / ÉLÈVE,,,30,25,0,55,A,0,0,0,0,0,1,0,0,False,False,,,Toujours inscrit
7637232,Bac +5 et au delà,Luxe,_ETUDIANT / ÉLÈVE,,,30,25,0,55,A,0,0,0,0,0,2,0,0,False,False,,,Toujours inscrit
5891108,3ème,"Génie civil, bâtiment",Etudiant,,,30,25,0,55,A,0,0,0,0,0,1,0,0,False,False,,,Toujours inscrit
5760742,Bac+1,Luxe,Etudiant,,,30,25,0,55,A,0,0,0,0,0,1,0,0,False,False,,,Toujours inscrit
5917824,4ème,"Santé, paramédical",Collégien,,,30,25,0,55,A,0,0,0,0,0,0,0,0,False,False,,,Toujours inscrit
5772808,Première Pro,"Commerce, vente, marketing",Lycéen,,,30,25,0,55,A,0,0,0,0,0,0,0,0,False,True,,,Toujours inscrit
7486502,Seconde Générale et Technologique,"Transport, logistique",_ETUDIANT / ÉLÈVE,,,30,25,0,55,A,0,0,0,0,0,0,0,0,True,True,,,Toujours inscrit
5926386,CAP/BEP,"Cosmétique, esthétique, soins personnels",_ETUDIANT / ÉLÈVE,,,30,25,0,55,A,0,0,0,0,0,1,0,0,False,False,,,Toujours inscrit
5828658,Bac +5 et au delà,"International, études à l'étranger",_ETUDIANT / ÉLÈVE,,,30,25,0,55,A,0,0,0,0,0,1,0,0,False,False,,,Toujours inscrit
6073850,Bac+2,Luxe,_ETUDIANT / ÉLÈVE,,,30,25,0,55,A,0,0,0,0,0,1,0,0,False,False,,,Toujours inscrit
6088677,CAP/BEP,"Action sociale, animation, sciences sociales",Etudiant,,,30,25,0,55,A,0,0,0,0,0,1,0,0,False,False,,,Toujours inscrit
6052674,CAP/BEP,"Vétérinaire, soins aux animaux",_ETUDIANT / ÉLÈVE,,,30,25,0,55,A,0,0,0,0,0,1,0,0,False,False,,,Toujours inscrit
5807161,Première,"Vétérinaire, soins aux animaux",_ETUDIANT / ÉLÈVE,,,30,25,0,55,A,0,0,0,0,0,1,0,0,False,False,,,Toujours inscrit
5792159,3ème,Technologie industrielle,Collégien,,,30,25,0,55,A,0,0,0,0,0,0,0,0,False,False,,,Toujours inscrit
6058314,3ème,"International, études à l'étranger",Collégien,,,30,25,0,55,A,0,0,0,0,0,1,0,0,False,False,,,Toujours inscrit
5139243,Bac +5 et au delà,"Communication, information, journalisme",Etudiant,Auvergne-Rhône-Alpes,Ain (01),30,25,0,55,A,0,0,0,0,0,0,0,0,False,False,0.18125743967103128,0.8187425603289687,Toujours inscrit
7846084,Terminale technologique,"Arts, audiovisuel, culture",_ETUDIANT / ÉLÈVE,Auvergne-Rhône-Alpes,Ain (01),30,25,0,55,A,0,0,0,0,0,2,0,0,False,False,0.11289839144769707,0.8871016085523029,Toujours inscrit
6573212,3ème,"Comptabilité, gestion, ressources humaines",_ETUDIANT / ÉLÈVE,Auvergne-Rhône-Alpes,Ain (01),30,25,0,55,A,0,0,0,0,0,1,0,0,False,False,0.1269478725363787,0.8730521274636213,Toujours inscrit
8636394,Première,Je ne sais pas quoi faire,_ETUDIANT / ÉLÈVE,Auvergne-Rhône-Alpes,Ain (01),30,15,10,55,A,1,1,1,4,0,43,0,0,True,True,0.24614107883817427,0.7538589211618257,Toujours inscrit
5560375,Terminale technologique,"Santé, paramédical",Parent,Auvergne-Rhône-Alpes,Ain (01),30,25,0,55,A,0,0,0,0,0,0,0,0,,,0.21848922429431827,0.7815107757056817,Toujours inscrit
5173681,Bac+2,"Sciences de la vie (biologie, biotechnologies...)","En recherche d'emploi, de stage / Jeune diplômé",Auvergne-Rhône-Alpes,Ain (01),30,25,0,55,A,0,0,0,0,0,0,0,0,False,False,0.14182344428364688,0.8581765557163531,Toujours inscrit
5042900,Seconde Générale et Technologique,Economie,Lycéen,Auvergne-Rhône-Alpes,Ain (01),30,25,0,55,A,0,0,0,0,0,0,0,0,False,False,0.12066465006422741,0.8793353499357726,Toujours inscrit
5020469,Terminale Pro,"Digital, Informatique, multimédia","En recherche d'emploi, de stage / Jeune diplômé",Auvergne-Rhône-Alpes,Ain (01),30,25,0,55,A,0,0,0,0,0,0,0,0,False,False,0.11127063890882986,0.8887293610911702,Toujours inscrit
7212034,Bac+4,Je ne sais pas quoi faire,_ETUDIANT / ÉLÈVE,Auvergne-Rhône-Alpes,Ain (01),30,15,10,55,A,1,1,1,1,0,2,0,0,False,False,0.1269478725363787,0.8730521274636213,Toujours inscrit
7638244,Seconde Générale et Technologique,"Santé, paramédical",_ETUDIANT / ÉLÈVE,Auvergne-Rhône-Alpes,Ain (01),30,25,0,55,A,0,0,0,0,0,2,0,0,False,False,0.13922789539227895,0.860772104607721,Toujours inscrit
5376316,5ème,"International, études à l'étranger",Collégien,Auvergne-Rhône-Alpes,Ain (01),30,25,0,55,A,0,0,0,0,0,0,0,0,False,True,0.20426076620645514,0.7957392337935448,Toujours inscrit
8584620,Bac+1,"International, études à l'étranger",_ETUDIANT / ÉLÈVE,Auvergne-Rhône-Alpes,Ain (01),30,25,0,55,A,0,0,0,0,0,2,0,0,False,False,0.22405688803181872,0.7759431119681812,Toujours inscrit
8419947,Terminale,"Communication, information, journalisme","En recherche d'emploi, de stage / Jeune diplômé",Provence-Alpes-Côte d'Azur,Alpes-Maritimes (06),30,25,0,55,A,0,0,0,0,0,2,0,0,False,False,0.17853703145216993,0.8214629685478301,Toujours inscrit
5154332,Première,"Commerce, vente, marketing",Lycéen,Provence-Alpes-Côte d'Azur,Alpes-Maritimes (06),30,25,0,55,A,0,0,0,0,0,0,0,0,False,False,0.17853703145216993,0.8214629685478301,Toujours inscrit
5358065,Première,"Sciences de la vie (biologie, biotechnologies...)",_ETUDIANT / ÉLÈVE,Provence-Alpes-Côte d'Azur,Alpes-Maritimes (06),30,25,0,55,A,0,0,0,0,0,0,0,0,,,0.1819503683598294,0.8180496316401706,Toujours inscrit
5081222,Seconde Pro,"Santé, paramédical",_ETUDIANT / ÉLÈVE,Provence-Alpes-Côte d'Azur,Alpes-Maritimes (06),30,25,0,55,A,0,0,0,0,0,0,0,0,True,True,0.17853703145216993,0.8214629685478301,Toujours inscrit
6131892,Bac+4,"Comptabilité, gestion, ressources humaines",_ETUDIANT / ÉLÈVE,Provence-Alpes-Côte d'Azur,Alpes-Maritimes (06),30,25,0,55,A,0,0,0,0,0,35,0,0,True,False,0.17853703145216993,0.8214629685478301,Toujours inscrit
7553575,Première Pro,Economie,_ETUDIANT / ÉLÈVE,Provence-Alpes-Côte d'Azur,Alpes-Maritimes (06),30,25,0,55,A,0,0,0,0,0,2,0,0,False,False,0.15994603507719982,0.8400539649228002,Toujours inscrit
5264082,Seconde Pro,"Santé, paramédical",Lycéen,Provence-Alpes-Côte d'Azur,Alpes-Maritimes (06),30,25,0,55,A,0,0,0,0,0,0,0,0,True,True,0.17853703145216993,0.8214629685478301,Toujours inscrit
7121835,Terminale,Luxe,Lycéen,Provence-Alpes-Côte d'Azur,Alpes-Maritimes (06),30,25,0,55,A,0,0,0,0,0,0,0,0,False,False,0.1934560327198364,0.8065439672801636,Toujours inscrit
5381391,Bac+1,"Arts, audiovisuel, culture",_ETUDIANT / ÉLÈVE,Provence-Alpes-Côte d'Azur,Alpes-Maritimes (06),30,25,0,55,A,0,0,0,0,0,0,0,0,,,0.17853703145216993,0.8214629685478301,Toujours inscrit
5058911,3ème,"Commerce, vente, marketing",Collégien,Provence-Alpes-Côte d'Azur,Alpes-Maritimes (06),30,25,0,55,A,0,0,0,0,0,0,0,0,False,False,0.13025027203482045,0.8697497279651796,Toujours inscrit
5909109,Terminale technologique,"Arts, audiovisuel, culture",_ETUDIANT / ÉLÈVE,Provence-Alpes-Côte d'Azur,Alpes-Maritimes (06),30,25,0,55,A,0,0,0,0,0,0,0,0,True,True,0.17853703145216993,0.8214629685478301,Toujours inscrit
8714964,3ème,(Vide),Parent,Provence-Alpes-Côte d'Azur,Alpes-Maritimes (06),30,15,10,55,A,1,1,1,4,0,14,0,0,True,True,0.13025027203482045,0.8697497279651796,Toujours inscrit
8562057,3ème,"Action sociale, animation, sciences sociales",_ETUDIANT / ÉLÈVE,Provence-Alpes-Côte d'Azur,Alpes-Maritimes (06),30,25,0,55,A,0,0,0,0,0,24,0,0,True,True,0.1864406779661017,0.8135593220338984,Toujours inscrit
5355183,Terminale technologique,"Digital, Informatique, multimédia",_ETUDIANT / ÉLÈVE,Provence-Alpes-Côte d'Azur,Alpes-Maritimes (06),30,25,0,55,A,0,0,0,0,0,0,0,0,,,0.13025027203482045,0.8697497279651796,Toujours inscrit
5374680,Bac+1,"Droit, science politique, administration publique",_ETUDIANT / ÉLÈVE,Provence-Alpes-Côte d'Azur,Alpes-Maritimes (06),30,25,0,55,A,0,0,0,0,0,0,0,0,,,0.286923402454507,0.713076597545493,Toujours inscrit
5371063,Première,"Santé, paramédical",Parent,Provence-Alpes-Côte d'Azur,Alpes-Maritimes (06),30,25,0,55,A,0,0,0,0,0,0,0,0,,,0.17853703145216993,0.8214629685478301,Toujours inscrit
4631216,Première,"Arts, audiovisuel, culture",_ETUDIANT / ÉLÈVE,Provence-Alpes-Côte d'Azur,Alpes-Maritimes (06),30,25,0,55,A,0,0,0,0,0,2,0,0,False,False,0.16624411445128576,0.8337558855487143,Toujours inscrit
4989246,Terminale,"Sciences de la matière (chimie, physique, matériaux, optique…)",_ETUDIANT / ÉLÈVE,Provence-Alpes-Côte d'Azur,Alpes-Maritimes (06),30,25,0,55,A,0,0,0,0,0,2,0,0,False,False,0.2091066033664221,0.7908933966335779,Toujours inscrit
5207388,Terminale,"Commerce, vente, marketing",Lycéen,Grand Est,Bas-Rhin (67),30,25,0,55,A,0,0,0,0,0,0,0,0,False,False,0.17055851427010787,0.8294414857298921,Toujours inscrit
6638341,Seconde Générale et Technologique,"International, études à l'étranger",_ETUDIANT / ÉLÈVE,Grand Est,Bas-Rhin (67),30,25,0,55,A,0,0,0,0,0,245,0,0,True,False,0.13612194257355548,0.8638780574264445,Toujours inscrit
5699451,Terminale Pro,"Vétérinaire, soins aux animaux",Etudiant,Grand Est,Bas-Rhin (67),30,25,0,55,A,0,0,0,0,0,1,0,0,False,False,0.1609105180533752,0.8390894819466248,Toujours inscrit
5194023,4ème,Economie,Collégien,Grand Est,Bas-Rhin (67),30,25,0,55,A,0,0,0,0,0,0,0,0,False,False,0.16976729520085768,0.8302327047991424,Toujours inscrit
5294094,Bac+2,"Commerce, vente, marketing",_ETUDIANT / ÉLÈVE,Grand Est,Bas-Rhin (67),30,25,0,55,A,0,0,0,0,0,0,0,0,,,0.16976729520085768,0.8302327047991424,Toujours inscrit
7585499,3ème,"Commerce, vente, marketing",Collégien,Grand Est,Bas-Rhin (67),30,25,0,55,A,0,0,0,0,0,3,0,0,False,False,0.1655581947743468,0.8344418052256533,Toujours inscrit
7671585,Bac +5 et au delà,"Energie, électricité",_ETUDIANT / ÉLÈVE,Grand Est,Bas-Rhin (67),30,25,0,55,A,0,0,0,0,0,2,0,0,False,False,0.1939254953201248,0.8060745046798752,Toujours inscrit
5272940,Terminale,"International, études à l'étranger",Parent,Grand Est,Bas-Rhin (67),30,25,0,55,A,0,0,0,0,0,0,0,0,,,0.16212148043208782,0.8378785195679122,Toujours inscrit
5325787,Première,"Arts, audiovisuel, culture",Parent,Grand Est,Bas-Rhin (67),30,25,0,55,A,0,0,0,0,0,0,0,0,,,0.20201047372539577,0.7979895262746042,Toujours inscrit
5335275,Terminale,Technologie industrielle,Parent,Grand Est,Bas-Rhin (67),30,25,0,55,A,0,0,0,0,0,0,0,0,,,0.16976729520085768,0.8302327047991424,Toujours inscrit
5555140,CAP/BEP,Sport,Lycéen,Grand Est,Bas-Rhin (67),30,25,0,55,A,0,0,0,0,0,1,0,0,False,False,0.1939254953201248,0.8060745046798752,Toujours inscrit
5328195,Première,"Sciences de la matière (chimie, physique, matériaux, optique…)",Parent,Grand Est,Bas-Rhin (67),30,25,0,55,A,0,0,0,0,0,0,0,0,,,0.13696193525435787,0.8630380647456422,Toujours inscrit
5122929,Bac +5 et au delà,"Tourisme, hôtellerie, restauration","En recherche d'emploi, de stage / Jeune diplômé",Grand Est,Bas-Rhin (67),30,25,0,55,A,0,0,0,0,0,0,0,0,False,False,0.1009470078581503,0.8990529921418496,Toujours inscrit
5638943,3ème,"Droit, science politique, administration publique",Collégien,Grand Est,Bas-Rhin (67),30,25,0,55,A,0,0,0,0,0,117,0,0,True,True,0.1939254953201248,0.8060745046798752,Toujours inscrit
5304929,Bac+1,"Sciences de la matière (chimie, physique, matériaux, optique…)",_ETUDIANT / ÉLÈVE,Grand Est,Bas-Rhin (67),30,25,0,55,A,0,0,0,0,0,0,0,0,,,0.1939254953201248,0.8060745046798752,Toujours inscrit
5317400,Terminale,"Energie, électricité",Lycéen,Provence-Alpes-Côte d'Azur,Bouches-du-Rhône (13),30,25,0,55,A,0,0,0,0,0,0,0,0,,,0.1557799978043693,0.8442200021956306,Toujours inscrit
5118738,Bac+3,"Commerce, vente, marketing",Etudiant,Provence-Alpes-Côte d'Azur,Bouches-du-Rhône (13),30,25,0,55,A,0,0,0,0,0,0,0,0,False,False,0.185136576162743,0.814863423837257,Toujours inscrit
5581020,Seconde Générale et Technologique,"International, études à l'étranger",_ETUDIANT / ÉLÈVE,Provence-Alpes-Côte d'Azur,Bouches-du-Rhône (13),30,25,0,55,A,0,0,0,0,0,0,0,0,False,False,0.14939062696318633,0.8506093730368137,Toujours inscrit
8394331,Terminale technologique,"Vétérinaire, soins aux animaux","En recherche d'emploi, de stage / Jeune diplômé",Provence-Alpes-Côte d'Azur,Bouches-du-Rhône (13),30,25,0,55,A,0,0,0,0,0,2,0,0,False,False,0.24201557787413808,0.7579844221258619,Toujours inscrit
7102656,Bac+3,"Communication, information, journalisme",Etudiant,Provence-Alpes-Côte d'Azur,Bouches-du-Rhône (13),30,25,0,55,A,0,0,0,0,0,1,0,0,False,False,0.20694690141240557,0.7930530985875944,Toujours inscrit
6976854,Terminale technologique,(Vide),Lycéen,Provence-Alpes-Côte d'Azur,Bouches-du-Rhône (13),30,15,10,55,A,1,1,1,1,0,50,0,0,True,True,0.119291104050834,0.880708895949166,Toujours inscrit
4973471,3ème,Economie,_ETUDIANT / ÉLÈVE,Provence-Alpes-Côte d'Azur,Bouches-du-Rhône (13),30,25,0,55,A,0,0,0,0,0,1,0,0,True,True,0.24201557787413808,0.7579844221258619,Toujours inscrit
5367136,Bac+1,"International, études à l'étranger",Etudiant,Provence-Alpes-Côte d'Azur,Bouches-du-Rhône (13),30,25,0,55,A,0,0,0,0,0,1,0,0,False,False,0.1559278350515464,0.8440721649484536,Toujours inscrit
5138729,Bac+3,Economie,_ETUDIANT / ÉLÈVE,Provence-Alpes-Côte d'Azur,Bouches-du-Rhône (13),30,25,0,55,A,0,0,0,0,0,0,0,0,False,False,0.14930092574955237,0.8506990742504477,Toujours inscrit
8461204,Terminale technologique,Je ne sais pas quoi faire,Lycéen,Provence-Alpes-Côte d'Azur,Bouches-du-Rhône (13),30,10,15,55,A,0,0,0,11,1,93,0,0,True,,0.11266988163086365,0.8873301183691363,Toujours inscrit
5109476,Première,"Sciences de la vie (biologie, biotechnologies...)",_ETUDIANT / ÉLÈVE,Provence-Alpes-Côte d'Azur,Bouches-du-Rhône (13),30,25,0,55,A,0,0,0,0,0,0,0,0,False,False,0.27521837137221755,0.7247816286277825,Toujours inscrit
5755425,Bac+3,"Digital, Informatique, multimédia",Etudiant,Provence-Alpes-Côte d'Azur,Bouches-du-Rhône (13),30,25,0,55,A,0,0,0,0,0,0,0,0,,,0.19276804383877713,0.8072319561612229,Toujours inscrit
6998805,Bac+3,Sport,_ETUDIANT / ÉLÈVE,Provence-Alpes-Côte d'Azur,Bouches-du-Rhône (13),30,25,0,55,A,0,0,0,0,0,1,0,0,False,False,0.1237234878240377,0.8762765121759623,Toujours inscrit
6650769,4ème,"Digital, Informatique, multimédia",_ETUDIANT / ÉLÈVE,Provence-Alpes-Côte d'Azur,Bouches-du-Rhône (13),30,25,0,55,A,0,0,0,0,0,1,0,0,False,False,0.2081967213114754,0.7918032786885246,Toujours inscrit
5326541,Terminale,"Lettres, langues et sciences humaines",_ETUDIANT / ÉLÈVE,Provence-Alpes-Côte d'Azur,Bouches-du-Rhône (13),30,25,0,55,A,0,0,0,0,0,0,0,0,,,0.32628287658635274,0.6737171234136472,Toujours inscrit
5401651,Terminale,"Génie civil, bâtiment",_ETUDIANT / ÉLÈVE,Provence-Alpes-Côte d'Azur,Bouches-du-Rhône (13),30,25,0,55,A,0,0,0,0,0,0,0,0,,,0.1360741498919595,0.8639258501080405,Toujours inscrit
8268614,3ème,"Cosmétique, esthétique, soins personnels",Collégien,Provence-Alpes-Côte d'Azur,Bouches-du-Rhône (13),30,25,0,55,A,0,0,0,0,0,2,0,0,False,False,0.1237234878240377,0.8762765121759623,Toujours inscrit
5686590,Bac+4,"Action sociale, animation, sciences sociales",_ETUDIANT / ÉLÈVE,Provence-Alpes-Côte d'Azur,Bouches-du-Rhône (13),30,25,0,55,A,0,0,0,0,0,1,0,0,False,False,0.2961570102244682,0.7038429897755318,Toujours inscrit
5024331,Première,"Commerce, vente, marketing",Lycéen,Provence-Alpes-Côte d'Azur,Bouches-du-Rhône (13),30,25,0,55,A,0,0,0,0,0,0,0,0,False,False,0.26793943383805136,0.7320605661619487,Toujours inscrit
4981482,5ème,"Lettres, langues et sciences humaines",_ETUDIANT / ÉLÈVE,Provence-Alpes-Côte d'Azur,Bouches-du-Rhône (13),30,25,0,55,A,0,0,0,0,0,2,0,0,False,False,0.11959201430850293,0.880407985691497,Toujours inscrit
5720206,Seconde Générale et Technologique,Economie,Lycéen,Provence-Alpes-Côte d'Azur,Bouches-du-Rhône (13),30,25,0,55,A,0,0,0,0,0,1,0,0,False,False,0.11279012882535196,0.887209871174648,Toujours inscrit
5670705,Terminale Pro,"Energie, électricité",_ETUDIANT / ÉLÈVE,Provence-Alpes-Côte d'Azur,Bouches-du-Rhône (13),30,25,0,55,A,0,0,0,0,0,1,0,0,False,False,0.1557799978043693,0.8442200021956306,Toujours inscrit
5144777,Bac+2,"Droit, science politique, administration publique",_ETUDIANT / ÉLÈVE,Provence-Alpes-Côte d'Azur,Bouches-du-Rhône (13),30,25,0,55,A,0,0,0,0,0,0,0,0,False,False,0.12553614093669938,0.8744638590633006,Toujours inscrit
8567938,3ème,"Armée, défense, sécurité",_ETUDIANT / ÉLÈVE,Provence-Alpes-Côte d'Azur,Bouches-du-Rhône (13),30,25,0,55,A,0,0,0,0,0,2,0,0,False,False,0.07842503394323398,0.921574966056766,Toujours inscrit
5751249,4ème,"Santé, paramédical",Parent,Provence-Alpes-Côte d'Azur,Bouches-du-Rhône (13),30,25,0,55,A,0,0,0,0,0,0,0,0,,,0.1360741498919595,0.8639258501080405,Toujours inscrit
8316762,Bac +5 et au delà,"Comptabilité, gestion, ressources humaines",Etudiant,Provence-Alpes-Côte d'Azur,Bouches-du-Rhône (13),30,25,0,55,A,0,0,0,0,0,2,0,0,False,False,0.11279012882535196,0.887209871174648,Toujours inscrit
5777854,Terminale,"Sciences de la Terre (environnement, agriculture, agronomie ...)",_ETUDIANT / ÉLÈVE,Provence-Alpes-Côte d'Azur,Bouches-du-Rhône (13),30,25,0,55,A,0,0,0,0,0,0,0,0,True,True,0.06833694904492302,0.931663050955077,Toujours inscrit
5138008,Terminale,"Lettres, langues et sciences humaines","En recherche d'emploi, de stage / Jeune diplômé",Provence-Alpes-Côte d'Azur,Bouches-du-Rhône (13),30,25,0,55,A,0,0,0,0,0,0,0,0,False,False,0.2395397598656416,0.7604602401343584,Toujours inscrit
5100102,3ème,"Sciences de la vie (biologie, biotechnologies...)",_ETUDIANT / ÉLÈVE,Normandie,Calvados (14),30,25,0,55,A,0,0,0,0,0,0,0,0,False,False,,,Toujours inscrit
5460086,Terminale,"Droit, science politique, administration publique",Parent,Normandie,Calvados (14),30,25,0,55,A,0,0,0,0,0,0,0,0,,,0.17493333333333333,0.8250666666666666,Toujours inscrit
5123775,Bac+1,"Tourisme, hôtellerie, restauration",Etudiant,Normandie,Calvados (14),30,25,0,55,A,0,0,0,0,0,0,0,0,False,False,0.17493333333333333,0.8250666666666666,Toujours inscrit
7263830,3ème,"Communication, information, journalisme",Collégien,Normandie,Calvados (14),30,25,0,55,A,0,0,0,0,0,2,0,0,False,False,0.11827956989247312,0.8817204301075269,Toujours inscrit
5460684,3ème,"Droit, science politique, administration publique",Parent,Normandie,Calvados (14),30,25,0,55,A,0,0,0,0,0,0,0,0,,,0.20319874147876246,0.7968012585212375,Toujours inscrit
6704687,3ème,"Armée, défense, sécurité",_ETUDIANT / ÉLÈVE,Normandie,Calvados (14),30,25,0,55,A,0,0,0,0,0,1,0,0,False,False,0.1600790513833992,0.8399209486166008,Toujours inscrit
6633670,Terminale,"Commerce, vente, marketing",_ETUDIANT / ÉLÈVE,Normandie,Calvados (14),30,25,0,55,A,0,0,0,0,0,1,0,0,False,False,0.17493333333333333,0.8250666666666666,Toujours inscrit
7698488,Seconde Générale et Technologique,"Santé, paramédical",_ETUDIANT / ÉLÈVE,Normandie,Calvados (14),30,25,0,55,A,0,0,0,0,0,135,0,0,True,True,0.09351520055484915,0.9064847994451508,Toujours inscrit
4986920,Bac +5 et au delà,"Commerce, vente, marketing","En recherche d'emploi, de stage / Jeune diplômé",Normandie,Calvados (14),30,25,0,55,A,0,0,0,0,0,0,0,0,False,False,0.2037037037037037,0.7962962962962963,Toujours inscrit
5008374,Seconde Générale et Technologique,"Commerce, vente, marketing",Lycéen,Normandie,Calvados (14),30,25,0,55,A,0,0,0,0,0,0,0,0,,,0.1572793478987105,0.8427206521012895,Toujours inscrit
5174734,Bac+1,"Sciences de la vie (biologie, biotechnologies...)",Etudiant,Normandie,Calvados (14),30,25,0,55,A,0,0,0,0,0,0,0,0,False,False,0.09411764705882353,0.9058823529411765,Toujours inscrit
5460614,Première,"International, études à l'étranger",Parent,Normandie,Calvados (14),30,25,0,55,A,0,0,0,0,0,0,0,0,,,0.27268453220498357,0.7273154677950164,Toujours inscrit
5006984,Première technologique,"Arts, audiovisuel, culture",_ETUDIANT / ÉLÈVE,Normandie,Calvados (14),30,25,0,55,A,0,0,0,0,0,0,0,0,False,False,0.17493333333333333,0.8250666666666666,Toujours inscrit
6545079,Bac+1,"Tourisme, hôtellerie, restauration",_ETUDIANT / ÉLÈVE,Normandie,Calvados (14),30,25,0,55,A,0,0,0,0,0,1,0,0,False,False,0.17493333333333333,0.8250666666666666,Toujours inscrit
5632411,Bac+2,"Comptabilité, gestion, ressources humaines",Etudiant,Normandie,Calvados (14),30,25,0,55,A,0,0,0,0,0,1,0,0,False,False,0.17493333333333333,0.8250666666666666,Toujours inscrit
6486633,3ème,"Commerce, vente, marketing",Collégien,Normandie,Calvados (14),30,25,0,55,A,0,0,0,0,0,1,0,0,False,False,0.10357870235670644,0.8964212976432936,Toujours inscrit
5907462,3ème,"Santé, paramédical",_ETUDIANT / ÉLÈVE,Normandie,Calvados (14),30,25,0,55,A,0,0,0,0,0,1,0,0,False,False,0.27420362273579013,0.7257963772642099,Toujours inscrit
5108429,Bac+2,"Commerce, vente, marketing",Etudiant,Normandie,Calvados (14),30,25,0,55,A,0,0,0,0,0,0,0,0,True,True,0.08941281138790036,0.9105871886120996,Toujours inscrit
5381971,Terminale,Economie,_ETUDIANT / ÉLÈVE,Normandie,Calvados (14),30,25,0,55,A,0,0,0,0,0,0,0,0,,,0.24087193460490464,0.7591280653950954,Toujours inscrit
5123671,Première,"Electronique, automatique",Lycéen,Normandie,Calvados (14),30,25,0,55,A,0,0,0,0,0,0,0,0,False,False,0.20319874147876246,0.7968012585212375,Toujours inscrit
5096300,Bac +5 et au delà,"Sciences de la vie (biologie, biotechnologies...)",_ETUDIANT / ÉLÈVE,Normandie,Calvados (14),30,25,0,55,A,0,0,0,0,0,0,0,0,False,False,0.1600790513833992,0.8399209486166008,Toujours inscrit
8536365,Bac+3,"Banque, assurance, finance, immobilier",_ETUDIANT / ÉLÈVE,Normandie,Calvados (14),30,25,0,55,A,0,0,0,0,0,2,0,0,False,False,0.12146529562982006,0.87853470437018,Toujours inscrit
9102062,Terminale Pro,"Tourisme, hôtellerie, restauration","En recherche d'emploi, de stage / Jeune diplômé",Nouvelle-Aquitaine,Charente-Maritime (17),30,25,0,55,A,0,0,0,0,0,0,0,0,True,True,0.15893043933054393,0.841069560669456,Toujours inscrit
8051469,Seconde Générale et Technologique,(Vide),Parent,Nouvelle-Aquitaine,Charente-Maritime (17),30,10,15,55,A,1,0,1,17,0,43,0,0,True,False,0.21983471074380165,0.7801652892561983,Toujours inscrit
4947474,Première,"Commerce, vente, marketing",Lycéen,Nouvelle-Aquitaine,Charente-Maritime (17),30,25,0,55,A,0,0,0,0,0,0,0,0,True,True,0.1330749354005168,0.8669250645994832,Toujours inscrit
8877446,Seconde Générale et Technologique,"Commerce, vente, marketing",_ETUDIANT / ÉLÈVE,Nouvelle-Aquitaine,Charente-Maritime (17),30,25,0,55,A,0,0,0,0,0,24,0,0,True,False,0.14157220305569246,0.8584277969443075,Toujours inscrit
5331656,Terminale,"International, études à l'étranger",Lycéen,Nouvelle-Aquitaine,Charente-Maritime (17),30,25,0,55,A,0,0,0,0,0,0,0,0,,,0.1343040817907211,0.8656959182092789,Toujours inscrit
8051694,Seconde Générale et Technologique,(Vide),Lycéen,Nouvelle-Aquitaine,Charente-Maritime (17),30,15,10,55,A,1,1,1,4,0,5,0,0,False,True,0.13875356962875862,0.8612464303712414,Toujours inscrit
5258397,Bac+3,"International, études à l'étranger",Etudiant,Nouvelle-Aquitaine,Charente-Maritime (17),30,25,0,55,A,0,0,0,0,0,0,0,0,False,True,0.12906864324846923,0.8709313567515308,Toujours inscrit
6559871,Terminale,"Sciences de la vie (biologie, biotechnologies...)",_ETUDIANT / ÉLÈVE,Nouvelle-Aquitaine,Charente-Maritime (17),30,25,0,55,A,0,0,0,0,0,39,0,0,False,True,0.11961944541130061,0.8803805545886993,Toujours inscrit
5327536,Terminale technologique,Economie,_ETUDIANT / ÉLÈVE,Nouvelle-Aquitaine,Charente-Maritime (17),30,25,0,55,A,0,0,0,0,0,0,0,0,,,0.12411234764175941,0.8758876523582406,Toujours inscrit
6376034,Première,"Mécanique, aéronautique, automobile",Lycéen,Nouvelle-Aquitaine,Charente-Maritime (17),30,25,0,55,A,0,0,0,0,0,1,0,0,False,False,0.1343040817907211,0.8656959182092789,Toujours inscrit
7514127,3ème,"Arts, audiovisuel, culture",_ETUDIANT / ÉLÈVE,Nouvelle-Aquitaine,Charente-Maritime (17),30,25,0,55,A,0,0,0,0,0,2,0,0,False,False,0.12411234764175941,0.8758876523582406,Toujours inscrit
7374160,Première,"Energie, électricité",Lycéen,Bretagne,Côtes d'Armor (22),30,25,0,55,A,0,0,0,0,0,1,0,0,False,False,0.218103222425989,0.781896777574011,Toujours inscrit
5481935,Terminale,"Droit, science politique, administration publique",Lycéen,Bretagne,Côtes d'Armor (22),30,25,0,55,A,0,0,0,0,0,0,0,0,,,0.20859332238642583,0.7914066776135742,Toujours inscrit
5039975,CAP/BEP,"Santé, paramédical",_ETUDIANT / ÉLÈVE,Bretagne,Côtes d'Armor (22),30,25,0,55,A,0,0,0,0,0,0,0,0,False,False,0.10366328916601715,0.8963367108339828,Toujours inscrit
7817008,6ème,"Action sociale, animation, sciences sociales",Parent,Bretagne,Côtes d'Armor (22),30,25,0,55,A,0,0,0,0,0,1,0,0,False,False,0.09323906319045515,0.9067609368095448,Toujours inscrit
5369894,Première,"Santé, paramédical",_ETUDIANT / ÉLÈVE,Bretagne,Côtes d'Armor (22),30,25,0,55,A,0,0,0,0,0,0,0,0,,,0.09323906319045515,0.9067609368095448,Toujours inscrit
5542478,Bac+1,"Sciences de la matière (chimie, physique, matériaux, optique…)",_ETUDIANT / ÉLÈVE,Bretagne,Côtes d'Armor (22),30,25,0,55,A,0,0,0,0,0,0,0,0,,,0.15337931034482757,0.8466206896551725,Toujours inscrit
5012747,CAP/BEP,Economie,_ETUDIANT / ÉLÈVE,Nouvelle-Aquitaine,Deux-Sèvres (79),30,25,0,55,A,0,0,0,0,0,0,0,0,True,False,0.1949609083625715,0.8050390916374285,Toujours inscrit
6915099,Bac+1,Je ne sais pas quoi faire,Etudiant,Nouvelle-Aquitaine,Deux-Sèvres (79),30,15,10,55,A,1,1,1,1,0,1,0,0,False,False,0.1949609083625715,0.8050390916374285,Toujours inscrit
6519156,Seconde Pro,"Arts, audiovisuel, culture",_ETUDIANT / ÉLÈVE,Nouvelle-Aquitaine,Deux-Sèvres (79),30,25,0,55,A,0,0,0,0,0,1,0,0,False,False,0.11020503261882572,0.8897949673811743,Toujours inscrit
5626702,Bac+2,"Cosmétique, esthétique, soins personnels","En recherche d'emploi, de stage / Jeune diplômé",Nouvelle-Aquitaine,Deux-Sèvres (79),30,25,0,55,A,0,0,0,0,0,1,0,0,False,False,0.1949609083625715,0.8050390916374285,Toujours inscrit
5310551,Terminale,"Commerce, vente, marketing",Parent,Nouvelle-Aquitaine,Deux-Sèvres (79),30,25,0,55,A,0,0,0,0,0,0,0,0,,,0.12344337651483493,0.876556623485165,Toujours inscrit
5238947,3ème,"Arts, audiovisuel, culture",Collégien,Bourgogne-Franche-Comté,Doubs (25),30,25,0,55,A,0,0,0,0,0,0,0,0,True,True,0.10813848920863309,0.8918615107913669,Toujours inscrit
7693715,3ème,Sport,_ETUDIANT / ÉLÈVE,Bourgogne-Franche-Comté,Doubs (25),30,25,0,55,A,0,0,0,0,0,2,0,0,False,False,0.16174354412495748,0.8382564558750425,Toujours inscrit
6681050,Seconde Générale et Technologique,"Lettres, langues et sciences humaines",_ETUDIANT / ÉLÈVE,Bourgogne-Franche-Comté,Doubs (25),30,25,0,55,A,0,0,0,0,0,192,0,0,True,False,0.16174354412495748,0.8382564558750425,Toujours inscrit
5481333,Bac+3,"Communication, information, journalisme",_ETUDIANT / ÉLÈVE,Bourgogne-Franche-Comté,Doubs (25),30,25,0,55,A,0,0,0,0,0,0,0,0,False,True,0.16174354412495748,0.8382564558750425,Toujours inscrit
5389797,Bac+1,"Droit, science politique, administration publique",_ETUDIANT / ÉLÈVE,Bourgogne-Franche-Comté,Doubs (25),30,25,0,55,A,0,0,0,0,0,1,0,0,False,False,0.0922360248447205,0.9077639751552795,Toujours inscrit
5231372,Bac+3,"Sciences de la Terre (environnement, agriculture, agronomie ...)",_ETUDIANT / ÉLÈVE,Bourgogne-Franche-Comté,Doubs (25),30,25,0,55,A,0,0,0,0,0,0,0,0,True,False,0.1744379055379508,0.8255620944620492,Toujours inscrit
5046230,Seconde Générale et Technologique,"Commerce, vente, marketing",Lycéen,Bourgogne-Franche-Comté,Doubs (25),30,25,0,55,A,0,0,0,0,0,0,0,0,False,False,0.14376996805111822,0.8562300319488818,Toujours inscrit
7033234,Terminale,"Digital, Informatique, multimédia",Lycéen,Bourgogne-Franche-Comté,Doubs (25),30,25,0,55,A,0,0,0,0,0,1,0,0,False,False,0.16174354412495748,0.8382564558750425,Toujours inscrit
8669627,Bac +5 et au delà,"Sciences de la matière (chimie, physique, matériaux, optique…)",_ETUDIANT / ÉLÈVE,Auvergne-Rhône-Alpes,Drôme (26),30,25,0,55,A,0,0,0,0,0,1,0,0,False,False,0.122090203685742,0.877909796314258,Toujours inscrit
6279225,Bac+3,Luxe,_ETUDIANT / ÉLÈVE,Auvergne-Rhône-Alpes,Drôme (26),30,25,0,55,A,0,0,0,0,0,1,0,0,False,False,0.16400775309378263,0.8359922469062174,Toujours inscrit
5548847,Seconde Générale et Technologique,"Santé, paramédical",Lycéen,Auvergne-Rhône-Alpes,Drôme (26),30,25,0,55,A,0,0,0,0,0,0,0,0,,,0.16006415396952686,0.8399358460304731,Toujours inscrit
5624913,Seconde Générale et Technologique,"Tourisme, hôtellerie, restauration",Lycéen,Auvergne-Rhône-Alpes,Drôme (26),30,25,0,55,A,0,0,0,0,0,1,0,0,False,False,0.17141992586428625,0.8285800741357138,Toujours inscrit
5472320,Terminale technologique,"Arts, audiovisuel, culture",Lycéen,Auvergne-Rhône-Alpes,Drôme (26),30,25,0,55,A,0,0,0,0,0,0,0,0,,,0.1687544483985765,0.8312455516014234,Toujours inscrit
5116084,Bac+1,"Communication, information, journalisme",_ETUDIANT / ÉLÈVE,Auvergne-Rhône-Alpes,Drôme (26),30,25,0,55,A,0,0,0,0,0,0,0,0,False,False,0.16006415396952686,0.8399358460304731,Toujours inscrit
5423401,Terminale,"Arts, audiovisuel, culture",Parent,Auvergne-Rhône-Alpes,Drôme (26),30,25,0,55,A,0,0,0,0,0,89,0,0,False,True,0.14243672748675693,0.857563272513243,Toujours inscrit
8875841,Première,Je ne sais pas quoi faire,Lycéen,Auvergne-Rhône-Alpes,Drôme (26),30,10,15,55,A,1,0,1,16,0,24,0,0,True,True,0.12811059907834102,0.871889400921659,Toujours inscrit
7946385,Terminale technologique,Je ne sais pas quoi faire,Lycéen,Auvergne-Rhône-Alpes,Drôme (26),30,15,10,55,A,1,1,1,2,0,3,0,0,False,False,0.1638090824837813,0.8361909175162188,Toujours inscrit
5831366,Terminale technologique,"Communication, information, journalisme",Lycéen,Auvergne-Rhône-Alpes,Drôme (26),30,25,0,55,A,0,0,0,0,0,1,0,0,False,False,0.13293704404215076,0.8670629559578492,Toujours inscrit
5141681,CAP/BEP,"Armée, défense, sécurité",_ETUDIANT / ÉLÈVE,Auvergne-Rhône-Alpes,Drôme (26),30,25,0,55,A,0,0,0,0,0,0,0,0,False,False,0.176154923005133,0.823845076994867,Toujours inscrit
5069820,Bac+4,"Electronique, automatique",Etudiant,Île-de-France,Essonne (91),30,25,0,55,A,0,0,0,0,0,0,0,0,True,True,0.1280671439150827,0.8719328560849173,Toujours inscrit
7575377,Bac+1,"Vétérinaire, soins aux animaux",Etudiant,Île-de-France,Essonne (91),30,25,0,55,A,0,0,0,0,0,3,0,0,False,False,0.19003436426116838,0.8099656357388316,Toujours inscrit
8428655,Bac +5 et au delà,"Arts, audiovisuel, culture","En recherche d'emploi, de stage / Jeune diplômé",Île-de-France,Essonne (91),30,25,0,55,A,0,0,0,0,0,2,0,0,False,False,0.39433042762028964,0.6056695723797103,Toujours inscrit
5161385,3ème,"Lettres, langues et sciences humaines",Collégien,Île-de-France,Essonne (91),30,25,0,55,A,0,0,0,0,0,0,0,0,False,False,0.16960390856744023,0.8303960914325598,Toujours inscrit
5046497,Première Pro,"Commerce, vente, marketing",_ETUDIANT / ÉLÈVE,Île-de-France,Essonne (91),30,25,0,55,A,0,0,0,0,0,0,0,0,False,False,0.20394182716603965,0.7960581728339604,Toujours inscrit
5055463,3ème,"Digital, Informatique, multimédia",Collégien,Île-de-France,Essonne (91),30,25,0,55,A,0,0,0,0,0,0,0,0,False,False,0.409324686940966,0.590675313059034,Toujours inscrit
5637733,Bac+1,"Droit, science politique, administration publique",_ETUDIANT / ÉLÈVE,Île-de-France,Essonne (91),30,25,0,55,A,0,0,0,0,0,0,0,0,,,0.16042790594907108,0.8395720940509289,Toujours inscrit
5200695,Terminale,"Digital, Informatique, multimédia",Lycéen,Île-de-France,Essonne (91),30,25,0,55,A,0,0,0,0,0,2,0,0,False,False,0.16960390856744023,0.8303960914325598,Toujours inscrit
5096973,Bac +5 et au delà,"International, études à l'étranger","En recherche d'emploi, de stage / Jeune diplômé",Île-de-France,Essonne (91),30,25,0,55,A,0,0,0,0,0,0,0,0,False,False,0.28355635039759847,0.7164436496024016,Toujours inscrit
5340194,4ème,"Arts, audiovisuel, culture",Collégien,Île-de-France,Essonne (91),30,25,0,55,A,0,0,0,0,0,1,0,0,False,False,0.18699057901979466,0.8130094209802053,Toujours inscrit
5419082,Terminale,"Droit, science politique, administration publique",Parent,Île-de-France,Essonne (91),30,25,0,55,A,0,0,0,0,0,0,0,0,,,0.16960390856744023,0.8303960914325598,Toujours inscrit
8490298,Première,"Santé, paramédical",_ETUDIANT / ÉLÈVE,Île-de-France,Essonne (91),30,25,0,55,A,0,0,0,0,0,1,0,0,False,False,0.19252308158014228,0.8074769184198577,Toujours inscrit
8905414,4ème,Sport,_ETUDIANT / ÉLÈVE,Île-de-France,Essonne (91),30,25,0,55,A,0,0,0,0,0,1,0,0,False,False,0.2704250165161859,0.7295749834838141,Toujours inscrit
5254654,Bac+2,"Communication, information, journalisme",Etudiant,Île-de-France,Essonne (91),30,25,0,55,A,0,0,0,0,0,1,0,0,False,False,0.16042790594907108,0.8395720940509289,Toujours inscrit
9047934,Terminale,Economie,Lycéen,Île-de-France,Essonne (91),30,25,0,55,A,0,0,0,0,0,1,0,0,False,False,0.22219264386175075,0.7778073561382493,Toujours inscrit
5031787,3ème,"Commerce, vente, marketing",Collégien,Île-de-France,Essonne (91),30,25,0,55,A,0,0,0,0,0,0,0,0,False,False,0.18699057901979466,0.8130094209802053,Toujours inscrit
5066265,Bac +5 et au delà,"Digital, Informatique, multimédia",_ETUDIANT / ÉLÈVE,Île-de-France,Essonne (91),30,25,0,55,A,0,0,0,0,0,0,0,0,False,False,0.1332063567644783,0.8667936432355217,Toujours inscrit
5112962,Terminale Pro,"Energie, électricité","En recherche d'emploi, de stage / Jeune diplômé",Île-de-France,Essonne (91),30,25,0,55,A,0,0,0,0,0,0,0,0,True,True,0.1280671439150827,0.8719328560849173,Toujours inscrit
6474888,Terminale technologique,"Sciences de la matière (chimie, physique, matériaux, optique…)",Lycéen,Île-de-France,Essonne (91),30,25,0,55,A,0,0,0,0,0,1,0,0,False,False,0.30543043043043044,0.6945695695695696,Toujours inscrit
6600071,Terminale,"Commerce, vente, marketing",Lycéen,Île-de-France,Essonne (91),30,25,0,55,A,0,0,0,0,0,2,0,0,False,False,0.37032330933220386,0.6296766906677961,Toujours inscrit
5086690,Première technologique,"Sciences de la vie (biologie, biotechnologies...)",_ETUDIANT / ÉLÈVE,Île-de-France,Essonne (91),30,25,0,55,A,0,0,0,0,0,0,0,0,True,True,0.16683831101956745,0.8331616889804325,Toujours inscrit
7632491,Bac+3,"Energie, électricité",Etudiant,Île-de-France,Essonne (91),30,25,0,55,A,0,0,0,0,0,3,0,0,False,False,0.11114514871337863,0.8888548512866213,Toujours inscrit
5438526,Terminale technologique,"Digital, Informatique, multimédia",Parent,Île-de-France,Essonne (91),30,25,0,55,A,0,0,0,0,0,0,0,0,,,0.19003436426116838,0.8099656357388316,Toujours inscrit
5473851,Terminale,"Communication, information, journalisme",_ETUDIANT / ÉLÈVE,Île-de-France,Essonne (91),30,25,0,55,A,0,0,0,0,0,1,0,0,False,False,0.28355635039759847,0.7164436496024016,Toujours inscrit
5125780,Terminale,"Santé, paramédical",_ETUDIANT / ÉLÈVE,Île-de-France,Essonne (91),30,25,0,55,A,0,0,0,0,0,0,0,0,False,False,0.2698044118960436,0.7301955881039565,Toujours inscrit
8611357,Terminale,"Electronique, automatique",_ETUDIANT / ÉLÈVE,Île-de-France,Essonne (91),30,25,0,55,A,0,0,0,0,0,1,0,0,False,False,0.25636711724778094,0.7436328827522191,Toujours inscrit
5427165,Terminale,"Banque, assurance, finance, immobilier",_ETUDIANT / ÉLÈVE,Île-de-France,Essonne (91),30,25,0,55,A,0,0,0,0,0,0,0,0,,,0.16683831101956745,0.8331616889804325,Toujours inscrit
8149339,Terminale,Je ne sais pas quoi faire,Parent,Normandie,Eure (27),30,10,15,55,A,0,0,0,44,1,45,0,0,True,True,0.2028985507246377,0.7971014492753623,Toujours inscrit
8115082,Première,Je ne sais pas quoi faire,_ETUDIANT / ÉLÈVE,Normandie,Eure (27),30,15,10,55,A,1,1,1,1,0,2,0,0,False,False,0.12078452254171104,0.879215477458289,Toujours inscrit
5092004,6ème,Economie,Parent,Normandie,Eure (27),30,25,0,55,A,0,0,0,0,0,0,0,0,False,False,0.1374113475177305,0.8625886524822695,Toujours inscrit
5642563,Terminale,"Education, formation",Lycéen,Normandie,Eure (27),30,25,0,55,A,0,0,0,0,0,1,0,0,False,False,0.11865240378704045,0.8813475962129595,Toujours inscrit
5889912,3ème,"Education, formation",_ETUDIANT / ÉLÈVE,Normandie,Eure (27),30,25,0,55,A,0,0,0,0,0,1,0,0,False,False,0.1475084375620409,0.8524915624379591,Toujours inscrit
5152583,3ème,"Communication, information, journalisme",Collégien,Normandie,Eure (27),30,25,0,55,A,0,0,0,0,0,0,0,0,False,False,0.1417678621858232,0.8582321378141767,Toujours inscrit
8026099,Première,"Secretariat, assistant de gestion",_ETUDIANT / ÉLÈVE,Normandie,Eure (27),30,25,0,55,A,0,0,0,0,0,1,0,0,True,True,0.161003861003861,0.838996138996139,Toujours inscrit
8506296,Terminale,"Education, formation",_ETUDIANT / ÉLÈVE,Normandie,Eure (27),30,25,0,55,A,0,0,0,0,0,73,0,0,True,True,0.13220599538816294,0.8677940046118371,Toujours inscrit
7400010,Bac+2,"Electronique, automatique",_ETUDIANT / ÉLÈVE,Normandie,Eure (27),30,25,0,55,A,0,0,0,0,0,1,0,0,True,True,0.09338485601251265,0.9066151439874873,Toujours inscrit
5120019,Bac+2,"Sciences de la matière (chimie, physique, matériaux, optique…)",_ETUDIANT / ÉLÈVE,Normandie,Eure (27),30,25,0,55,A,0,0,0,0,0,0,0,0,False,False,0.1072073880746838,0.8927926119253162,Toujours inscrit
5052331,3ème,"Sciences de la vie (biologie, biotechnologies...)",Collégien,Normandie,Eure (27),30,25,0,55,A,0,0,0,0,0,0,0,0,True,False,0.13559501722767028,0.8644049827723297,Toujours inscrit
5958776,5ème,"Vétérinaire, soins aux animaux",Collégien,Normandie,Eure (27),30,25,0,55,A,0,0,0,0,0,1,0,0,False,False,0.11974895397489539,0.8802510460251046,Toujours inscrit
7029592,3ème,"Energie, électricité",Parent,Bretagne,Finistère (29),30,25,0,55,A,0,0,0,0,0,1,0,0,False,False,0.14667707621742948,0.8533229237825705,Toujours inscrit
9096811,Terminale,"Banque, assurance, finance, immobilier",_ETUDIANT / ÉLÈVE,Bretagne,Finistère (29),30,25,0,55,A,0,0,0,0,0,1,0,0,False,False,0.13723978411719354,0.8627602158828065,Toujours inscrit
8039789,Terminale,"Lettres, langues et sciences humaines",Lycéen,Bretagne,Finistère (29),30,25,0,55,A,0,0,0,0,0,2,0,0,False,False,0.12698412698412698,0.873015873015873,Toujours inscrit
4969157,Bac +5 et au delà,"Arts, audiovisuel, culture",_ETUDIANT / ÉLÈVE,Bretagne,Finistère (29),30,25,0,55,A,0,0,0,0,0,0,0,0,False,False,0.2583612040133779,0.7416387959866221,Toujours inscrit
8831183,Première,(Vide),Parent,Bretagne,Finistère (29),30,15,10,55,A,1,1,1,1,0,8,0,0,True,True,0.13055635216518496,0.869443647834815,Toujours inscrit
6632880,Première,Economie,Lycéen,Bretagne,Finistère (29),30,25,0,55,A,0,0,0,0,0,1,0,0,True,False,0.12593269377188976,0.8740673062281102,Toujours inscrit
7073016,Première,Luxe,_ETUDIANT / ÉLÈVE,Bretagne,Finistère (29),30,25,0,55,A,0,0,0,0,0,1,0,0,False,False,0.1438496117695137,0.8561503882304863,Toujours inscrit
5641971,Première,"Vétérinaire, soins aux animaux",Lycéen,Bretagne,Finistère (29),30,25,0,55,A,0,0,0,0,0,1,0,0,False,False,0.14924903074467044,0.8507509692553296,Toujours inscrit
5094379,Terminale,"Tourisme, hôtellerie, restauration","En recherche d'emploi, de stage / Jeune diplômé",Bretagne,Finistère (29),30,25,0,55,A,0,0,0,0,0,0,0,0,False,False,0.13055635216518496,0.869443647834815,Toujours inscrit
8169492,Bac+3,"Communication, information, journalisme",_ETUDIANT / ÉLÈVE,Bretagne,Finistère (29),30,25,0,55,A,0,0,0,0,0,2,0,0,False,False,0.15091936198493575,0.8490806380150643,Toujours inscrit
9104716,Bac +5 et au delà,"Droit, science politique, administration publique",_ETUDIANT / ÉLÈVE,Bretagne,Finistère (29),30,25,0,55,A,0,0,0,0,0,0,0,0,False,False,0.14924903074467044,0.8507509692553296,Toujours inscrit
5362976,Bac+1,"International, études à l'étranger",_ETUDIANT / ÉLÈVE,Bretagne,Finistère (29),30,25,0,55,A,0,0,0,0,0,0,0,0,True,True,0.15091936198493575,0.8490806380150643,Toujours inscrit
8343693,Bac+4,"Arts, audiovisuel, culture",_ETUDIANT / ÉLÈVE,Bretagne,Finistère (29),30,25,0,55,A,0,0,0,0,0,2,0,0,False,False,0.14924903074467044,0.8507509692553296,Toujours inscrit
5542736,CAP/BEP,"Electronique, automatique","En recherche d'emploi, de stage / Jeune diplômé",Bretagne,Finistère (29),30,25,0,55,A,0,0,0,0,0,0,0,0,True,True,0.1579982126899017,0.8420017873100983,Toujours inscrit
7367391,Terminale,"Architecture, géographie, aménagement",Lycéen,Bretagne,Finistère (29),30,25,0,55,A,0,0,0,0,0,2,0,0,False,False,0.1579982126899017,0.8420017873100983,Toujours inscrit
8508432,3ème,"Arts, audiovisuel, culture",Collégien,Occitanie,Gard (30),30,25,0,55,A,0,0,0,0,0,2,0,0,False,False,0.1356842545510577,0.8643157454489423,Toujours inscrit
5121320,Bac+2,"Arts, audiovisuel, culture","En recherche d'emploi, de stage / Jeune diplômé",Occitanie,Gard (30),30,25,0,55,A,0,0,0,0,0,0,0,0,False,False,0.19392917369308602,0.806070826306914,Toujours inscrit
6632218,Terminale Pro,"Arts, audiovisuel, culture",Lycéen,Occitanie,Gard (30),30,25,0,55,A,0,0,0,0,0,1,0,0,False,False,0.15144611727416799,0.848553882725832,Toujours inscrit
5126257,Bac+1,"Commerce, vente, marketing",_ETUDIANT / ÉLÈVE,Occitanie,Gard (30),30,25,0,55,A,0,0,0,0,0,0,0,0,False,False,0.17014846932072,0.82985153067928,Toujours inscrit
5586125,Terminale,"International, études à l'étranger",Lycéen,Occitanie,Gard (30),30,25,0,55,A,0,0,0,0,0,0,0,0,True,True,0.16576576576576577,0.8342342342342343,Toujours inscrit
6696816,5ème,"Sciences de la matière (chimie, physique, matériaux, optique…)",_ETUDIANT / ÉLÈVE,Occitanie,Gard (30),30,25,0,55,A,0,0,0,0,0,1,0,0,False,False,0.1356842545510577,0.8643157454489423,Toujours inscrit
5632682,Bac+2,"Communication, information, journalisme",_ETUDIANT / ÉLÈVE,Occitanie,Gard (30),30,25,0,55,A,0,0,0,0,0,1,0,0,False,False,0.16576576576576577,0.8342342342342343,Toujours inscrit
5377153,Première,"Santé, paramédical",Parent,Occitanie,Gard (30),30,25,0,55,A,0,0,0,0,0,0,0,0,,,0.14157877916267178,0.8584212208373282,Toujours inscrit
7133515,Bac+3,"Lettres, langues et sciences humaines",_ETUDIANT / ÉLÈVE,Occitanie,Gard (30),30,25,0,55,A,0,0,0,0,0,1,0,0,False,False,0.1496881496881497,0.8503118503118503,Toujours inscrit
5592524,Bac+2,"Digital, Informatique, multimédia",Etudiant,Occitanie,Gard (30),30,25,0,55,A,0,0,0,0,0,0,0,0,,,0.1356842545510577,0.8643157454489423,Toujours inscrit
5902701,3ème,"Vétérinaire, soins aux animaux",_ETUDIANT / ÉLÈVE,Occitanie,Gard (30),30,25,0,55,A,0,0,0,0,0,0,0,0,True,True,0.1496881496881497,0.8503118503118503,Toujours inscrit
8639142,Bac+2,"Commerce, vente, marketing","En recherche d'emploi, de stage / Jeune diplômé",Occitanie,Gard (30),30,25,0,55,A,0,0,0,0,0,1,0,0,False,False,0.13079960513326752,0.8692003948667325,Toujours inscrit
7147768,4ème,"Sciences de la vie (biologie, biotechnologies...)",Collégien,Occitanie,Gard (30),30,25,0,55,A,0,0,0,0,0,1,0,0,False,False,0.1356842545510577,0.8643157454489423,Toujours inscrit
5158682,Bac +5 et au delà,"Santé, paramédical",Parent,Nouvelle-Aquitaine,Gironde (33),30,25,0,55,A,0,0,0,0,0,1,0,0,False,False,0.23857588135345284,0.7614241186465471,Toujours inscrit
8764351,Terminale Pro,"Arts, audiovisuel, culture","En recherche d'emploi, de stage / Jeune diplômé",Nouvelle-Aquitaine,Gironde (33),30,25,0,55,A,0,0,0,0,0,1,0,0,False,False,0.15421357898328217,0.8457864210167179,Toujours inscrit
6689538,Bac+1,Economie,Etudiant,Nouvelle-Aquitaine,Gironde (33),30,25,0,55,A,0,0,0,0,0,1,0,0,False,False,0.20997229916897506,0.7900277008310249,Toujours inscrit
5560902,Bac +5 et au delà,"Banque, assurance, finance, immobilier",Parent,Nouvelle-Aquitaine,Gironde (33),30,25,0,55,A,0,0,0,0,0,0,0,0,,,0.17463093822150702,0.825369061778493,Toujours inscrit
5006621,Terminale,"Banque, assurance, finance, immobilier",Parent,Nouvelle-Aquitaine,Gironde (33),30,25,0,55,A,0,0,0,0,0,0,0,0,False,False,0.22802520559649686,0.7719747944035031,Toujours inscrit
6822374,4ème,"Communication, information, journalisme",Parent,Nouvelle-Aquitaine,Gironde (33),30,25,0,55,A,0,0,0,0,0,1,0,0,False,False,0.27389705882352944,0.7261029411764706,Toujours inscrit
6766843,3ème,"Commerce, vente, marketing",_ETUDIANT / ÉLÈVE,Nouvelle-Aquitaine,Gironde (33),30,25,0,55,A,0,0,0,0,0,1,0,0,False,False,0.1261845386533666,0.8738154613466335,Toujours inscrit
5690167,3ème,"Sciences de la vie (biologie, biotechnologies...)",Collégien,Nouvelle-Aquitaine,Gironde (33),30,25,0,55,A,0,0,0,0,0,1,0,0,False,False,0.19683481701285854,0.8031651829871415,Toujours inscrit
5461653,Bac+2,"Banque, assurance, finance, immobilier",Etudiant,Nouvelle-Aquitaine,Gironde (33),30,25,0,55,A,0,0,0,0,0,0,0,0,True,False,0.23857588135345284,0.7614241186465471,Toujours inscrit
5943465,Bac+4,"Action sociale, animation, sciences sociales",_ETUDIANT / ÉLÈVE,Nouvelle-Aquitaine,Gironde (33),30,25,0,55,A,0,0,0,0,0,1,0,0,False,False,0.16242185691132208,0.837578143088678,Toujours inscrit
7165724,3ème,(Vide),Parent,Nouvelle-Aquitaine,Gironde (33),30,15,10,55,A,1,1,1,4,0,6,0,0,False,False,0.16644428184048551,0.8335557181595145,Toujours inscrit
6460673,Bac+3,"Arts, audiovisuel, culture",_ETUDIANT / ÉLÈVE,Nouvelle-Aquitaine,Gironde (33),30,25,0,55,A,0,0,0,0,0,231,0,0,True,True,0.23857588135345284,0.7614241186465471,Toujours inscrit
8788476,Première,"Mécanique, aéronautique, automobile",_ETUDIANT / ÉLÈVE,Nouvelle-Aquitaine,Gironde (33),30,25,0,55,A,0,0,0,0,0,1,0,0,False,False,0.20997229916897506,0.7900277008310249,Toujours inscrit
8243317,Bac+2,"Santé, paramédical",Parent,Nouvelle-Aquitaine,Gironde (33),30,25,0,55,A,0,0,0,0,0,2,0,0,False,False,0.23857588135345284,0.7614241186465471,Toujours inscrit
8028707,Terminale Pro,Sport,_ETUDIANT / ÉLÈVE,Nouvelle-Aquitaine,Gironde (33),30,25,0,55,A,0,0,0,0,0,146,0,0,True,False,0.14927553166627716,0.8507244683337228,Toujours inscrit
5305910,Terminale,"International, études à l'étranger",_ETUDIANT / ÉLÈVE,Nouvelle-Aquitaine,Gironde (33),30,25,0,55,A,0,0,0,0,0,0,0,0,True,True,0.17463093822150702,0.825369061778493,Toujours inscrit
7199775,Terminale,Je ne sais pas quoi faire,Lycéen,Nouvelle-Aquitaine,Gironde (33),30,15,10,55,A,1,1,1,2,0,2,0,0,False,False,0.1396975518447367,0.8603024481552632,Toujours inscrit
5272367,Bac+2,"Digital, Informatique, multimédia",_ETUDIANT / ÉLÈVE,Nouvelle-Aquitaine,Gironde (33),30,25,0,55,A,0,0,0,0,0,1,0,0,False,False,0.11055606678059682,0.8894439332194032,Toujours inscrit
5007796,Bac+2,"Arts, audiovisuel, culture",_ETUDIANT / ÉLÈVE,Nouvelle-Aquitaine,Gironde (33),30,25,0,55,A,0,0,0,0,0,0,0,0,False,False,0.1154632926736874,0.8845367073263126,Toujours inscrit
8661038,Seconde Pro,"Secretariat, assistant de gestion",Parent,Nouvelle-Aquitaine,Gironde (33),30,25,0,55,A,0,0,0,0,0,1,0,0,False,False,0.16887783305693754,0.8311221669430625,Toujours inscrit
5443649,Terminale,"Digital, Informatique, multimédia",Etudiant,Nouvelle-Aquitaine,Gironde (33),30,25,0,55,A,0,0,0,0,0,1,0,0,False,False,0.21870011402508552,0.7812998859749145,Toujours inscrit
5491319,Première,"Tourisme, hôtellerie, restauration",Parent,Nouvelle-Aquitaine,Gironde (33),30,25,0,55,A,0,0,0,0,0,0,0,0,,,0.1503096712720343,0.8496903287279657,Toujours inscrit
5157976,Terminale,"Banque, assurance, finance, immobilier",_ETUDIANT / ÉLÈVE,Nouvelle-Aquitaine,Gironde (33),30,25,0,55,A,0,0,0,0,0,0,0,0,False,False,0.22802520559649686,0.7719747944035031,Toujours inscrit
8236399,Bac +5 et au delà,"Cosmétique, esthétique, soins personnels",Parent,Nouvelle-Aquitaine,Gironde (33),30,25,0,55,A,0,0,0,0,0,2,0,0,False,False,0.20997229916897506,0.7900277008310249,Toujours inscrit
8679138,Terminale,"Sciences de la matière (chimie, physique, matériaux, optique…)","En recherche d'emploi, de stage / Jeune diplômé",Nouvelle-Aquitaine,Gironde (33),30,25,0,55,A,0,0,0,0,0,1,0,0,False,False,0.23857588135345284,0.7614241186465471,Toujours inscrit
6704799,CAP/BEP,Sport,_ETUDIANT / ÉLÈVE,Occitanie,Haute-Garonne (31),30,25,0,55,A,0,0,0,0,0,1,0,0,False,False,0.24108351876927817,0.7589164812307219,Toujours inscrit
9098360,Seconde Générale et Technologique,"International, études à l'étranger",_ETUDIANT / ÉLÈVE,Occitanie,Haute-Garonne (31),30,25,0,55,A,0,0,0,0,0,1,0,0,False,False,0.24108351876927817,0.7589164812307219,Toujours inscrit
8007688,Bac +5 et au delà,Technologie industrielle,"En recherche d'emploi, de stage / Jeune diplômé",Occitanie,Haute-Garonne (31),30,25,0,55,A,0,0,0,0,0,2,0,0,False,False,0.24108351876927817,0.7589164812307219,Toujours inscrit
7782356,3ème,"Mécanique, aéronautique, automobile",Collégien,Occitanie,Haute-Garonne (31),30,25,0,55,A,0,0,0,0,0,2,0,0,False,True,0.3409785932721712,0.6590214067278287,Toujours inscrit
4967890,Bac +5 et au delà,"Mécanique, aéronautique, automobile",Etudiant,Occitanie,Haute-Garonne (31),30,25,0,55,A,0,0,0,0,0,0,0,0,False,False,0.22888446215139444,0.7711155378486055,Toujours inscrit
7592344,Terminale,"Arts, audiovisuel, culture",_ETUDIANT / ÉLÈVE,Occitanie,Haute-Garonne (31),30,25,0,55,A,0,0,0,0,0,2,0,0,False,False,0.21743240688220836,0.7825675931177917,Toujours inscrit
7608492,3ème,Sport,Collégien,Occitanie,Haute-Garonne (31),30,25,0,55,A,0,0,0,0,0,2,0,0,False,False,0.19982761749228814,0.8001723825077118,Toujours inscrit
6860732,Bac+4,"Droit, science politique, administration publique",Etudiant,Occitanie,Haute-Garonne (31),30,25,0,55,A,0,0,0,0,0,1,0,0,False,False,0.24108351876927817,0.7589164812307219,Toujours inscrit
4983877,Bac+3,"Digital, Informatique, multimédia",Etudiant,Occitanie,Haute-Garonne (31),30,25,0,55,A,0,0,0,0,0,2,0,0,False,False,0.24108351876927817,0.7589164812307219,Toujours inscrit
5129115,Terminale,"Sciences de la matière (chimie, physique, matériaux, optique…)",Etudiant,Occitanie,Haute-Garonne (31),30,25,0,55,A,0,0,0,0,0,0,0,0,False,False,0.24108351876927817,0.7589164812307219,Toujours inscrit
8051652,Terminale,"Santé, paramédical",_ETUDIANT / ÉLÈVE,Occitanie,Haute-Garonne (31),30,25,0,55,A,0,0,0,0,0,2,0,0,False,False,0.24108351876927817,0.7589164812307219,Toujours inscrit
6909507,Bac+1,"Comptabilité, gestion, ressources humaines",_ETUDIANT / ÉLÈVE,Occitanie,Haute-Garonne (31),30,25,0,55,A,0,0,0,0,0,1,0,0,False,False,0.24108351876927817,0.7589164812307219,Toujours inscrit
5158671,Terminale,"Communication, information, journalisme",Lycéen,Occitanie,Haute-Garonne (31),30,25,0,55,A,0,0,0,0,0,0,0,0,,,0.21035058430717862,0.7896494156928213,Toujours inscrit
5240209,3ème,"Tourisme, hôtellerie, restauration",Parent,Occitanie,Haute-Garonne (31),30,25,0,55,A,0,0,0,0,0,0,0,0,,,0.24108351876927817,0.7589164812307219,Toujours inscrit
8040144,4ème,"Banque, assurance, finance, immobilier",Collégien,Occitanie,Haute-Garonne (31),30,25,0,55,A,0,0,0,0,0,1,0,0,False,False,0.24108351876927817,0.7589164812307219,Toujours inscrit
7373867,5ème,Luxe,Collégien,Occitanie,Haute-Garonne (31),30,25,0,55,A,0,0,0,0,0,2,0,0,False,False,0.21287842383469485,0.7871215761653051,Toujours inscrit
5111805,Bac+4,Technologie industrielle,_ETUDIANT / ÉLÈVE,Occitanie,Haute-Garonne (31),30,25,0,55,A,0,0,0,0,0,0,0,0,False,False,0.24108351876927817,0.7589164812307219,Toujours inscrit
5447263,Bac+1,"Action sociale, animation, sciences sociales",_ETUDIANT / ÉLÈVE,Occitanie,Haute-Garonne (31),30,25,0,55,A,0,0,0,0,0,1,0,0,False,False,0.24108351876927817,0.7589164812307219,Toujours inscrit
5671126,Bac+2,"Lettres, langues et sciences humaines",_ETUDIANT / ÉLÈVE,Occitanie,Haute-Garonne (31),30,25,0,55,A,0,0,0,0,0,1,0,0,False,False,0.24108351876927817,0.7589164812307219,Toujours inscrit
5273904,Bac+1,"Arts, audiovisuel, culture",_ETUDIANT / ÉLÈVE,Occitanie,Haute-Garonne (31),30,25,0,55,A,0,0,0,0,0,0,0,0,True,True,0.24108351876927817,0.7589164812307219,Toujours inscrit
5856724,Terminale,"Communication, information, journalisme",_ETUDIANT / ÉLÈVE,Occitanie,Haute-Garonne (31),30,25,0,55,A,0,0,0,0,0,1,0,0,False,False,0.24108351876927817,0.7589164812307219,Toujours inscrit
5239498,Terminale,"Arts, audiovisuel, culture",Parent,Occitanie,Haute-Garonne (31),30,25,0,55,A,0,0,0,0,0,0,0,0,True,False,0.19750755287009064,0.8024924471299094,Toujours inscrit
5254576,Bac+2,"Commerce, vente, marketing","En recherche d'emploi, de stage / Jeune diplômé",Occitanie,Haute-Garonne (31),30,25,0,55,A,0,0,0,0,0,1,0,0,False,False,0.24108351876927817,0.7589164812307219,Toujours inscrit
7073894,Bac +5 et au delà,"Digital, Informatique, multimédia",_ETUDIANT / ÉLÈVE,Occitanie,Haute-Garonne (31),30,25,0,55,A,0,0,0,0,0,1,0,0,False,False,0.2567321688500728,0.7432678311499272,Toujours inscrit
6563639,Terminale technologique,"Sciences de la Terre (environnement, agriculture, agronomie ...)",_ETUDIANT / ÉLÈVE,Occitanie,Haute-Garonne (31),30,25,0,55,A,0,0,0,0,0,2,0,0,False,False,0.1735554184659675,0.8264445815340324,Toujours inscrit
5189703,Terminale,"Commerce, vente, marketing",Lycéen,Occitanie,Haute-Garonne (31),30,25,0,55,A,0,0,0,0,0,0,0,0,,,0.15222816399286987,0.8477718360071301,Toujours inscrit
6571712,Bac+2,"Digital, Informatique, multimédia",_ETUDIANT / ÉLÈVE,Occitanie,Haute-Garonne (31),30,25,0,55,A,0,0,0,0,0,1,0,0,False,False,0.16376075921430147,0.8362392407856986,Toujours inscrit
5237757,Terminale technologique,"Communication, information, journalisme",Parent,Occitanie,Haute-Garonne (31),30,25,0,55,A,0,0,0,0,0,0,0,0,,,0.24108351876927817,0.7589164812307219,Toujours inscrit
5165452,Terminale,"Sciences de la vie (biologie, biotechnologies...)",Parent,Occitanie,Haute-Garonne (31),30,25,0,55,A,0,0,0,0,0,0,0,0,,,0.3409785932721712,0.6590214067278287,Toujours inscrit
4984145,Bac +5 et au delà,"Energie, électricité",_ETUDIANT / ÉLÈVE,Occitanie,Haute-Garonne (31),30,25,0,55,A,0,0,0,0,0,0,0,0,False,False,0.24108351876927817,0.7589164812307219,Toujours inscrit
8061225,Bac+1,Je ne sais pas quoi faire,Parent,Occitanie,Haute-Garonne (31),30,10,15,55,A,1,0,1,41,0,77,0,0,True,True,0.15222816399286987,0.8477718360071301,Toujours inscrit
5218409,Terminale,"Digital, Informatique, multimédia",_ETUDIANT / ÉLÈVE,Occitanie,Haute-Garonne (31),30,25,0,55,A,0,0,0,0,0,0,0,0,,,0.21565372312426612,0.7843462768757339,Toujours inscrit
5482255,Terminale,"Sciences de la vie (biologie, biotechnologies...)",Lycéen,Auvergne-Rhône-Alpes,Haute-Savoie (74),30,25,0,55,A,0,0,0,0,0,0,0,0,True,True,0.13243121108656356,0.8675687889134365,Toujours inscrit
6628815,4ème,"Action sociale, animation, sciences sociales",_ETUDIANT / ÉLÈVE,Auvergne-Rhône-Alpes,Haute-Savoie (74),30,25,0,55,A,0,0,0,0,0,1,0,0,False,False,0.13243121108656356,0.8675687889134365,Toujours inscrit
6504675,3ème,"Architecture, géographie, aménagement",Parent,Auvergne-Rhône-Alpes,Haute-Savoie (74),30,25,0,55,A,0,0,0,0,0,1,0,0,False,False,0.20073999587458746,0.7992600041254125,Toujours inscrit
5289234,3ème,"Droit, science politique, administration publique",Collégien,Auvergne-Rhône-Alpes,Haute-Savoie (74),30,25,0,55,A,0,0,0,0,0,0,0,0,,,0.19326500732064422,0.8067349926793558,Toujours inscrit
5037630,Terminale,"Digital, Informatique, multimédia",Lycéen,Auvergne-Rhône-Alpes,Haute-Savoie (74),30,25,0,55,A,0,0,0,0,0,0,0,0,False,False,0.15624391194233392,0.8437560880576661,Toujours inscrit
5359596,Terminale Pro,"Tourisme, hôtellerie, restauration",Lycéen,Auvergne-Rhône-Alpes,Haute-Savoie (74),30,25,0,55,A,0,0,0,0,0,0,0,0,,,0.19549697968149368,0.8045030203185063,Toujours inscrit
5131299,Bac +5 et au delà,"Sciences de la matière (chimie, physique, matériaux, optique…)",_ETUDIANT / ÉLÈVE,Auvergne-Rhône-Alpes,Haute-Savoie (74),30,25,0,55,A,0,0,0,0,0,0,0,0,False,False,0.1391637177728028,0.8608362822271972,Toujours inscrit
4809379,Terminale Pro,"Commerce, vente, marketing","En recherche d'emploi, de stage / Jeune diplômé",Auvergne-Rhône-Alpes,Haute-Savoie (74),30,25,0,55,A,0,0,0,0,0,0,0,0,True,True,0.13858034486406431,0.8614196551359357,Toujours inscrit
5031306,3ème,"Electronique, automatique",_ETUDIANT / ÉLÈVE,Auvergne-Rhône-Alpes,Haute-Savoie (74),30,25,0,55,A,0,0,0,0,0,1,0,0,False,False,0.20073999587458746,0.7992600041254125,Toujours inscrit
5494145,Terminale technologique,"Comptabilité, gestion, ressources humaines",_ETUDIANT / ÉLÈVE,Auvergne-Rhône-Alpes,Haute-Savoie (74),30,25,0,55,A,0,0,0,0,0,0,0,0,,,0.20073999587458746,0.7992600041254125,Toujours inscrit
7364677,Terminale,Je ne sais pas quoi faire,_ETUDIANT / ÉLÈVE,Auvergne-Rhône-Alpes,Haute-Savoie (74),30,15,10,55,A,1,1,2,0,0,2,0,0,False,False,0.21099082136973404,0.789009178630266,Toujours inscrit
5185463,Terminale,"Energie, électricité",Lycéen,Auvergne-Rhône-Alpes,Haute-Savoie (74),30,25,0,55,A,0,0,0,0,0,1,0,0,,,0.22580645161290322,0.7741935483870968,Toujours inscrit
5102553,Bac +5 et au delà,"Santé, paramédical","En recherche d'emploi, de stage / Jeune diplômé",Auvergne-Rhône-Alpes,Haute-Savoie (74),30,25,0,55,A,0,0,0,0,0,1,0,0,False,False,0.20073999587458746,0.7992600041254125,Toujours inscrit
5690449,Bac +5 et au delà,"Mécanique, aéronautique, automobile",_ETUDIANT / ÉLÈVE,Auvergne-Rhône-Alpes,Haute-Savoie (74),30,25,0,55,A,0,0,0,0,0,1,0,0,False,False,0.13858034486406431,0.8614196551359357,Toujours inscrit
5801523,Bac+2,"Communication, information, journalisme",Etudiant,Île-de-France,Hauts-de-Seine (92),30,25,0,55,A,0,0,0,0,0,0,0,0,False,True,0.38814886020324085,0.6118511397967591,Toujours inscrit
6852330,Seconde Générale et Technologique,"Commerce, vente, marketing",_ETUDIANT / ÉLÈVE,Île-de-France,Hauts-de-Seine (92),30,25,0,55,A,0,0,0,0,0,0,0,0,False,False,0.39116329368144603,0.608836706318554,Toujours inscrit
9107454,3ème,"Arts, audiovisuel, culture",_ETUDIANT / ÉLÈVE,Île-de-France,Hauts-de-Seine (92),30,25,0,55,A,0,0,0,0,0,0,0,0,True,True,0.4648203592814371,0.5351796407185628,Toujours inscrit
5276429,Seconde Générale et Technologique,"Sciences de la vie (biologie, biotechnologies...)",_ETUDIANT / ÉLÈVE,Île-de-France,Hauts-de-Seine (92),30,25,0,55,A,0,0,0,0,0,36,0,0,True,False,0.44393560921454345,0.5560643907854566,Toujours inscrit
5058205,3ème,"Sciences de la matière (chimie, physique, matériaux, optique…)",_ETUDIANT / ÉLÈVE,Île-de-France,Hauts-de-Seine (92),30,25,0,55,A,0,0,0,0,0,0,0,0,False,False,0.33152022315202234,0.6684797768479777,Toujours inscrit
6888161,Terminale technologique,(Vide),Lycéen,Île-de-France,Hauts-de-Seine (92),30,15,10,55,A,1,1,1,1,0,1,0,0,False,False,0.38814886020324085,0.6118511397967591,Toujours inscrit
8719412,Seconde Générale et Technologique,(Vide),Lycéen,Île-de-France,Hauts-de-Seine (92),30,15,10,55,A,1,1,1,1,0,2,0,0,False,True,0.265477515852655,0.734522484147345,Toujours inscrit
7391049,Seconde Générale et Technologique,"Digital, Informatique, multimédia",_ETUDIANT / ÉLÈVE,Île-de-France,Hauts-de-Seine (92),30,25,0,55,A,0,0,0,0,0,1,0,0,True,True,0.4648203592814371,0.5351796407185628,Toujours inscrit
5597132,Bac+3,Sport,"En recherche d'emploi, de stage / Jeune diplômé",Île-de-France,Hauts-de-Seine (92),30,25,0,55,A,0,0,0,0,0,0,0,0,,,0.41394405295750586,0.5860559470424941,Toujours inscrit
5288393,Terminale,"Santé, paramédical",_ETUDIANT / ÉLÈVE,Île-de-France,Hauts-de-Seine (92),30,25,0,55,A,0,0,0,0,0,0,0,0,,,0.37857869874990213,0.6214213012500979,Toujours inscrit
5047790,3ème,"Sciences de la vie (biologie, biotechnologies...)",_ETUDIANT / ÉLÈVE,Île-de-France,Hauts-de-Seine (92),30,25,0,55,A,0,0,0,0,0,171,0,0,True,True,0.43824520231651465,0.5617547976834854,Toujours inscrit
6551219,Terminale,"Action sociale, animation, sciences sociales",_ETUDIANT / ÉLÈVE,Île-de-France,Hauts-de-Seine (92),30,25,0,55,A,0,0,0,0,0,1,0,0,False,False,0.33152022315202234,0.6684797768479777,Toujours inscrit
8930167,Terminale Pro,Je ne sais pas quoi faire,_ETUDIANT / ÉLÈVE,Île-de-France,Hauts-de-Seine (92),30,15,10,55,A,1,1,1,1,0,1,0,0,False,False,0.37857869874990213,0.6214213012500979,Toujours inscrit
5171159,3ème,"Arts, audiovisuel, culture",Parent,Île-de-France,Hauts-de-Seine (92),30,25,0,55,A,0,0,0,0,0,0,0,0,,,0.3084548282803636,0.6915451717196365,Toujours inscrit
7113094,Bac+3,Luxe,"En recherche d'emploi, de stage / Jeune diplômé",Île-de-France,Hauts-de-Seine (92),30,25,0,55,A,0,0,0,0,0,1,0,0,False,False,0.43824520231651465,0.5617547976834854,Toujours inscrit
7105681,Seconde Générale et Technologique,"Comptabilité, gestion, ressources humaines",_ETUDIANT / ÉLÈVE,Île-de-France,Hauts-de-Seine (92),30,25,0,55,A,0,0,0,0,0,0,0,0,True,False,0.4438232161874334,0.5561767838125665,Toujours inscrit
5899119,Bac +5 et au delà,"Commerce, vente, marketing",_ETUDIANT / ÉLÈVE,Île-de-France,Hauts-de-Seine (92),30,25,0,55,A,0,0,0,0,0,0,0,0,False,True,0.39509715503812415,0.6049028449618759,Toujours inscrit
6989259,Bac+1,"Architecture, géographie, aménagement",_ETUDIANT / ÉLÈVE,Île-de-France,Hauts-de-Seine (92),30,25,0,55,A,0,0,0,0,0,386,0,0,True,True,0.39509715503812415,0.6049028449618759,Toujours inscrit
6574161,Première,Je ne sais pas quoi faire,Lycéen,Île-de-France,Hauts-de-Seine (92),30,10,15,55,A,0,0,0,67,1,290,0,0,True,True,0.41135798912456334,0.5886420108754367,Toujours inscrit
6513002,Terminale,Economie,Lycéen,Île-de-France,Hauts-de-Seine (92),30,25,0,55,A,0,0,0,0,0,1,0,0,False,False,0.3484385003912641,0.6515614996087359,Toujours inscrit
8311422,Bac+3,"Arts, audiovisuel, culture",_ETUDIANT / ÉLÈVE,Île-de-France,Hauts-de-Seine (92),30,25,0,55,A,0,0,0,0,0,2,0,0,False,False,0.27706531464360273,0.7229346853563973,Toujours inscrit
5019901,Bac+3,"Arts, audiovisuel, culture",_ETUDIANT / ÉLÈVE,Île-de-France,Hauts-de-Seine (92),30,25,0,55,A,0,0,0,0,0,0,0,0,False,False,0.41135798912456334,0.5886420108754367,Toujours inscrit
6459628,Terminale,"Droit, science politique, administration publique",_ETUDIANT / ÉLÈVE,Île-de-France,Hauts-de-Seine (92),30,25,0,55,A,0,0,0,0,0,1,0,0,False,False,0.41394405295750586,0.5860559470424941,Toujours inscrit
9084154,3ème,Economie,_ETUDIANT / ÉLÈVE,Île-de-France,Hauts-de-Seine (92),30,25,0,55,A,0,0,0,0,0,1,0,0,False,False,0.3891043509877591,0.6108956490122409,Toujours inscrit
8371592,6ème,"Communication, information, journalisme",Parent,Île-de-France,Hauts-de-Seine (92),30,25,0,55,A,0,0,0,0,0,2,0,0,False,False,0.3817810665986221,0.6182189334013779,Toujours inscrit
7076478,Terminale,Je ne sais pas quoi faire,Lycéen,Île-de-France,Hauts-de-Seine (92),30,15,10,55,A,1,1,1,5,0,53,0,0,False,True,0.39116329368144603,0.608836706318554,Toujours inscrit
9012013,Seconde Générale et Technologique,Je ne sais pas quoi faire,_ETUDIANT / ÉLÈVE,Île-de-France,Hauts-de-Seine (92),30,15,10,55,A,1,1,1,1,0,1,0,0,False,False,0.39509715503812415,0.6049028449618759,Toujours inscrit
6874910,Bac+3,Sport,Etudiant,Île-de-France,Hauts-de-Seine (92),30,25,0,55,A,0,0,0,0,0,1,0,0,False,False,0.37857869874990213,0.6214213012500979,Toujours inscrit
5833708,Terminale,"Arts, audiovisuel, culture",_ETUDIANT / ÉLÈVE,Île-de-France,Hauts-de-Seine (92),30,25,0,55,A,0,0,0,0,0,1,0,0,False,False,0.36889922995955904,0.631100770040441,Toujours inscrit
8459800,Bac+2,"Energie, électricité",Parent,Île-de-France,Hauts-de-Seine (92),30,25,0,55,A,0,0,0,0,0,2,0,0,False,False,0.3945911607223886,0.6054088392776114,Toujours inscrit
5554736,Première,"Sciences de la vie (biologie, biotechnologies...)",_ETUDIANT / ÉLÈVE,Île-de-France,Hauts-de-Seine (92),30,25,0,55,A,0,0,0,0,0,0,0,0,False,True,0.38814886020324085,0.6118511397967591,Toujours inscrit
6873007,Bac+3,Sport,Etudiant,Île-de-France,Hauts-de-Seine (92),30,25,0,55,A,0,0,0,0,0,1,0,0,False,False,0.3781813068718237,0.6218186931281763,Toujours inscrit
5012552,Bac+3,"Droit, science politique, administration publique",Etudiant,Île-de-France,Hauts-de-Seine (92),30,25,0,55,A,0,0,0,0,0,0,0,0,True,True,0.19307177958591798,0.806928220414082,Toujours inscrit
7762479,Terminale,(Vide),Lycéen,Île-de-France,Hauts-de-Seine (92),30,10,15,55,A,1,0,1,10,0,11,0,0,False,True,0.3945911607223886,0.6054088392776114,Toujours inscrit
6394747,Terminale,"Sciences de la Terre (environnement, agriculture, agronomie ...)",Lycéen,Île-de-France,Hauts-de-Seine (92),30,25,0,55,A,0,0,0,0,0,1,0,0,False,False,0.27706531464360273,0.7229346853563973,Toujours inscrit
7759226,3ème,Sport,_ETUDIANT / ÉLÈVE,Île-de-France,Hauts-de-Seine (92),30,25,0,55,A,0,0,0,0,0,1,0,0,True,True,0.3435872128091243,0.6564127871908757,Toujours inscrit
5282895,Terminale,"Commerce, vente, marketing",Lycéen,Occitanie,Hérault (34),30,25,0,55,A,0,0,0,0,0,4,0,0,False,False,0.2,0.8,Toujours inscrit
7676305,Bac +5 et au delà,"Banque, assurance, finance, immobilier","En recherche d'emploi, de stage / Jeune diplômé",Occitanie,Hérault (34),30,25,0,55,A,0,0,0,0,0,4,0,0,False,False,0.15598765875008969,0.8440123412499103,Toujours inscrit
5127945,Bac+3,"Sciences de la Terre (environnement, agriculture, agronomie ...)",_ETUDIANT / ÉLÈVE,Occitanie,Hérault (34),30,25,0,55,A,0,0,0,0,0,0,0,0,False,False,0.17950108177149857,0.8204989182285014,Toujours inscrit
6553949,Première,"Commerce, vente, marketing",_ETUDIANT / ÉLÈVE,Occitanie,Hérault (34),30,25,0,55,A,0,0,0,0,0,1,0,0,False,False,0.11681148635338921,0.8831885136466108,Toujours inscrit
5548321,Terminale,"Arts, audiovisuel, culture",Lycéen,Occitanie,Hérault (34),30,25,0,55,A,0,0,0,0,0,0,0,0,,,0.24725624304119612,0.7527437569588039,Toujours inscrit
9021690,Terminale,"Droit, science politique, administration publique",_ETUDIANT / ÉLÈVE,Occitanie,Hérault (34),30,25,0,55,A,0,0,0,0,0,1,0,0,False,False,0.16434004848282202,0.835659951517178,Toujours inscrit
5583869,Bac+2,"Lettres, langues et sciences humaines",Etudiant,Occitanie,Hérault (34),30,25,0,55,A,0,0,0,0,0,0,0,0,,,0.21622826571555953,0.7837717342844405,Toujours inscrit
5213907,Bac +5 et au delà,"Arts, audiovisuel, culture","En recherche d'emploi, de stage / Jeune diplômé",Occitanie,Hérault (34),30,25,0,55,A,0,0,0,0,0,0,0,0,False,False,0.24725624304119612,0.7527437569588039,Toujours inscrit
5151549,6ème,"Tourisme, hôtellerie, restauration",Collégien,Occitanie,Hérault (34),30,25,0,55,A,0,0,0,0,0,0,0,0,True,True,0.17950108177149857,0.8204989182285014,Toujours inscrit
6167684,Terminale,"Santé, paramédical",Lycéen,Occitanie,Hérault (34),30,25,0,55,A,0,0,0,0,0,1,0,0,False,False,0.15841050076418234,0.8415894992358177,Toujours inscrit
7798668,Première,"Banque, assurance, finance, immobilier",_ETUDIANT / ÉLÈVE,Occitanie,Hérault (34),30,25,0,55,A,0,0,0,0,0,2,0,0,False,False,0.17950108177149857,0.8204989182285014,Toujours inscrit
5190411,Bac+2,"Sciences de la matière (chimie, physique, matériaux, optique…)","En recherche d'emploi, de stage / Jeune diplômé",Occitanie,Hérault (34),30,25,0,55,A,0,0,0,0,0,0,0,0,False,False,0.1711173944915698,0.8288826055084302,Toujours inscrit
5158327,Première technologique,"Tourisme, hôtellerie, restauration",_ETUDIANT / ÉLÈVE,Occitanie,Hérault (34),30,25,0,55,A,0,0,0,0,0,253,0,0,True,True,0.19046986992301565,0.8095301300769844,Toujours inscrit
5586880,Première,Sport,Parent,Occitanie,Hérault (34),30,25,0,55,A,0,0,0,0,0,0,0,0,,,0.15442092154420922,0.8455790784557908,Toujours inscrit
4974574,Bac+1,"Banque, assurance, finance, immobilier","En recherche d'emploi, de stage / Jeune diplômé",Occitanie,Hérault (34),30,25,0,55,A,0,0,0,0,0,3,0,0,False,False,0.17950108177149857,0.8204989182285014,Toujours inscrit
6601521,Terminale Pro,"Arts, audiovisuel, culture",_ETUDIANT / ÉLÈVE,Occitanie,Hérault (34),30,25,0,55,A,0,0,0,0,0,1,0,0,False,False,0.14211357389321014,0.8578864261067899,Toujours inscrit
6728077,Bac+4,Sport,_ETUDIANT / ÉLÈVE,Occitanie,Hérault (34),30,25,0,55,A,0,0,0,0,0,3,0,0,False,False,0.17950108177149857,0.8204989182285014,Toujours inscrit
5290350,Première,"Sciences de la vie (biologie, biotechnologies...)",_ETUDIANT / ÉLÈVE,Occitanie,Hérault (34),30,25,0,55,A,0,0,0,0,0,0,0,0,True,True,0.15442092154420922,0.8455790784557908,Toujours inscrit
6817748,Bac+1,"Commerce, vente, marketing",_ETUDIANT / ÉLÈVE,Occitanie,Hérault (34),30,25,0,55,A,0,0,0,0,0,1,0,0,False,False,0.17950108177149857,0.8204989182285014,Toujours inscrit
5915159,3ème,Je ne sais pas quoi faire,_ETUDIANT / ÉLÈVE,Occitanie,Hérault (34),30,10,15,55,A,1,0,1,142,0,166,0,0,True,True,0.2336104892868564,0.7663895107131435,Toujours inscrit
5590503,Terminale technologique,"Armée, défense, sécurité",_ETUDIANT / ÉLÈVE,Occitanie,Hérault (34),30,25,0,55,A,0,0,0,0,0,0,0,0,,,0.15841050076418234,0.8415894992358177,Toujours inscrit
6336773,Terminale,"Digital, Informatique, multimédia",Lycéen,Occitanie,Hérault (34),30,25,0,55,A,0,0,0,0,0,1,0,0,False,False,0.13637909052273695,0.8636209094772631,Toujours inscrit
5338187,Terminale,"Sciences de la matière (chimie, physique, matériaux, optique…)",_ETUDIANT / ÉLÈVE,Occitanie,Hérault (34),30,25,0,55,A,0,0,0,0,0,0,0,0,,,0.17950108177149857,0.8204989182285014,Toujours inscrit
5601724,Première technologique,"Arts, audiovisuel, culture",_ETUDIANT / ÉLÈVE,Occitanie,Hérault (34),30,25,0,55,A,0,0,0,0,0,0,0,0,,,0.16605794984173364,0.8339420501582664,Toujours inscrit
8526988,Seconde Générale et Technologique,"Architecture, géographie, aménagement",Lycéen,Bretagne,Ille-et-Vilaine (35),30,25,0,55,A,0,0,0,0,0,2,0,0,False,False,0.20305434804517694,0.796945651954823,Toujours inscrit
7384584,4ème,"Digital, Informatique, multimédia",_ETUDIANT / ÉLÈVE,Bretagne,Ille-et-Vilaine (35),30,25,0,55,A,0,0,0,0,0,2,0,0,False,False,0.16679314008195478,0.8332068599180452,Toujours inscrit
8086237,Bac+1,"Secretariat, assistant de gestion",Etudiant,Bretagne,Ille-et-Vilaine (35),30,25,0,55,A,0,0,0,0,0,2,0,0,False,False,0.20305434804517694,0.796945651954823,Toujours inscrit
8887327,Première,Je ne sais pas quoi faire,_ETUDIANT / ÉLÈVE,Bretagne,Ille-et-Vilaine (35),30,15,10,55,A,1,1,1,1,0,1,0,0,False,False,0.1481153778092373,0.8518846221907627,Toujours inscrit
5563763,Terminale Pro,Luxe,Lycéen,Bretagne,Ille-et-Vilaine (35),30,25,0,55,A,0,0,0,0,0,0,0,0,True,True,0.22429766885833832,0.7757023311416616,Toujours inscrit
5540157,Terminale,"Droit, science politique, administration publique",Parent,Bretagne,Ille-et-Vilaine (35),30,25,0,55,A,0,0,0,0,0,0,0,0,,,0.12498740046366294,0.875012599536337,Toujours inscrit
5480818,Terminale,"Transport, logistique",Lycéen,Bretagne,Ille-et-Vilaine (35),30,25,0,55,A,0,0,0,0,0,0,0,0,,,0.15061837455830387,0.8493816254416962,Toujours inscrit
5382165,Terminale,"Sciences de la matière (chimie, physique, matériaux, optique…)",Parent,Bretagne,Ille-et-Vilaine (35),30,25,0,55,A,0,0,0,0,0,0,0,0,,,0.09783212896053363,0.9021678710394664,Toujours inscrit
7094071,Bac+4,"Tourisme, hôtellerie, restauration",Etudiant,Bretagne,Ille-et-Vilaine (35),30,25,0,55,A,0,0,0,0,0,1,0,0,False,False,0.20305434804517694,0.796945651954823,Toujours inscrit
5365809,Terminale,"Sciences de la matière (chimie, physique, matériaux, optique…)",_ETUDIANT / ÉLÈVE,Bretagne,Ille-et-Vilaine (35),30,25,0,55,A,0,0,0,0,0,0,0,0,,,0.16679314008195478,0.8332068599180452,Toujours inscrit
6853443,Bac +5 et au delà,"Architecture, géographie, aménagement",Etudiant,Bretagne,Ille-et-Vilaine (35),30,25,0,55,A,0,0,0,0,0,0,0,0,False,False,0.20305434804517694,0.796945651954823,Toujours inscrit
8276872,Terminale,"Sciences de la matière (chimie, physique, matériaux, optique…)",Lycéen,Bretagne,Ille-et-Vilaine (35),30,25,0,55,A,0,0,0,0,0,2,0,0,False,False,0.15061837455830387,0.8493816254416962,Toujours inscrit
5639454,Terminale,"International, études à l'étranger",Lycéen,Bretagne,Ille-et-Vilaine (35),30,25,0,55,A,0,0,0,0,0,0,0,0,True,True,0.3023343373493976,0.6976656626506024,Toujours inscrit
5381457,Seconde Générale et Technologique,"International, études à l'étranger",Lycéen,Bretagne,Ille-et-Vilaine (35),30,25,0,55,A,0,0,0,0,0,0,0,0,,,0.1413793103448276,0.8586206896551725,Toujours inscrit
5293248,Terminale,"Communication, information, journalisme",Parent,Bretagne,Ille-et-Vilaine (35),30,25,0,55,A,0,0,0,0,0,2,0,0,False,False,0.1385393390568035,0.8614606609431965,Toujours inscrit
5556897,Terminale,"Action sociale, animation, sciences sociales",_ETUDIANT / ÉLÈVE,Bretagne,Ille-et-Vilaine (35),30,25,0,55,A,0,0,0,0,0,0,0,0,True,True,0.1069026265214606,0.8930973734785393,Toujours inscrit
5563344,Terminale,"Santé, paramédical",Lycéen,Bretagne,Ille-et-Vilaine (35),30,25,0,55,A,0,0,0,0,0,0,0,0,True,True,0.20305434804517694,0.796945651954823,Toujours inscrit
8639575,Seconde Générale et Technologique,"International, études à l'étranger",Lycéen,Bretagne,Ille-et-Vilaine (35),30,25,0,55,A,0,0,0,0,0,1,0,0,False,False,0.20305434804517694,0.796945651954823,Toujours inscrit
8069439,Première,Je ne sais pas quoi faire,_ETUDIANT / ÉLÈVE,Bretagne,Ille-et-Vilaine (35),30,10,15,55,A,1,0,1,52,0,121,0,0,True,True,0.1069026265214606,0.8930973734785393,Toujours inscrit
7508777,Première technologique,"Action sociale, animation, sciences sociales",_ETUDIANT / ÉLÈVE,Bretagne,Ille-et-Vilaine (35),30,25,0,55,A,0,0,0,0,0,0,0,0,True,True,0.13616826179150668,0.8638317382084933,Toujours inscrit
5639454,Terminale,"Droit, science politique, administration publique",Lycéen,Bretagne,Ille-et-Vilaine (35),30,25,0,55,A,0,0,0,0,0,0,0,0,True,True,0.3023343373493976,0.6976656626506024,Toujours inscrit
5566385,Bac +5 et au delà,"Secretariat, assistant de gestion",_ETUDIANT / ÉLÈVE,Bretagne,Ille-et-Vilaine (35),30,25,0,55,A,0,0,0,0,0,0,0,0,,,0.17674817674817675,0.8232518232518232,Toujours inscrit
8977576,Première,"Droit, science politique, administration publique",_ETUDIANT / ÉLÈVE,Bretagne,Ille-et-Vilaine (35),30,25,0,55,A,0,0,0,0,0,1,0,0,False,False,0.20305434804517694,0.796945651954823,Toujours inscrit
5553824,Bac+1,"Digital, Informatique, multimédia",_ETUDIANT / ÉLÈVE,Bretagne,Ille-et-Vilaine (35),30,25,0,55,A,0,0,0,0,0,0,0,0,,,0.15185322920540473,0.8481467707945952,Toujours inscrit
5899648,3ème,"International, études à l'étranger",_ETUDIANT / ÉLÈVE,Bretagne,Ille-et-Vilaine (35),30,25,0,55,A,0,0,0,0,0,0,0,0,True,True,0.24796633941093968,0.7520336605890603,Toujours inscrit
8455839,Bac+1,"Commerce, vente, marketing",_ETUDIANT / ÉLÈVE,Bretagne,Ille-et-Vilaine (35),30,25,0,55,A,0,0,0,0,0,2,0,0,False,False,0.23879380603096984,0.7612061939690301,Toujours inscrit
7129456,6ème,"Vétérinaire, soins aux animaux",_ETUDIANT / ÉLÈVE,Bretagne,Ille-et-Vilaine (35),30,25,0,55,A,0,0,0,0,0,1,0,0,False,False,0.20695364238410596,0.793046357615894,Toujours inscrit
5762320,Bac +5 et au delà,"Education, formation",_ETUDIANT / ÉLÈVE,Bretagne,Ille-et-Vilaine (35),30,25,0,55,A,0,0,0,0,0,1,0,0,False,False,0.1906222051871726,0.8093777948128273,Toujours inscrit
5117664,Bac+3,"Digital, Informatique, multimédia",_ETUDIANT / ÉLÈVE,Bretagne,Ille-et-Vilaine (35),30,25,0,55,A,0,0,0,0,0,0,0,0,False,True,0.20305434804517694,0.796945651954823,Toujours inscrit
5090565,Terminale technologique,"Commerce, vente, marketing",Parent,Bretagne,Ille-et-Vilaine (35),30,25,0,55,A,0,0,0,0,0,0,0,0,True,False,0.23860640301318267,0.7613935969868173,Toujours inscrit
5279323,3ème,"Lettres, langues et sciences humaines",Parent,Centre-Val de Loire,Indre-et-Loire (37),30,25,0,55,A,0,0,0,0,0,0,0,0,,,0.1752647298398045,0.8247352701601955,Toujours inscrit
9103565,Terminale Pro,"Droit, science politique, administration publique",Lycéen,Centre-Val de Loire,Indre-et-Loire (37),30,25,0,55,A,0,0,0,0,0,0,0,0,True,True,0.22691921726041145,0.7730807827395886,Toujours inscrit
5296660,Terminale technologique,"Armée, défense, sécurité",Lycéen,Centre-Val de Loire,Indre-et-Loire (37),30,25,0,55,A,0,0,0,0,0,0,0,0,,,0.1752647298398045,0.8247352701601955,Toujours inscrit
5126403,Bac+3,Economie,_ETUDIANT / ÉLÈVE,Centre-Val de Loire,Indre-et-Loire (37),30,25,0,55,A,0,0,0,0,0,0,0,0,False,False,0.17640918580375783,0.8235908141962421,Toujours inscrit
6750703,Bac+2,"Génie civil, bâtiment",Professionnel hors secteur de l'éducation,Centre-Val de Loire,Indre-et-Loire (37),30,25,0,55,A,0,0,0,0,0,1,0,0,False,False,0.22691921726041145,0.7730807827395886,Toujours inscrit
5412119,Terminale Pro,"Droit, science politique, administration publique",Lycéen,Centre-Val de Loire,Indre-et-Loire (37),30,25,0,55,A,0,0,0,0,0,0,0,0,,,0.1752647298398045,0.8247352701601955,Toujours inscrit
4986489,Bac+2,"Commerce, vente, marketing",_ETUDIANT / ÉLÈVE,Centre-Val de Loire,Indre-et-Loire (37),30,25,0,55,A,0,0,0,0,0,2,0,0,False,False,0.1752647298398045,0.8247352701601955,Toujours inscrit
5554908,Bac+3,"Education, formation",_ETUDIANT / ÉLÈVE,Centre-Val de Loire,Indre-et-Loire (37),30,25,0,55,A,0,0,0,0,0,1,0,0,False,False,0.1752647298398045,0.8247352701601955,Toujours inscrit
5353336,CAP/BEP,"Communication, information, journalisme",Parent,Centre-Val de Loire,Indre-et-Loire (37),30,25,0,55,A,0,0,0,0,0,1,0,0,False,False,0.184750248097916,0.815249751902084,Toujours inscrit
7423654,Bac+1,"Architecture, géographie, aménagement",_ETUDIANT / ÉLÈVE,Centre-Val de Loire,Indre-et-Loire (37),30,25,0,55,A,0,0,0,0,0,2,0,0,False,False,0.1213210622183875,0.8786789377816125,Toujours inscrit
5290603,Terminale,"Mécanique, aéronautique, automobile",Parent,Centre-Val de Loire,Indre-et-Loire (37),30,25,0,55,A,0,0,0,0,0,0,0,0,,,0.14627949183303085,0.8537205081669691,Toujours inscrit
5447913,Bac+4,"Sciences de la Terre (environnement, agriculture, agronomie ...)",_ETUDIANT / ÉLÈVE,Centre-Val de Loire,Indre-et-Loire (37),30,25,0,55,A,0,0,0,0,0,1,0,0,False,False,0.1752647298398045,0.8247352701601955,Toujours inscrit
9086909,Bac+3,"Vétérinaire, soins aux animaux",Etudiant,Centre-Val de Loire,Indre-et-Loire (37),30,25,0,55,A,0,0,0,0,0,1,0,0,False,False,0.1390855634225369,0.8609144365774631,Toujours inscrit
6239923,Première,Economie,_ETUDIANT / ÉLÈVE,Auvergne-Rhône-Alpes,Isère (38),30,25,0,55,A,0,0,0,0,0,458,0,0,True,True,0.221239967430499,0.778760032569501,Toujours inscrit
6506111,CAP/BEP,"Comptabilité, gestion, ressources humaines",_ETUDIANT / ÉLÈVE,Auvergne-Rhône-Alpes,Isère (38),30,25,0,55,A,0,0,0,0,0,1,0,0,False,False,0.18374535040653084,0.8162546495934692,Toujours inscrit
8785689,Seconde Générale et Technologique,"Sciences de la vie (biologie, biotechnologies...)",_ETUDIANT / ÉLÈVE,Auvergne-Rhône-Alpes,Isère (38),30,25,0,55,A,0,0,0,0,0,1,0,0,False,False,0.17664843075151165,0.8233515692484883,Toujours inscrit
5753224,Bac+2,"Sciences de la Terre (environnement, agriculture, agronomie ...)",Etudiant,Auvergne-Rhône-Alpes,Isère (38),30,25,0,55,A,0,0,0,0,0,1,0,0,False,False,0.20528181929331213,0.7947181807066879,Toujours inscrit
5396667,Terminale,"Mécanique, aéronautique, automobile",Lycéen,Auvergne-Rhône-Alpes,Isère (38),30,25,0,55,A,0,0,0,0,0,0,0,0,,,0.17963894643385617,0.8203610535661439,Toujours inscrit
6678664,Seconde Générale et Technologique,Economie,Lycéen,Auvergne-Rhône-Alpes,Isère (38),30,25,0,55,A,0,0,0,0,0,1,0,0,False,False,0.23117129959610358,0.7688287004038964,Toujours inscrit
7466737,Bac+2,"Comptabilité, gestion, ressources humaines","En recherche d'emploi, de stage / Jeune diplômé",Auvergne-Rhône-Alpes,Isère (38),30,25,0,55,A,0,0,0,0,0,2,0,0,False,False,0.13452582557154955,0.8654741744284504,Toujours inscrit
5617423,Bac+2,Sport,Parent,Auvergne-Rhône-Alpes,Isère (38),30,25,0,55,A,0,0,0,0,0,0,0,0,,,0.23902151488358384,0.7609784851164162,Toujours inscrit
5663857,4ème,"Digital, Informatique, multimédia",_ETUDIANT / ÉLÈVE,Auvergne-Rhône-Alpes,Isère (38),30,25,0,55,A,0,0,0,0,0,1,0,0,False,False,0.1245272039569392,0.8754727960430608,Toujours inscrit
5391779,Terminale,"Arts, audiovisuel, culture",Parent,Auvergne-Rhône-Alpes,Isère (38),30,25,0,55,A,0,0,0,0,0,0,0,0,,,0.18486226939600708,0.815137730603993,Toujours inscrit
7237976,3ème,Je ne sais pas quoi faire,_ETUDIANT / ÉLÈVE,Auvergne-Rhône-Alpes,Isère (38),30,10,15,55,A,0,0,0,71,1,91,0,0,True,True,0.13531166232491412,0.8646883376750859,Toujours inscrit
5419820,Terminale,Economie,Lycéen,Auvergne-Rhône-Alpes,Isère (38),30,25,0,55,A,0,0,0,0,0,0,0,0,,,0.23902151488358384,0.7609784851164162,Toujours inscrit
5807971,Bac+3,"Tourisme, hôtellerie, restauration",_ETUDIANT / ÉLÈVE,Auvergne-Rhône-Alpes,Isère (38),30,25,0,55,A,0,0,0,0,0,1,0,0,False,False,0.221239967430499,0.778760032569501,Toujours inscrit
5012121,Bac +5 et au delà,"Arts, audiovisuel, culture","En recherche d'emploi, de stage / Jeune diplômé",Auvergne-Rhône-Alpes,Isère (38),30,25,0,55,A,0,0,0,0,0,0,0,0,False,False,0.15449377563502914,0.8455062243649708,Toujours inscrit
5404853,Bac+1,"Droit, science politique, administration publique",Parent,Auvergne-Rhône-Alpes,Isère (38),30,25,0,55,A,0,0,0,0,0,0,0,0,,,0.13531166232491412,0.8646883376750859,Toujours inscrit
5876968,Terminale,"Communication, information, journalisme",_ETUDIANT / ÉLÈVE,Auvergne-Rhône-Alpes,Isère (38),30,25,0,55,A,0,0,0,0,0,0,0,0,,,0.3628521364065238,0.6371478635934762,Toujours inscrit
5646825,Bac+1,Sport,Etudiant,Auvergne-Rhône-Alpes,Isère (38),30,25,0,55,A,0,0,0,0,0,0,0,0,,,0.17479499352611136,0.8252050064738886,Toujours inscrit
5351105,Terminale,"Sciences de la matière (chimie, physique, matériaux, optique…)",Lycéen,Auvergne-Rhône-Alpes,Isère (38),30,25,0,55,A,0,0,0,0,0,0,0,0,,,0.30369426751592354,0.6963057324840765,Toujours inscrit
5326539,Bac+2,"Sciences de la matière (chimie, physique, matériaux, optique…)",_ETUDIANT / ÉLÈVE,Auvergne-Rhône-Alpes,Isère (38),30,25,0,55,A,0,0,0,0,0,2,0,0,False,False,0.23902151488358384,0.7609784851164162,Toujours inscrit
5024185,6ème,"Communication, information, journalisme",_ETUDIANT / ÉLÈVE,La Réunion,La Réunion (974),30,25,0,55,A,0,0,0,0,0,0,0,0,False,False,0.05919432268837403,0.940805677311626,Toujours inscrit
6463185,Terminale Pro,"Secretariat, assistant de gestion",_ETUDIANT / ÉLÈVE,La Réunion,La Réunion (974),30,25,0,55,A,0,0,0,0,0,1,0,0,False,False,0.1061940500949453,0.8938059499050547,Toujours inscrit
5830483,Terminale,"International, études à l'étranger",Lycéen,La Réunion,La Réunion (974),30,25,0,55,A,0,0,0,0,0,0,0,0,False,False,0.11878732200275609,0.8812126779972439,Toujours inscrit
6878548,3ème,Luxe,Collégien,La Réunion,La Réunion (974),30,25,0,55,A,0,0,0,0,0,1,0,0,False,False,0.11179557380789414,0.8882044261921058,Toujours inscrit
5121421,Terminale,"Arts, audiovisuel, culture",_ETUDIANT / ÉLÈVE,La Réunion,La Réunion (974),30,25,0,55,A,0,0,0,0,0,0,0,0,False,False,0.1061940500949453,0.8938059499050547,Toujours inscrit
5113347,Bac+4,"Communication, information, journalisme",_ETUDIANT / ÉLÈVE,La Réunion,La Réunion (974),30,25,0,55,A,0,0,0,0,0,0,0,0,False,False,0.08116365568544102,0.918836344314559,Toujours inscrit
5096661,Bac+2,"Energie, électricité",_ETUDIANT / ÉLÈVE,La Réunion,La Réunion (974),30,25,0,55,A,0,0,0,0,0,0,0,0,False,False,0.03763744621669781,0.9623625537833022,Toujours inscrit
5078842,3ème,"International, études à l'étranger",_ETUDIANT / ÉLÈVE,La Réunion,La Réunion (974),30,25,0,55,A,0,0,0,0,0,0,0,0,True,True,0.05375722543352601,0.946242774566474,Toujours inscrit
5057701,3ème,"Commerce, vente, marketing",Parent,La Réunion,La Réunion (974),30,25,0,55,A,0,0,0,0,0,0,0,0,False,False,0.07548118557421013,0.9245188144257899,Toujours inscrit
5261051,Terminale,Economie,Lycéen,La Réunion,La Réunion (974),30,25,0,55,A,0,0,0,0,0,0,0,0,True,True,0.0892596200681929,0.9107403799318071,Toujours inscrit
6811344,Bac +5 et au delà,"Electronique, automatique",_ETUDIANT / ÉLÈVE,Auvergne-Rhône-Alpes,Loire (42),30,25,0,55,A,0,0,0,0,0,0,0,0,False,False,0.23067065356685176,0.7693293464331482,Toujours inscrit
8474155,3ème,Technologie industrielle,Collégien,Auvergne-Rhône-Alpes,Loire (42),30,25,0,55,A,0,0,0,0,0,2,0,0,False,False,0.11989308896525391,0.880106911034746,Toujours inscrit
5117895,Bac +5 et au delà,"Santé, paramédical","En recherche d'emploi, de stage / Jeune diplômé",Auvergne-Rhône-Alpes,Loire (42),30,25,0,55,A,0,0,0,0,0,0,0,0,False,False,0.20059171597633135,0.7994082840236686,Toujours inscrit
8714130,Terminale Pro,(Vide),Lycéen,Auvergne-Rhône-Alpes,Loire (42),30,10,15,55,A,1,0,1,16,0,31,0,0,True,True,0.08456973293768547,0.9154302670623146,Toujours inscrit
5084874,3ème,Economie,Parent,Auvergne-Rhône-Alpes,Loire (42),30,25,0,55,A,0,0,0,0,0,0,0,0,False,False,0.13762465468936738,0.8623753453106326,Toujours inscrit
5186006,3ème,"Sciences de la vie (biologie, biotechnologies...)",_ETUDIANT / ÉLÈVE,Auvergne-Rhône-Alpes,Loire (42),30,25,0,55,A,0,0,0,0,0,0,0,0,True,True,0.07433602771362587,0.9256639722863741,Toujours inscrit
8362007,Terminale,"Cosmétique, esthétique, soins personnels",Lycéen,Auvergne-Rhône-Alpes,Loire (42),30,25,0,55,A,0,0,0,0,0,155,0,0,True,False,0.07433602771362587,0.9256639722863741,Toujours inscrit
5371748,Première,Technologie industrielle,Lycéen,Auvergne-Rhône-Alpes,Loire (42),30,25,0,55,A,0,0,0,0,0,0,0,0,,,0.15042697613312897,0.8495730238668711,Toujours inscrit
7029208,3ème,"Sciences de la matière (chimie, physique, matériaux, optique…)",_ETUDIANT / ÉLÈVE,Auvergne-Rhône-Alpes,Loire (42),30,25,0,55,A,0,0,0,0,0,3,0,0,True,True,0.11289875173370319,0.8871012482662968,Toujours inscrit
5271701,Seconde Générale et Technologique,"Lettres, langues et sciences humaines",_ETUDIANT / ÉLÈVE,Auvergne-Rhône-Alpes,Loire (42),30,25,0,55,A,0,0,0,0,0,0,0,0,,,0.14455213903743316,0.8554478609625669,Toujours inscrit
5571128,Bac+3,"Communication, information, journalisme",_ETUDIANT / ÉLÈVE,Auvergne-Rhône-Alpes,Loire (42),30,25,0,55,A,0,0,0,0,0,0,0,0,,,0.11476173831993476,0.8852382616800653,Toujours inscrit
5005854,Bac+3,Economie,_ETUDIANT / ÉLÈVE,Auvergne-Rhône-Alpes,Loire (42),30,25,0,55,A,0,0,0,0,0,2,0,0,False,False,0.10373122774423285,0.8962687722557672,Toujours inscrit
5110430,Bac +5 et au delà,"Digital, Informatique, multimédia",_ETUDIANT / ÉLÈVE,Auvergne-Rhône-Alpes,Loire (42),30,25,0,55,A,0,0,0,0,0,0,0,0,False,False,0.13762465468936738,0.8623753453106326,Toujours inscrit
7670847,Bac +5 et au delà,"International, études à l'étranger","En recherche d'emploi, de stage / Jeune diplômé",Auvergne-Rhône-Alpes,Loire (42),30,25,0,55,A,0,0,0,0,0,1,0,0,False,False,0.08121019108280254,0.9187898089171974,Toujours inscrit
9083927,Terminale,"Sciences de la vie (biologie, biotechnologies...)",Lycéen,Auvergne-Rhône-Alpes,Loire (42),30,25,0,55,A,0,0,0,0,0,1,0,0,False,False,0.13762465468936738,0.8623753453106326,Toujours inscrit
5299268,Terminale technologique,"Sciences de la vie (biologie, biotechnologies...)",Parent,Auvergne-Rhône-Alpes,Loire (42),30,25,0,55,A,0,0,0,0,0,0,0,0,,,0.14237516869095818,0.8576248313090419,Toujours inscrit
6371155,Terminale technologique,"Banque, assurance, finance, immobilier",_ETUDIANT / ÉLÈVE,Auvergne-Rhône-Alpes,Loire (42),30,25,0,55,A,0,0,0,0,0,1,0,0,False,False,0.13762465468936738,0.8623753453106326,Toujours inscrit
5380753,Seconde Générale et Technologique,Technologie industrielle,Parent,Auvergne-Rhône-Alpes,Loire (42),30,25,0,55,A,0,0,0,0,0,0,0,0,,,0.14694148936170212,0.8530585106382979,Toujours inscrit
8390841,Bac +5 et au delà,"Secretariat, assistant de gestion","En recherche d'emploi, de stage / Jeune diplômé",Auvergne-Rhône-Alpes,Loire (42),30,25,0,55,A,0,0,0,0,0,1,0,0,False,False,0.13762465468936738,0.8623753453106326,Toujours inscrit
8747360,Bac +5 et au delà,"Vétérinaire, soins aux animaux","En recherche d'emploi, de stage / Jeune diplômé",Auvergne-Rhône-Alpes,Loire (42),30,25,0,55,A,0,0,0,0,0,1,0,0,False,False,0.13762465468936738,0.8623753453106326,Toujours inscrit
7417950,4ème,"Education, formation",Parent,Auvergne-Rhône-Alpes,Loire (42),30,25,0,55,A,0,0,0,0,0,53,0,0,False,False,0.13425858290723156,0.8657414170927684,Toujours inscrit
5231697,Terminale,"Arts, audiovisuel, culture",Lycéen,Pays de la Loire,Loire-Atlantique (44),30,25,0,55,A,0,0,0,0,0,1,0,0,False,False,0.1819179469863245,0.8180820530136755,Toujours inscrit
5232679,3ème,Technologie industrielle,_ETUDIANT / ÉLÈVE,Pays de la Loire,Loire-Atlantique (44),30,25,0,55,A,0,0,0,0,0,0,0,0,False,False,0.16820469798657717,0.8317953020134228,Toujours inscrit
5098446,Terminale Pro,"Commerce, vente, marketing","En recherche d'emploi, de stage / Jeune diplômé",Pays de la Loire,Loire-Atlantique (44),30,25,0,55,A,0,0,0,0,0,0,0,0,False,False,0.1648463296926594,0.8351536703073407,Toujours inscrit
5414629,Terminale,Technologie industrielle,Parent,Pays de la Loire,Loire-Atlantique (44),30,25,0,55,A,0,0,0,0,0,0,0,0,,,0.24259931489339945,0.7574006851066005,Toujours inscrit
5415641,Terminale,"Lettres, langues et sciences humaines",Lycéen,Pays de la Loire,Loire-Atlantique (44),30,25,0,55,A,0,0,0,0,0,0,0,0,,,0.23244402813032358,0.7675559718696764,Toujours inscrit
8751539,Seconde Générale et Technologique,(Vide),Lycéen,Pays de la Loire,Loire-Atlantique (44),30,10,15,55,A,1,0,1,12,0,23,0,0,True,True,0.23244402813032358,0.7675559718696764,Toujours inscrit
7942117,Première,(Vide),Parent,Pays de la Loire,Loire-Atlantique (44),30,15,10,55,A,1,1,1,2,0,9,0,0,True,True,0.1455567702639388,0.8544432297360612,Toujours inscrit
5397532,Première,"International, études à l'étranger",Lycéen,Pays de la Loire,Loire-Atlantique (44),30,25,0,55,A,0,0,0,0,0,0,0,0,True,True,0.23244402813032358,0.7675559718696764,Toujours inscrit
8572228,Première Pro,"Tourisme, hôtellerie, restauration",Lycéen,Pays de la Loire,Loire-Atlantique (44),30,25,0,55,A,0,0,0,0,0,70,0,0,True,True,0.11172389254581036,0.8882761074541896,Toujours inscrit
5410286,Seconde Générale et Technologique,"Santé, paramédical",_ETUDIANT / ÉLÈVE,Pays de la Loire,Loire-Atlantique (44),30,25,0,55,A,0,0,0,0,0,0,0,0,False,True,0.1487643748470761,0.851235625152924,Toujours inscrit
5421036,Terminale technologique,"Sciences de la Terre (environnement, agriculture, agronomie ...)",Lycéen,Pays de la Loire,Loire-Atlantique (44),30,25,0,55,A,0,0,0,0,0,0,0,0,,,0.207726655018443,0.792273344981557,Toujours inscrit
5416890,Terminale,"Sciences de la matière (chimie, physique, matériaux, optique…)",_ETUDIANT / ÉLÈVE,Pays de la Loire,Loire-Atlantique (44),30,25,0,55,A,0,0,0,0,0,0,0,0,,,0.23244402813032358,0.7675559718696764,Toujours inscrit
5405364,Terminale,Technologie industrielle,Parent,Pays de la Loire,Loire-Atlantique (44),30,25,0,55,A,0,0,0,0,0,0,0,0,,,0.14153965634404428,0.8584603436559557,Toujours inscrit
5408534,Terminale,"Lettres, langues et sciences humaines",Parent,Pays de la Loire,Loire-Atlantique (44),30,25,0,55,A,0,0,0,0,0,0,0,0,,,0.25239306012563567,0.7476069398743643,Toujours inscrit
5035128,3ème,"Banque, assurance, finance, immobilier",Collégien,Pays de la Loire,Loire-Atlantique (44),30,25,0,55,A,0,0,0,0,0,0,0,0,False,False,0.17217378562532054,0.8278262143746795,Toujours inscrit
9060392,Terminale,"Banque, assurance, finance, immobilier",Lycéen,Pays de la Loire,Loire-Atlantique (44),30,25,0,55,A,0,0,0,0,0,1,0,0,False,False,0.13387806411062225,0.8661219358893778,Toujours inscrit
5581155,Seconde Générale et Technologique,"Commerce, vente, marketing",Lycéen,Pays de la Loire,Loire-Atlantique (44),30,25,0,55,A,0,0,0,0,0,1,0,0,False,False,0.23244402813032358,0.7675559718696764,Toujours inscrit
6184468,(Vide),Economie,Etudiant,Pays de la Loire,Loire-Atlantique (44),30,20,5,55,A,1,1,1,0,0,1,0,0,False,False,0.17217378562532054,0.8278262143746795,Toujours inscrit
7227544,Première,"Architecture, géographie, aménagement",Lycéen,Pays de la Loire,Loire-Atlantique (44),30,25,0,55,A,0,0,0,0,0,1,0,0,False,False,0.17217378562532054,0.8278262143746795,Toujours inscrit
5429929,Terminale,Economie,Parent,Pays de la Loire,Loire-Atlantique (44),30,25,0,55,A,0,0,0,0,0,0,0,0,,,0.23244402813032358,0.7675559718696764,Toujours inscrit
5001866,Terminale,"Sciences de la vie (biologie, biotechnologies...)",_ETUDIANT / ÉLÈVE,Pays de la Loire,Loire-Atlantique (44),30,25,0,55,A,0,0,0,0,0,1,0,0,False,False,0.1648463296926594,0.8351536703073407,Toujours inscrit
8722296,Première,"Lettres, langues et sciences humaines",Lycéen,Pays de la Loire,Loire-Atlantique (44),30,25,0,55,A,0,0,0,0,0,40,0,0,True,True,0.08679762448606669,0.9132023755139334,Toujours inscrit
5417075,Terminale technologique,"Communication, information, journalisme",_ETUDIANT / ÉLÈVE,Pays de la Loire,Loire-Atlantique (44),30,25,0,55,A,0,0,0,0,0,0,0,0,,,0.13536394589123033,0.8646360541087696,Toujours inscrit
8277402,Première Pro,"Commerce, vente, marketing",_ETUDIANT / ÉLÈVE,Pays de la Loire,Loire-Atlantique (44),30,25,0,55,A,0,0,0,0,0,51,0,0,True,True,0.1324172235341406,0.8675827764658595,Toujours inscrit
5423900,Terminale,"International, études à l'étranger",_ETUDIANT / ÉLÈVE,Pays de la Loire,Loire-Atlantique (44),30,25,0,55,A,0,0,0,0,0,0,0,0,,,0.2632154077311843,0.7367845922688158,Toujours inscrit
5236901,Terminale,"Commerce, vente, marketing",Parent,Pays de la Loire,Loire-Atlantique (44),30,25,0,55,A,0,0,0,0,0,0,0,0,,,0.207726655018443,0.792273344981557,Toujours inscrit
7619271,CAP/BEP,"Commerce, vente, marketing",_ETUDIANT / ÉLÈVE,Pays de la Loire,Loire-Atlantique (44),30,25,0,55,A,0,0,0,0,0,2,0,0,False,False,0.1324172235341406,0.8675827764658595,Toujours inscrit
9015362,3ème,Luxe,Collégien,Pays de la Loire,Loire-Atlantique (44),30,25,0,55,A,0,0,0,0,0,1,0,0,False,False,0.11971411554496725,0.8802858844550328,Toujours inscrit
5385441,Terminale,"Santé, paramédical",_ETUDIANT / ÉLÈVE,Pays de la Loire,Loire-Atlantique (44),30,25,0,55,A,0,0,0,0,0,0,0,0,,,0.13536394589123033,0.8646360541087696,Toujours inscrit
5171237,Bac+3,"Sciences de la matière (chimie, physique, matériaux, optique…)",_ETUDIANT / ÉLÈVE,Pays de la Loire,Loire-Atlantique (44),30,25,0,55,A,0,0,0,0,0,0,0,0,False,False,0.09566211910791601,0.904337880892084,Toujours inscrit
5752832,Bac+3,"Education, formation",Etudiant,Pays de la Loire,Loire-Atlantique (44),30,25,0,55,A,0,0,0,0,0,0,0,0,True,True,0.23244402813032358,0.7675559718696764,Toujours inscrit
5387681,Première,"Communication, information, journalisme",Parent,Pays de la Loire,Loire-Atlantique (44),30,25,0,55,A,0,0,0,0,0,0,0,0,,,0.14153965634404428,0.8584603436559557,Toujours inscrit
5315563,Terminale,"Droit, science politique, administration publique",_ETUDIANT / ÉLÈVE,Pays de la Loire,Loire-Atlantique (44),30,25,0,55,A,0,0,0,0,0,0,0,0,,,0.2488021502863153,0.7511978497136848,Toujours inscrit
5412217,Première,Technologie industrielle,Parent,Pays de la Loire,Loire-Atlantique (44),30,25,0,55,A,0,0,0,0,0,0,0,0,,,0.23244402813032358,0.7675559718696764,Toujours inscrit
5280184,Bac +5 et au delà,"International, études à l'étranger",Etudiant,Pays de la Loire,Loire-Atlantique (44),30,25,0,55,A,0,0,0,0,0,0,0,0,False,True,0.23244402813032358,0.7675559718696764,Toujours inscrit
5412507,Terminale,"Droit, science politique, administration publique",Parent,Pays de la Loire,Loire-Atlantique (44),30,25,0,55,A,0,0,0,0,0,0,0,0,,,0.146924466163816,0.853075533836184,Toujours inscrit
9060392,Terminale,"Droit, science politique, administration publique",_ETUDIANT / ÉLÈVE,Pays de la Loire,Loire-Atlantique (44),30,25,0,55,A,0,0,0,0,0,1,0,0,False,False,0.13387806411062225,0.8661219358893778,Toujours inscrit
5388446,Première,"Sciences de la Terre (environnement, agriculture, agronomie ...)",_ETUDIANT / ÉLÈVE,Pays de la Loire,Loire-Atlantique (44),30,25,0,55,A,0,0,0,0,0,0,0,0,,,0.24259931489339945,0.7574006851066005,Toujours inscrit
5262385,Seconde Générale et Technologique,"Digital, Informatique, multimédia",_ETUDIANT / ÉLÈVE,Pays de la Loire,Loire-Atlantique (44),30,25,0,55,A,0,0,0,0,0,0,0,0,,,0.1690830010873505,0.8309169989126495,Toujours inscrit
5113441,Terminale,"Sciences de la matière (chimie, physique, matériaux, optique…)","En recherche d'emploi, de stage / Jeune diplômé",Pays de la Loire,Loire-Atlantique (44),30,25,0,55,A,0,0,0,0,0,0,0,0,False,False,0.23244402813032358,0.7675559718696764,Toujours inscrit
5554279,Bac+4,"Education, formation",_ETUDIANT / ÉLÈVE,Centre-Val de Loire,Loiret (45),30,25,0,55,A,0,0,0,0,0,1,0,0,False,False,0.1850961861164436,0.8149038138835564,Toujours inscrit
5667931,Bac+2,"Arts, audiovisuel, culture","En recherche d'emploi, de stage / Jeune diplômé",Centre-Val de Loire,Loiret (45),30,25,0,55,A,0,0,0,0,0,1,0,0,False,False,0.1286653517422748,0.8713346482577252,Toujours inscrit
5478512,Bac+2,"Commerce, vente, marketing",Etudiant,Centre-Val de Loire,Loiret (45),30,25,0,55,A,0,0,0,0,0,0,0,0,,,0.1850961861164436,0.8149038138835564,Toujours inscrit
5114834,4ème,"Commerce, vente, marketing",_ETUDIANT / ÉLÈVE,Centre-Val de Loire,Loiret (45),30,25,0,55,A,0,0,0,0,0,5,0,0,True,True,0.15424413904607923,0.8457558609539207,Toujours inscrit
6998899,3ème,"Commerce, vente, marketing",Collégien,Centre-Val de Loire,Loiret (45),30,25,0,55,A,0,0,0,0,0,1,0,0,False,False,0.1850961861164436,0.8149038138835564,Toujours inscrit
8042271,Bac +5 et au delà,"Sciences de la matière (chimie, physique, matériaux, optique…)",Parent,Centre-Val de Loire,Loiret (45),30,25,0,55,A,0,0,0,0,0,1,0,0,False,False,0.2090625,0.7909375,Toujours inscrit
5168781,3ème,"Commerce, vente, marketing",_ETUDIANT / ÉLÈVE,Centre-Val de Loire,Loiret (45),30,25,0,55,A,0,0,0,0,0,0,0,0,False,False,0.1850961861164436,0.8149038138835564,Toujours inscrit
8496738,Bac+2,"Action sociale, animation, sciences sociales",Etudiant,Centre-Val de Loire,Loiret (45),30,25,0,55,A,0,0,0,0,0,1,0,0,False,False,0.1850961861164436,0.8149038138835564,Toujours inscrit
6670545,Bac +5 et au delà,"Communication, information, journalisme",_ETUDIANT / ÉLÈVE,Pays de la Loire,Maine-et-Loire (49),30,25,0,55,A,0,0,0,0,0,1,0,0,False,False,0.16127497621313036,0.8387250237868696,Toujours inscrit
5037058,5ème,Economie,_ETUDIANT / ÉLÈVE,Pays de la Loire,Maine-et-Loire (49),30,25,0,55,A,0,0,0,0,0,0,0,0,False,False,0.16127497621313036,0.8387250237868696,Toujours inscrit
8505398,Terminale,"Action sociale, animation, sciences sociales",Lycéen,Pays de la Loire,Maine-et-Loire (49),30,25,0,55,A,0,0,0,0,0,2,0,0,False,False,0.13686131386861314,0.8631386861313869,Toujours inscrit
5295168,Bac+3,"Santé, paramédical",_ETUDIANT / ÉLÈVE,Pays de la Loire,Maine-et-Loire (49),30,25,0,55,A,0,0,0,0,0,1,0,0,False,False,0.10592472802117024,0.8940752719788297,Toujours inscrit
5027966,Bac+2,Economie,_ETUDIANT / ÉLÈVE,Pays de la Loire,Maine-et-Loire (49),30,25,0,55,A,0,0,0,0,0,0,0,0,False,False,0.16127497621313036,0.8387250237868696,Toujours inscrit
5239053,Terminale,"Communication, information, journalisme",_ETUDIANT / ÉLÈVE,Pays de la Loire,Maine-et-Loire (49),30,25,0,55,A,0,0,0,0,0,0,0,0,False,False,0.13686131386861314,0.8631386861313869,Toujours inscrit
7388749,Première technologique,"Sciences de la vie (biologie, biotechnologies...)",Lycéen,Pays de la Loire,Maine-et-Loire (49),30,25,0,55,A,0,0,0,0,0,2,0,0,False,False,0.09149011717363001,0.90850988282637,Toujours inscrit
5351559,Terminale Pro,"Génie civil, bâtiment",_ETUDIANT / ÉLÈVE,Normandie,Manche (50),30,25,0,55,A,0,0,0,0,0,0,0,0,,,0.12348937352410057,0.8765106264758994,Toujours inscrit
5040017,Bac+1,Economie,Etudiant,Normandie,Manche (50),30,25,0,55,A,0,0,0,0,0,0,0,0,False,False,,,Toujours inscrit
5289472,Bac+2,"Tourisme, hôtellerie, restauration",_ETUDIANT / ÉLÈVE,Normandie,Manche (50),30,25,0,55,A,0,0,0,0,0,0,0,0,True,True,0.12938928258619317,0.8706107174138068,Toujours inscrit
5269690,Seconde Pro,"Commerce, vente, marketing",Lycéen,Normandie,Manche (50),30,25,0,55,A,0,0,0,0,0,0,0,0,False,False,0.1293401549008109,0.8706598450991891,Toujours inscrit
5139974,Première,"Droit, science politique, administration publique",Lycéen,Normandie,Manche (50),30,25,0,55,A,0,0,0,0,0,0,0,0,False,False,0.12348937352410057,0.8765106264758994,Toujours inscrit
5237888,Seconde Générale et Technologique,"Tourisme, hôtellerie, restauration",Lycéen,Bretagne,Morbihan (56),30,25,0,55,A,0,0,0,0,0,0,0,0,,,0.13028522287516126,0.8697147771248388,Toujours inscrit
6673128,Bac +5 et au delà,"Armée, défense, sécurité",_ETUDIANT / ÉLÈVE,Bretagne,Morbihan (56),30,25,0,55,A,0,0,0,0,0,1,0,0,False,False,0.11790878754171301,0.882091212458287,Toujours inscrit
7474721,Bac+2,"Action sociale, animation, sciences sociales",_ETUDIANT / ÉLÈVE,Bretagne,Morbihan (56),30,25,0,55,A,0,0,0,0,0,1,0,0,False,False,0.08929001203369434,0.9107099879663056,Toujours inscrit
5679086,Bac +5 et au delà,Sport,_ETUDIANT / ÉLÈVE,Bretagne,Morbihan (56),30,25,0,55,A,0,0,0,0,0,1,0,0,False,False,0.13729645326790096,0.862703546732099,Toujours inscrit
5005768,3ème,"Commerce, vente, marketing",Collégien,Bretagne,Morbihan (56),30,25,0,55,A,0,0,0,0,0,8,0,0,True,True,0.14780835881753313,0.8521916411824668,Toujours inscrit
7458671,4ème,"Vétérinaire, soins aux animaux",_ETUDIANT / ÉLÈVE,Bretagne,Morbihan (56),30,25,0,55,A,0,0,0,0,0,46,0,0,True,True,0.09646539027982327,0.9035346097201767,Toujours inscrit
7467638,Bac+4,"Banque, assurance, finance, immobilier",Etudiant,Bretagne,Morbihan (56),30,25,0,55,A,0,0,0,0,0,2,0,0,False,False,0.17536746071971618,0.8246325392802838,Toujours inscrit
5093594,3ème,"Commerce, vente, marketing",_ETUDIANT / ÉLÈVE,Bretagne,Morbihan (56),30,25,0,55,A,0,0,0,0,0,165,0,0,True,True,0.13283208020050125,0.8671679197994987,Toujours inscrit
6670594,CAP/BEP,"Commerce, vente, marketing",Etudiant,Bretagne,Morbihan (56),30,25,0,55,A,0,0,0,0,0,1,0,0,False,False,0.1762607355208104,0.8237392644791897,Toujours inscrit
5111715,Bac+4,"Mécanique, aéronautique, automobile",_ETUDIANT / ÉLÈVE,Bretagne,Morbihan (56),30,25,0,55,A,0,0,0,0,0,0,0,0,False,False,0.1450922172100725,0.8549077827899275,Toujours inscrit
7742402,Terminale technologique,Je ne sais pas quoi faire,_ETUDIANT / ÉLÈVE,Bretagne,Morbihan (56),30,15,10,55,A,1,1,1,2,0,2,0,0,False,False,0.1279450772351381,0.872054922764862,Toujours inscrit
8014123,Terminale,"Santé, paramédical",_ETUDIANT / ÉLÈVE,Bretagne,Morbihan (56),30,25,0,55,A,0,0,0,0,0,1,0,0,False,False,0.13198263386396528,0.8680173661360348,Toujours inscrit
5747286,Terminale,"Education, formation",Lycéen,Bretagne,Morbihan (56),30,25,0,55,A,0,0,0,0,0,1,0,0,False,False,0.13283208020050125,0.8671679197994987,Toujours inscrit
5026547,Terminale Générale Agricole,"Commerce, vente, marketing",_ETUDIANT / ÉLÈVE,Bretagne,Morbihan (56),30,25,0,55,A,0,0,0,0,0,0,0,0,False,False,0.26348467209934034,0.7365153279006597,Toujours inscrit
5249798,Seconde Générale et Technologique,"Lettres, langues et sciences humaines",Parent,Bretagne,Morbihan (56),30,25,0,55,A,0,0,0,0,0,0,0,0,,,0.13126434005554885,0.8687356599444511,Toujours inscrit
5259990,Première,Economie,Parent,Bretagne,Morbihan (56),30,25,0,55,A,0,0,0,0,0,0,0,0,,,0.17536746071971618,0.8246325392802838,Toujours inscrit
5321232,Terminale,"Banque, assurance, finance, immobilier",Lycéen,Grand Est,Moselle (57),30,25,0,55,A,0,0,0,0,0,0,0,0,,,0.09748010610079576,0.9025198938992043,Toujours inscrit
8338669,Terminale,"Comptabilité, gestion, ressources humaines",_ETUDIANT / ÉLÈVE,Grand Est,Moselle (57),30,25,0,55,A,0,0,0,0,0,2,0,0,False,False,0.09467455621301775,0.9053254437869822,Toujours inscrit
8317415,3ème,"Action sociale, animation, sciences sociales",_ETUDIANT / ÉLÈVE,Grand Est,Moselle (57),30,25,0,55,A,0,0,0,0,0,6,0,0,False,True,0.10251974860174133,0.8974802513982587,Toujours inscrit
5023914,Bac+1,"Sciences de la matière (chimie, physique, matériaux, optique…)",Etudiant,Grand Est,Moselle (57),30,25,0,55,A,0,0,0,0,0,0,0,0,False,True,0.15526336103749067,0.8447366389625093,Toujours inscrit
8416751,Bac+1,"Secretariat, assistant de gestion",Etudiant,Grand Est,Moselle (57),30,25,0,55,A,0,0,0,0,0,2,0,0,False,,0.08024207105233666,0.9197579289476634,Toujours inscrit
9093645,4ème,"Digital, Informatique, multimédia",Collégien,Grand Est,Moselle (57),30,25,0,55,A,0,0,0,0,0,2,0,0,False,False,0.09124140956280158,0.9087585904371984,Toujours inscrit
8386195,Première,"International, études à l'étranger",Lycéen,Grand Est,Moselle (57),30,25,0,55,A,0,0,0,0,0,1,0,0,False,False,0.15526336103749067,0.8447366389625093,Toujours inscrit
6413741,Bac+2,(Vide),_ETUDIANT / ÉLÈVE,Hauts-de-France,Nord (59),30,10,15,55,A,1,0,1,10,0,10,0,0,True,True,0.21324309428281882,0.7867569057171812,Toujours inscrit
5164283,Bac+2,"Arts, audiovisuel, culture",_ETUDIANT / ÉLÈVE,Hauts-de-France,Nord (59),30,25,0,55,A,0,0,0,0,0,0,0,0,False,False,0.09711599066487232,0.9028840093351277,Toujours inscrit
5049726,Terminale technologique,"Armée, défense, sécurité",_ETUDIANT / ÉLÈVE,Hauts-de-France,Nord (59),30,25,0,55,A,0,0,0,0,0,0,0,0,True,True,0.11709132550815918,0.8829086744918409,Toujours inscrit
7408401,Seconde Pro,"Banque, assurance, finance, immobilier",Parent,Hauts-de-France,Nord (59),30,25,0,55,A,0,0,0,0,0,2,0,0,False,False,0.21324309428281882,0.7867569057171812,Toujours inscrit
5594148,Bac+2,"Commerce, vente, marketing",Etudiant,Hauts-de-France,Nord (59),30,25,0,55,A,0,0,0,0,0,0,0,0,,,0.21324309428281882,0.7867569057171812,Toujours inscrit
6216405,Seconde Générale et Technologique,"Arts, audiovisuel, culture",_ETUDIANT / ÉLÈVE,Hauts-de-France,Nord (59),30,25,0,55,A,0,0,0,0,0,0,0,0,True,True,0.12757722890718456,0.8724227710928154,Toujours inscrit
6628204,4ème,"Arts, audiovisuel, culture",Etudiant,Hauts-de-France,Nord (59),30,25,0,55,A,0,0,0,0,0,1,0,0,False,False,0.21324309428281882,0.7867569057171812,Toujours inscrit
5202607,Terminale technologique,"Armée, défense, sécurité",_ETUDIANT / ÉLÈVE,Hauts-de-France,Nord (59),30,25,0,55,A,0,0,0,0,0,0,0,0,True,True,0.22774659182036888,0.7722534081796311,Toujours inscrit
5212952,Terminale,"Tourisme, hôtellerie, restauration",_ETUDIANT / ÉLÈVE,Hauts-de-France,Nord (59),30,25,0,55,A,0,0,0,0,0,0,0,0,,,0.137374239224941,0.862625760775059,Toujours inscrit
8513687,3ème,(Vide),_ETUDIANT / ÉLÈVE,Hauts-de-France,Nord (59),30,10,15,55,A,1,0,1,9,0,27,0,0,True,True,0.15266245143597165,0.8473375485640283,Toujours inscrit
5215606,Seconde Générale et Technologique,"Sciences de la matière (chimie, physique, matériaux, optique…)",Parent,Hauts-de-France,Nord (59),30,25,0,55,A,0,0,0,0,0,0,0,0,,,0.09711599066487232,0.9028840093351277,Toujours inscrit
6893996,Terminale,(Vide),Parent,Hauts-de-France,Nord (59),30,15,10,55,A,1,1,3,0,0,1,0,0,False,False,0.15465587044534412,0.8453441295546559,Toujours inscrit
5595633,Bac+1,"Tourisme, hôtellerie, restauration",_ETUDIANT / ÉLÈVE,Hauts-de-France,Nord (59),30,25,0,55,A,0,0,0,0,0,0,0,0,,,0.16871269287081878,0.8312873071291812,Toujours inscrit
5093830,Première,"Armée, défense, sécurité",_ETUDIANT / ÉLÈVE,Hauts-de-France,Nord (59),30,25,0,55,A,0,0,0,0,0,0,0,0,True,True,0.09711599066487232,0.9028840093351277,Toujours inscrit
5700289,Bac+4,Sport,_ETUDIANT / ÉLÈVE,Hauts-de-France,Nord (59),30,25,0,55,A,0,0,0,0,0,1,0,0,False,False,0.08470178553139189,0.9152982144686082,Toujours inscrit
7545967,Bac+3,"Electronique, automatique",Etudiant,Hauts-de-France,Nord (59),30,25,0,55,A,0,0,0,0,0,2,0,0,False,False,0.2135855000235084,0.7864144999764916,Toujours inscrit
5213155,Première,"Mécanique, aéronautique, automobile",Lycéen,Hauts-de-France,Nord (59),30,25,0,55,A,0,0,0,0,0,0,0,0,,,0.12704918032786885,0.8729508196721312,Toujours inscrit
6888340,Seconde Générale et Technologique,(Vide),Parent,Hauts-de-France,Nord (59),30,15,10,55,A,1,1,3,0,0,1,0,0,False,False,0.24876911116869654,0.7512308888313034,Toujours inscrit
5996073,Terminale,"Education, formation",_ETUDIANT / ÉLÈVE,Hauts-de-France,Nord (59),30,25,0,55,A,0,0,0,0,0,2,0,0,False,False,0.0702276993389374,0.9297723006610626,Toujours inscrit
5585108,Terminale technologique,"Génie civil, bâtiment",Lycéen,Hauts-de-France,Nord (59),30,25,0,55,A,0,0,0,0,0,0,0,0,True,True,0.18345864661654135,0.8165413533834587,Toujours inscrit
5561694,Terminale,"Lettres, langues et sciences humaines",_ETUDIANT / ÉLÈVE,Hauts-de-France,Nord (59),30,25,0,55,A,0,0,0,0,0,0,0,0,,,0.09711599066487232,0.9028840093351277,Toujours inscrit
8160137,Première,"Commerce, vente, marketing",Lycéen,Hauts-de-France,Nord (59),30,25,0,55,A,0,0,0,0,0,2,0,0,True,True,0.21324309428281882,0.7867569057171812,Toujours inscrit
5410894,Terminale technologique,"Sciences de la vie (biologie, biotechnologies...)",Lycéen,Hauts-de-France,Nord (59),30,25,0,55,A,0,0,0,0,0,0,0,0,,,0.11187026347822672,0.8881297365217733,Toujours inscrit
5592606,Bac+3,"Action sociale, animation, sciences sociales",_ETUDIANT / ÉLÈVE,Hauts-de-France,Nord (59),30,25,0,55,A,0,0,0,0,0,33,0,0,True,True,0.21324309428281882,0.7867569057171812,Toujours inscrit
5109082,Bac+4,"Génie civil, bâtiment",_ETUDIANT / ÉLÈVE,Hauts-de-France,Nord (59),30,25,0,55,A,0,0,0,0,0,0,0,0,False,False,0.09908347783007183,0.9009165221699281,Toujours inscrit
6372964,3ème,"Droit, science politique, administration publique",Collégien,Hauts-de-France,Nord (59),30,25,0,55,A,0,0,0,0,0,1,0,0,False,False,0.11187026347822672,0.8881297365217733,Toujours inscrit
5214616,Terminale,Economie,_ETUDIANT / ÉLÈVE,Hauts-de-France,Nord (59),30,25,0,55,A,0,0,0,0,0,0,0,0,,,0.15645246946362187,0.8435475305363781,Toujours inscrit
6101686,Première,Je ne sais pas quoi faire,_ETUDIANT / ÉLÈVE,Hauts-de-France,Nord (59),30,15,10,55,A,1,1,2,0,0,0,0,0,,,0.11608736296422198,0.883912637035778,Toujours inscrit
5263963,CAP/BEP,"Tourisme, hôtellerie, restauration",Lycéen,Hauts-de-France,Nord (59),30,25,0,55,A,0,0,0,0,0,151,0,0,True,False,0.08102909353209906,0.9189709064679009,Toujours inscrit
5281535,Bac+3,"Lettres, langues et sciences humaines","En recherche d'emploi, de stage / Jeune diplômé",Hauts-de-France,Nord (59),30,25,0,55,A,0,0,0,0,0,1,0,0,False,False,0.213795729474825,0.786204270525175,Toujours inscrit
6517570,Première,"Communication, information, journalisme",_ETUDIANT / ÉLÈVE,Hauts-de-France,Nord (59),30,25,0,55,A,0,0,0,0,0,1,0,0,False,False,0.10699068662569285,0.8930093133743071,Toujours inscrit
6721160,CAP/BEP,"Sciences de la vie (biologie, biotechnologies...)","En recherche d'emploi, de stage / Jeune diplômé",Hauts-de-France,Nord (59),30,25,0,55,A,0,0,0,0,0,0,0,0,False,False,0.10040160642570281,0.8995983935742972,Toujours inscrit
9044341,Terminale,"Sciences de la vie (biologie, biotechnologies...)",_ETUDIANT / ÉLÈVE,Hauts-de-France,Nord (59),30,25,0,55,A,0,0,0,0,0,1,0,0,False,False,0.06125574272588055,0.9387442572741195,Toujours inscrit
5615444,Première,Luxe,_ETUDIANT / ÉLÈVE,Hauts-de-France,Nord (59),30,25,0,55,A,0,0,0,0,0,0,0,0,,,0.21324309428281882,0.7867569057171812,Toujours inscrit
5492965,Première,"Commerce, vente, marketing",Lycéen,Hauts-de-France,Nord (59),30,25,0,55,A,0,0,0,0,0,0,0,0,,,0.36555674901539564,0.6344432509846044,Toujours inscrit
5121043,Terminale Pro,"Lettres, langues et sciences humaines","En recherche d'emploi, de stage / Jeune diplômé",Hauts-de-France,Nord (59),30,25,0,55,A,0,0,0,0,0,0,0,0,False,False,0.15645246946362187,0.8435475305363781,Toujours inscrit
5209217,Terminale,"Sciences de la Terre (environnement, agriculture, agronomie ...)",_ETUDIANT / ÉLÈVE,Hauts-de-France,Nord (59),30,25,0,55,A,0,0,0,0,0,1,0,0,,,0.36555674901539564,0.6344432509846044,Toujours inscrit
5051007,Bac+1,"Digital, Informatique, multimédia",_ETUDIANT / ÉLÈVE,Hauts-de-France,Nord (59),30,25,0,55,A,0,0,0,0,0,0,0,0,False,False,0.21324309428281882,0.7867569057171812,Toujours inscrit
5594237,Bac+2,"Action sociale, animation, sciences sociales",_ETUDIANT / ÉLÈVE,Hauts-de-France,Nord (59),30,25,0,55,A,0,0,0,0,0,0,0,0,,,0.21324309428281882,0.7867569057171812,Toujours inscrit
8408614,Bac+2,"Action sociale, animation, sciences sociales","En recherche d'emploi, de stage / Jeune diplômé",Hauts-de-France,Nord (59),30,25,0,55,A,0,0,0,0,0,2,0,0,False,False,0.21324309428281882,0.7867569057171812,Toujours inscrit
5271618,Terminale,"International, études à l'étranger",_ETUDIANT / ÉLÈVE,Hauts-de-France,Nord (59),30,25,0,55,A,0,0,0,0,0,0,0,0,False,False,0.11187026347822672,0.8881297365217733,Toujours inscrit
8528347,Terminale,"Digital, Informatique, multimédia",Lycéen,Hauts-de-France,Nord (59),30,25,0,55,A,0,0,0,0,0,2,0,0,False,False,0.07271616254201038,0.9272838374579896,Toujours inscrit
7278405,Bac+1,"Communication, information, journalisme",_ETUDIANT / ÉLÈVE,Hauts-de-France,Nord (59),30,25,0,55,A,0,0,0,0,0,2,0,0,False,False,0.14875239923224567,0.8512476007677543,Toujours inscrit
5798642,3ème,"Sciences de la vie (biologie, biotechnologies...)",Collégien,Hauts-de-France,Nord (59),30,25,0,55,A,0,0,0,0,0,1,0,0,False,False,0.2204585537918871,0.7795414462081128,Toujours inscrit
7343884,Bac+2,"Digital, Informatique, multimédia",Etudiant,Hauts-de-France,Nord (59),30,25,0,55,A,0,0,0,0,0,1,0,0,False,False,0.07372049854150092,0.926279501458499,Toujours inscrit
5610575,Bac+1,"Digital, Informatique, multimédia",Parent,Hauts-de-France,Nord (59),30,25,0,55,A,0,0,0,0,0,0,0,0,,,0.2135855000235084,0.7864144999764916,Toujours inscrit
5409498,Première,"Arts, audiovisuel, culture",Lycéen,Hauts-de-France,Nord (59),30,25,0,55,A,0,0,0,0,0,1,0,0,False,False,0.10616972306778528,0.8938302769322147,Toujours inscrit
7254057,Bac+1,"Commerce, vente, marketing",Etudiant,Hauts-de-France,Nord (59),30,25,0,55,A,0,0,0,0,0,3,0,0,False,False,0.04999229702665229,0.9500077029733477,Toujours inscrit
6693848,4ème,"Santé, paramédical",Collégien,Hauts-de-France,Nord (59),30,25,0,55,A,0,0,0,0,0,1,0,0,False,False,0.04999229702665229,0.9500077029733477,Toujours inscrit
5842903,Terminale,"Banque, assurance, finance, immobilier",_ETUDIANT / ÉLÈVE,Hauts-de-France,Nord (59),30,25,0,55,A,0,0,0,0,0,1,0,0,False,False,0.21324309428281882,0.7867569057171812,Toujours inscrit
8942808,Bac+3,"Architecture, géographie, aménagement",Etudiant,Hauts-de-France,Nord (59),30,25,0,55,A,0,0,0,0,0,1,0,0,False,False,0.16123336049986417,0.8387666395001359,Toujours inscrit
8917636,Seconde Générale et Technologique,Je ne sais pas quoi faire,Parent,Hauts-de-France,Nord (59),30,10,15,55,A,1,0,1,1,1,1,0,0,False,False,0.18839634941329855,0.8116036505867015,Toujours inscrit
5020639,5ème,"Arts, audiovisuel, culture",_ETUDIANT / ÉLÈVE,Hauts-de-France,Nord (59),30,25,0,55,A,0,0,0,0,0,0,0,0,False,True,0.21324309428281882,0.7867569057171812,Toujours inscrit
5797200,Bac+1,"Electronique, automatique",Etudiant,Hauts-de-France,Nord (59),30,25,0,55,A,0,0,0,0,0,1,0,0,False,False,0.12474437627811862,0.8752556237218814,Toujours inscrit
5545143,Première technologique,"Energie, électricité",Parent,Hauts-de-France,Nord (59),30,25,0,55,A,0,0,0,0,0,0,0,0,True,True,0.09711599066487232,0.9028840093351277,Toujours inscrit
7510325,3ème,"Santé, paramédical",_ETUDIANT / ÉLÈVE,Hauts-de-France,Nord (59),30,25,0,55,A,0,0,0,0,0,2,0,0,False,False,0.09711599066487232,0.9028840093351277,Toujours inscrit
5367392,Bac+2,"Santé, paramédical",_ETUDIANT / ÉLÈVE,Hauts-de-France,Nord (59),30,25,0,55,A,0,0,0,0,0,1,0,0,False,False,0.0638930163447251,0.9361069836552749,Toujours inscrit
7235214,Première,Je ne sais pas quoi faire,Lycéen,Hauts-de-France,Nord (59),30,15,10,55,A,1,1,2,0,0,3,0,0,False,False,0.11187026347822672,0.8881297365217733,Toujours inscrit
5170354,Bac+3,"Banque, assurance, finance, immobilier","En recherche d'emploi, de stage / Jeune diplômé",Hauts-de-France,Nord (59),30,25,0,55,A,0,0,0,0,0,0,0,0,False,False,0.09711599066487232,0.9028840093351277,Toujours inscrit
7398415,Première,"Commerce, vente, marketing",_ETUDIANT / ÉLÈVE,Hauts-de-France,Nord (59),30,25,0,55,A,0,0,0,0,0,2,0,0,False,False,0.2781159420289855,0.7218840579710145,Toujours inscrit
5081907,Bac+3,Economie,_ETUDIANT / ÉLÈVE,Hauts-de-France,Nord (59),30,25,0,55,A,0,0,0,0,0,0,0,0,False,False,0.21324309428281882,0.7867569057171812,Toujours inscrit
5193185,Bac +5 et au delà,"Mécanique, aéronautique, automobile",_ETUDIANT / ÉLÈVE,Hauts-de-France,Nord (59),30,25,0,55,A,0,0,0,0,0,0,0,0,,,0.11477230655312846,0.8852276934468716,Toujours inscrit
5631304,5ème,Luxe,Collégien,Hauts-de-France,Oise (60),30,25,0,55,A,0,0,0,0,0,0,0,0,True,True,0.09295371814872595,0.907046281851274,Toujours inscrit
7600875,Bac+3,"Droit, science politique, administration publique","En recherche d'emploi, de stage / Jeune diplômé",Hauts-de-France,Oise (60),30,25,0,55,A,0,0,0,0,0,2,0,0,False,False,0.1256135833266275,0.8743864166733725,Toujours inscrit
5122192,Bac+1,"Arts, audiovisuel, culture",_ETUDIANT / ÉLÈVE,Hauts-de-France,Oise (60),30,25,0,55,A,0,0,0,0,0,0,0,0,False,False,0.1256135833266275,0.8743864166733725,Toujours inscrit
5589046,Bac+2,"Commerce, vente, marketing",Etudiant,Hauts-de-France,Oise (60),30,25,0,55,A,0,0,0,0,0,1,0,0,False,False,0.09295371814872595,0.907046281851274,Toujours inscrit
8379415,Terminale,"International, études à l'étranger",Lycéen,Hauts-de-France,Oise (60),30,25,0,55,A,0,0,0,0,0,1,0,0,False,False,0.18143691451416924,0.8185630854858308,Toujours inscrit
6589690,Bac+2,"Digital, Informatique, multimédia","En recherche d'emploi, de stage / Jeune diplômé",Hauts-de-France,Oise (60),30,25,0,55,A,0,0,0,0,0,1,0,0,False,False,0.1256135833266275,0.8743864166733725,Toujours inscrit
9102383,Terminale,"Santé, paramédical",Lycéen,Hauts-de-France,Oise (60),30,25,0,55,A,0,0,0,0,0,0,0,0,True,True,0.10269735214055926,0.8973026478594407,Toujours inscrit
6525389,3ème,Luxe,_ETUDIANT / ÉLÈVE,Hauts-de-France,Oise (60),30,25,0,55,A,0,0,0,0,0,1,0,0,False,False,0.13096021818865794,0.869039781811342,Toujours inscrit
6628702,Seconde Générale et Technologique,"Sciences de la vie (biologie, biotechnologies...)",_ETUDIANT / ÉLÈVE,Hauts-de-France,Oise (60),30,25,0,55,A,0,0,0,0,0,1,0,0,False,False,0.07961488613219773,0.9203851138678023,Toujours inscrit
5226375,Seconde Générale et Technologique,"Sciences de la vie (biologie, biotechnologies...)",Lycéen,Hauts-de-France,Oise (60),30,25,0,55,A,0,0,0,0,0,0,0,0,False,False,0.153184165232358,0.846815834767642,Toujours inscrit
7982960,Bac +5 et au delà,"Comptabilité, gestion, ressources humaines",_ETUDIANT / ÉLÈVE,Hauts-de-France,Oise (60),30,25,0,55,A,0,0,0,0,0,2,0,0,False,False,0.09410729991204925,0.9058927000879508,Toujours inscrit
5021296,6ème,"Lettres, langues et sciences humaines",_ETUDIANT / ÉLÈVE,Île-de-France,Paris (75),30,25,0,55,A,0,0,0,0,0,0,0,0,False,False,0.47446373850868234,0.5255362614913177,Toujours inscrit
6676779,Bac +5 et au delà,"Communication, information, journalisme",Etudiant,Île-de-France,Paris (75),30,25,0,55,A,0,0,0,0,0,1,0,0,False,False,0.4251233327242828,0.5748766672757172,Toujours inscrit
4999622,Bac +5 et au delà,Economie,Etudiant,Île-de-France,Paris (75),30,25,0,55,A,0,0,0,0,0,0,0,0,False,False,0.3553023737555222,0.6446976262444778,Toujours inscrit
5643877,Bac +5 et au delà,Economie,_ETUDIANT / ÉLÈVE,Île-de-France,Paris (75),30,25,0,55,A,0,0,0,0,0,1,0,0,False,False,0.47446373850868234,0.5255362614913177,Toujours inscrit
5169279,Seconde Pro,Economie,Lycéen,Île-de-France,Paris (75),30,25,0,55,A,0,0,0,0,0,0,0,0,True,True,0.3368189898567395,0.6631810101432605,Toujours inscrit
5003977,Terminale Pro,Economie,Parent,Île-de-France,Paris (75),30,25,0,55,A,0,0,0,0,0,0,0,0,False,False,,,Toujours inscrit
5876202,Première,"Digital, Informatique, multimédia",_ETUDIANT / ÉLÈVE,Île-de-France,Paris (75),30,25,0,55,A,0,0,0,0,0,0,0,0,True,True,0.3368189898567395,0.6631810101432605,Toujours inscrit
8644351,Première,"International, études à l'étranger",Lycéen,Île-de-France,Paris (75),30,25,0,55,A,0,0,0,0,0,0,0,0,False,False,0.4322079396718236,0.5677920603281764,Toujours inscrit
5045757,Bac+3,Economie,_ETUDIANT / ÉLÈVE,Île-de-France,Paris (75),30,25,0,55,A,0,0,0,0,0,0,0,0,False,False,0.4322079396718236,0.5677920603281764,Toujours inscrit
6574183,Bac+2,Luxe,"En recherche d'emploi, de stage / Jeune diplômé",Île-de-France,Paris (75),30,25,0,55,A,0,0,0,0,0,1,0,0,False,False,0.4247853565466253,0.5752146434533747,Toujours inscrit
7067558,Terminale,"Lettres, langues et sciences humaines",Lycéen,Île-de-France,Paris (75),30,25,0,55,A,0,0,0,0,0,2,0,0,False,False,0.4814926498303807,0.5185073501696194,Toujours inscrit
5307947,Seconde Générale et Technologique,"Digital, Informatique, multimédia",_ETUDIANT / ÉLÈVE,Île-de-France,Paris (75),30,25,0,55,A,0,0,0,0,0,1,0,0,False,False,0.47446373850868234,0.5255362614913177,Toujours inscrit
6898085,Seconde Générale et Technologique,(Vide),_ETUDIANT / ÉLÈVE,Île-de-France,Paris (75),30,10,15,55,A,1,0,1,111,0,117,0,0,True,False,0.4487578747176988,0.5512421252823012,Toujours inscrit
5081972,Bac +5 et au delà,"Sciences de la vie (biologie, biotechnologies...)",_ETUDIANT / ÉLÈVE,Île-de-France,Paris (75),30,25,0,55,A,0,0,0,0,0,0,0,0,False,False,0.4317053710158317,0.5682946289841683,Toujours inscrit
5442448,5ème,"Droit, science politique, administration publique",_ETUDIANT / ÉLÈVE,Île-de-France,Paris (75),30,25,0,55,A,0,0,0,0,0,0,0,0,,,0.4322079396718236,0.5677920603281764,Toujours inscrit
6514386,Bac+4,"Communication, information, journalisme",_ETUDIANT / ÉLÈVE,Île-de-France,Paris (75),30,25,0,55,A,0,0,0,0,0,1,0,0,False,False,0.4322079396718236,0.5677920603281764,Toujours inscrit
8237662,3ème,"Cosmétique, esthétique, soins personnels",_ETUDIANT / ÉLÈVE,Île-de-France,Paris (75),30,25,0,55,A,0,0,0,0,0,24,0,0,True,True,0.4322079396718236,0.5677920603281764,Toujours inscrit
5153298,Bac+3,"Commerce, vente, marketing",_ETUDIANT / ÉLÈVE,Île-de-France,Paris (75),30,25,0,55,A,0,0,0,0,0,0,0,0,False,False,0.2834635001593879,0.7165364998406121,Toujours inscrit
5067526,Bac+3,"Banque, assurance, finance, immobilier",_ETUDIANT / ÉLÈVE,Île-de-France,Paris (75),30,25,0,55,A,0,0,0,0,0,498,0,0,True,True,0.46251625401374624,0.5374837459862537,Toujours inscrit
6675652,Bac +5 et au delà,"Commerce, vente, marketing",Professionnel hors secteur de l'éducation,Île-de-France,Paris (75),30,25,0,55,A,0,0,0,0,0,2,0,0,False,False,0.45829668438563614,0.5417033156143638,Toujours inscrit
7663598,Seconde Générale et Technologique,"International, études à l'étranger",_ETUDIANT / ÉLÈVE,Île-de-France,Paris (75),30,25,0,55,A,0,0,0,0,0,2,0,0,False,False,0.47446373850868234,0.5255362614913177,Toujours inscrit
5121408,Bac+4,"Digital, Informatique, multimédia","En recherche d'emploi, de stage / Jeune diplômé",Île-de-France,Paris (75),30,25,0,55,A,0,0,0,0,0,0,0,0,False,False,0.43072624678146854,0.5692737532185315,Toujours inscrit
6749434,Bac +5 et au delà,"International, études à l'étranger",_ETUDIANT / ÉLÈVE,Île-de-France,Paris (75),30,25,0,55,A,0,0,0,0,0,1,0,0,False,False,0.4037398457058192,0.5962601542941808,Toujours inscrit
5399427,Terminale,"Santé, paramédical",Parent,Île-de-France,Paris (75),30,25,0,55,A,0,0,0,0,0,0,0,0,,,0.4317053710158317,0.5682946289841683,Toujours inscrit
5735643,Bac+4,"Commerce, vente, marketing",_ETUDIANT / ÉLÈVE,Île-de-France,Paris (75),30,25,0,55,A,0,0,0,0,0,1,0,0,False,False,0.4317053710158317,0.5682946289841683,Toujours inscrit
5886464,Bac +5 et au delà,"Communication, information, journalisme",_ETUDIANT / ÉLÈVE,Île-de-France,Paris (75),30,25,0,55,A,0,0,0,0,0,1,0,0,False,False,0.43072624678146854,0.5692737532185315,Toujours inscrit
5263014,Terminale,"Sciences de la vie (biologie, biotechnologies...)",_ETUDIANT / ÉLÈVE,Île-de-France,Paris (75),30,25,0,55,A,0,0,0,0,0,1,0,0,False,False,0.4477847040686373,0.5522152959313626,Toujours inscrit
6744580,Bac+2,"Cosmétique, esthétique, soins personnels",_ETUDIANT / ÉLÈVE,Île-de-France,Paris (75),30,25,0,55,A,0,0,0,0,0,1,0,0,False,False,0.4957668922794539,0.5042331077205461,Toujours inscrit
5411411,Terminale,"Sciences de la matière (chimie, physique, matériaux, optique…)",_ETUDIANT / ÉLÈVE,Île-de-France,Paris (75),30,25,0,55,A,0,0,0,0,0,0,0,0,True,True,0.30719265481655644,0.6928073451834436,Toujours inscrit
7507844,Bac +5 et au delà,"Action sociale, animation, sciences sociales","En recherche d'emploi, de stage / Jeune diplômé",Île-de-France,Paris (75),30,25,0,55,A,0,0,0,0,0,3,0,0,False,False,0.43072624678146854,0.5692737532185315,Toujours inscrit
5138337,Terminale Pro,"Commerce, vente, marketing","En recherche d'emploi, de stage / Jeune diplômé",Île-de-France,Paris (75),30,25,0,55,A,0,0,0,0,0,0,0,0,False,False,0.4322079396718236,0.5677920603281764,Toujours inscrit
5097049,Seconde Générale et Technologique,"Sciences de la matière (chimie, physique, matériaux, optique…)",Lycéen,Île-de-France,Paris (75),30,25,0,55,A,0,0,0,0,0,0,0,0,False,False,0.45829668438563614,0.5417033156143638,Toujours inscrit
5177501,Bac +5 et au delà,"Arts, audiovisuel, culture","En recherche d'emploi, de stage / Jeune diplômé",Île-de-France,Paris (75),30,25,0,55,A,0,0,0,0,0,1,0,0,False,False,0.43072624678146854,0.5692737532185315,Toujours inscrit
7086011,3ème,"Sciences de la Terre (environnement, agriculture, agronomie ...)",_ETUDIANT / ÉLÈVE,Île-de-France,Paris (75),30,25,0,55,A,0,0,0,0,0,1,0,0,False,False,0.4247853565466253,0.5752146434533747,Toujours inscrit
5285525,Bac +5 et au delà,"Droit, science politique, administration publique",_ETUDIANT / ÉLÈVE,Île-de-France,Paris (75),30,25,0,55,A,0,0,0,0,0,1,0,0,False,False,0.4477847040686373,0.5522152959313626,Toujours inscrit
5394327,Terminale,"Droit, science politique, administration publique",Lycéen,Île-de-France,Paris (75),30,25,0,55,A,0,0,0,0,0,0,0,0,,,0.4477847040686373,0.5522152959313626,Toujours inscrit
5262053,Bac+3,Economie,Etudiant,Île-de-France,Paris (75),30,25,0,55,A,0,0,0,0,0,0,0,0,,,0.43072624678146854,0.5692737532185315,Toujours inscrit
7692776,3ème,Luxe,_ETUDIANT / ÉLÈVE,Île-de-France,Paris (75),30,25,0,55,A,0,0,0,0,0,2,0,0,False,False,0.4322079396718236,0.5677920603281764,Toujours inscrit
8423340,Bac+3,"Commerce, vente, marketing",Etudiant,Île-de-France,Paris (75),30,25,0,55,A,0,0,0,0,0,2,0,0,False,False,0.47446373850868234,0.5255362614913177,Toujours inscrit
5104404,Bac+4,"Commerce, vente, marketing",Etudiant,Île-de-France,Paris (75),30,25,0,55,A,0,0,0,0,0,0,0,0,False,False,0.4037398457058192,0.5962601542941808,Toujours inscrit
5447074,Première technologique,"Commerce, vente, marketing",_ETUDIANT / ÉLÈVE,Île-de-France,Paris (75),30,25,0,55,A,0,0,0,0,0,1,0,0,False,False,0.30719265481655644,0.6928073451834436,Toujours inscrit
5199395,Terminale,"Droit, science politique, administration publique",Lycéen,Hauts-de-France,Pas-de-Calais (62),30,25,0,55,A,0,0,0,0,0,1,0,0,,,0.08480920211794778,0.9151907978820523,Toujours inscrit
6459519,Terminale,"Education, formation",Lycéen,Hauts-de-France,Pas-de-Calais (62),30,25,0,55,A,0,0,0,0,0,1,0,0,False,False,0.1217357910906298,0.8782642089093702,Toujours inscrit
6469263,Bac+1,"Architecture, géographie, aménagement",Etudiant,Hauts-de-France,Pas-de-Calais (62),30,25,0,55,A,0,0,0,0,0,1,0,0,False,False,0.14778846153846154,0.8522115384615384,Toujours inscrit
8413040,3ème,"Sciences de la Terre (environnement, agriculture, agronomie ...)",_ETUDIANT / ÉLÈVE,Hauts-de-France,Pas-de-Calais (62),30,25,0,55,A,0,0,0,0,0,2,0,0,False,False,0.06524694154961486,0.9347530584503851,Toujours inscrit
5476346,Terminale,"Communication, information, journalisme",_ETUDIANT / ÉLÈVE,Hauts-de-France,Pas-de-Calais (62),30,25,0,55,A,0,0,0,0,0,0,0,0,,,0.09956630063670757,0.9004336993632924,Toujours inscrit
7208988,Première,Je ne sais pas quoi faire,_ETUDIANT / ÉLÈVE,Hauts-de-France,Pas-de-Calais (62),30,10,15,55,A,1,0,1,208,0,224,0,0,True,True,0.11302780638516993,0.88697219361483,Toujours inscrit
7110666,Terminale,"Sciences de la matière (chimie, physique, matériaux, optique…)",_ETUDIANT / ÉLÈVE,Hauts-de-France,Pas-de-Calais (62),30,25,0,55,A,0,0,0,0,0,0,0,0,False,False,0.08751408697003847,0.9124859130299615,Toujours inscrit
6599798,Bac+1,"Secretariat, assistant de gestion",_ETUDIANT / ÉLÈVE,Hauts-de-France,Pas-de-Calais (62),30,25,0,55,A,0,0,0,0,0,1,0,0,False,False,0.11302780638516993,0.88697219361483,Toujours inscrit
5624692,Bac+1,"Arts, audiovisuel, culture",_ETUDIANT / ÉLÈVE,Hauts-de-France,Pas-de-Calais (62),30,25,0,55,A,0,0,0,0,0,0,0,0,True,True,0.09346271705822268,0.9065372829417774,Toujours inscrit
5278167,Bac+1,"Armée, défense, sécurité",Etudiant,Hauts-de-France,Pas-de-Calais (62),30,25,0,55,A,0,0,0,0,0,1,0,0,False,False,0.09393346379647749,0.9060665362035225,Toujours inscrit
5382940,Première,"Communication, information, journalisme",_ETUDIANT / ÉLÈVE,Hauts-de-France,Pas-de-Calais (62),30,25,0,55,A,0,0,0,0,0,0,0,0,,,0.14528539451594852,0.8547146054840515,Toujours inscrit
6631278,Bac+2,"Santé, paramédical",_ETUDIANT / ÉLÈVE,Hauts-de-France,Pas-de-Calais (62),30,25,0,55,A,0,0,0,0,0,1,0,0,False,False,0.07017843421838982,0.9298215657816101,Toujours inscrit
5536152,Bac+2,"Santé, paramédical",Etudiant,Hauts-de-France,Pas-de-Calais (62),30,25,0,55,A,0,0,0,0,0,1,0,0,False,False,0.09835566382460414,0.9016443361753959,Toujours inscrit
9043010,Terminale,"Education, formation",_ETUDIANT / ÉLÈVE,Hauts-de-France,Pas-de-Calais (62),30,25,0,55,A,0,0,0,0,0,1,0,0,False,False,0.08245692548668605,0.917543074513314,Toujours inscrit
6658938,4ème,"Arts, audiovisuel, culture",Parent,Hauts-de-France,Pas-de-Calais (62),30,25,0,55,A,0,0,0,0,0,1,0,0,False,False,0.05944764342077202,0.940552356579228,Toujours inscrit
5111063,Terminale,"Santé, paramédical",Lycéen,Hauts-de-France,Pas-de-Calais (62),30,25,0,55,A,0,0,0,0,0,0,0,0,,,0.09843251859723698,0.901567481402763,Toujours inscrit
5272440,Bac+1,"Santé, paramédical",Etudiant,Hauts-de-France,Pas-de-Calais (62),30,25,0,55,A,0,0,0,0,0,2,0,0,False,False,0.09393346379647749,0.9060665362035225,Toujours inscrit
4967198,3ème,"Sciences de la vie (biologie, biotechnologies...)",_ETUDIANT / ÉLÈVE,Hauts-de-France,Pas-de-Calais (62),30,25,0,55,A,0,0,0,0,0,2,0,0,False,False,0.08751408697003847,0.9124859130299615,Toujours inscrit
8345919,4ème,(Vide),Collégien,Hauts-de-France,Pas-de-Calais (62),30,10,15,55,A,1,0,1,22,0,39,0,0,True,False,0.09041980624327234,0.9095801937567277,Toujours inscrit
5363988,Terminale,"Communication, information, journalisme",_ETUDIANT / ÉLÈVE,Hauts-de-France,Pas-de-Calais (62),30,25,0,55,A,0,0,0,0,0,0,0,0,,,0.09642215775659621,0.9035778422434038,Toujours inscrit
5625766,Terminale,"Génie civil, bâtiment",Parent,Auvergne-Rhône-Alpes,Puy-de-Dôme (63),30,25,0,55,A,0,0,0,0,0,0,0,0,,,0.17773319959879638,0.8222668004012036,Toujours inscrit
6744045,CAP/BEP,"Comptabilité, gestion, ressources humaines","En recherche d'emploi, de stage / Jeune diplômé",Auvergne-Rhône-Alpes,Puy-de-Dôme (63),30,25,0,55,A,0,0,0,0,0,16,0,0,False,False,0.11109698741578747,0.8889030125842126,Toujours inscrit
5891559,Terminale Pro,"Droit, science politique, administration publique",_ETUDIANT / ÉLÈVE,Auvergne-Rhône-Alpes,Puy-de-Dôme (63),30,25,0,55,A,0,0,0,0,0,1,0,0,False,False,0.16474309471167578,0.8352569052883242,Toujours inscrit
5632001,Terminale,"Tourisme, hôtellerie, restauration",Parent,Auvergne-Rhône-Alpes,Puy-de-Dôme (63),30,25,0,55,A,0,0,0,0,0,0,0,0,,,0.15238709677419354,0.8476129032258064,Toujours inscrit
4994402,Bac+1,"Arts, audiovisuel, culture",Parent,Auvergne-Rhône-Alpes,Puy-de-Dôme (63),30,25,0,55,A,0,0,0,0,0,0,0,0,True,True,0.16474309471167578,0.8352569052883242,Toujours inscrit
5632098,Première,"Lettres, langues et sciences humaines",Lycéen,Auvergne-Rhône-Alpes,Puy-de-Dôme (63),30,25,0,55,A,0,0,0,0,0,0,0,0,,,0.1968949332049585,0.8031050667950416,Toujours inscrit
7530810,Première,"Droit, science politique, administration publique",_ETUDIANT / ÉLÈVE,Auvergne-Rhône-Alpes,Puy-de-Dôme (63),30,25,0,55,A,0,0,0,0,0,0,0,0,True,True,0.1077928138124125,0.8922071861875875,Toujours inscrit
5623491,Terminale,"Santé, paramédical",Parent,Auvergne-Rhône-Alpes,Puy-de-Dôme (63),30,25,0,55,A,0,0,0,0,0,0,0,0,,,0.28702702702702704,0.712972972972973,Toujours inscrit
7282629,Bac+4,Luxe,_ETUDIANT / ÉLÈVE,Auvergne-Rhône-Alpes,Puy-de-Dôme (63),30,25,0,55,A,0,0,0,0,0,2,0,0,False,False,0.16474309471167578,0.8352569052883242,Toujours inscrit
5817520,Terminale,"Santé, paramédical",Lycéen,Auvergne-Rhône-Alpes,Puy-de-Dôme (63),30,25,0,55,A,0,0,0,0,0,1,0,0,False,False,0.16145042033829637,0.8385495796617036,Toujours inscrit
6901128,3ème,Je ne sais pas quoi faire,_ETUDIANT / ÉLÈVE,Nouvelle-Aquitaine,Pyrénées-Atlantiques (64),30,15,10,55,A,1,1,1,1,0,1,0,0,False,False,0.16067011702105546,0.8393298829789445,Toujours inscrit
5253511,Première Pro,"Digital, Informatique, multimédia",Lycéen,Nouvelle-Aquitaine,Pyrénées-Atlantiques (64),30,25,0,55,A,0,0,0,0,0,0,0,0,True,True,0.15889070146818923,0.8411092985318107,Toujours inscrit
5259318,Première technologique,"Digital, Informatique, multimédia",_ETUDIANT / ÉLÈVE,Nouvelle-Aquitaine,Pyrénées-Atlantiques (64),30,25,0,55,A,0,0,0,0,0,0,0,0,,,0.12840241581864814,0.8715975841813519,Toujours inscrit
6840619,3ème,"Banque, assurance, finance, immobilier",Collégien,Nouvelle-Aquitaine,Pyrénées-Atlantiques (64),30,25,0,55,A,0,0,0,0,0,0,0,0,False,False,0.15422755741127347,0.8457724425887265,Toujours inscrit
5658854,Terminale,"Commerce, vente, marketing",Lycéen,Nouvelle-Aquitaine,Pyrénées-Atlantiques (64),30,25,0,55,A,0,0,0,0,0,1,0,0,False,False,0.16174252506432438,0.8382574749356756,Toujours inscrit
7741932,Première,Je ne sais pas quoi faire,Lycéen,Nouvelle-Aquitaine,Pyrénées-Atlantiques (64),30,15,10,55,A,1,1,1,2,0,2,0,0,False,False,0.1789715034392401,0.8210284965607599,Toujours inscrit
6551928,Bac +5 et au delà,"Commerce, vente, marketing",_ETUDIANT / ÉLÈVE,Nouvelle-Aquitaine,Pyrénées-Atlantiques (64),30,25,0,55,A,0,0,0,0,0,3,0,0,False,False,0.16067011702105546,0.8393298829789445,Toujours inscrit
5429492,Seconde Générale et Technologique,Technologie industrielle,Parent,Nouvelle-Aquitaine,Pyrénées-Atlantiques (64),30,25,0,55,A,0,0,0,0,0,0,0,0,,,0.24336057201225741,0.7566394279877426,Toujours inscrit
7497521,Terminale Pro,"Sciences de la Terre (environnement, agriculture, agronomie ...)",_ETUDIANT / ÉLÈVE,Nouvelle-Aquitaine,Pyrénées-Atlantiques (64),30,25,0,55,A,0,0,0,0,0,0,0,0,True,True,0.15207299503761806,0.8479270049623819,Toujours inscrit
6651235,3ème,"Armée, défense, sécurité",Collégien,Auvergne-Rhône-Alpes,Rhône (69),30,25,0,55,A,0,0,0,0,0,1,0,0,False,False,0.2763890687734749,0.7236109312265251,Toujours inscrit
6303485,Première,Je ne sais pas quoi faire,Lycéen,Auvergne-Rhône-Alpes,Rhône (69),30,15,10,55,A,1,1,2,0,0,0,0,0,,,0.2443428826217813,0.7556571173782187,Toujours inscrit
5276251,Terminale,"Lettres, langues et sciences humaines",Lycéen,Auvergne-Rhône-Alpes,Rhône (69),30,25,0,55,A,0,0,0,0,0,0,0,0,,,0.22266211604095562,0.7773378839590444,Toujours inscrit
5573729,Terminale,"Electronique, automatique",Lycéen,Auvergne-Rhône-Alpes,Rhône (69),30,25,0,55,A,0,0,0,0,0,0,0,0,,,0.31277440936650636,0.6872255906334936,Toujours inscrit
5318847,Seconde Générale et Technologique,"International, études à l'étranger",Parent,Auvergne-Rhône-Alpes,Rhône (69),30,25,0,55,A,0,0,0,0,0,0,0,0,True,False,0.3338800801895389,0.666119919810461,Toujours inscrit
5392105,Terminale technologique,"International, études à l'étranger",Parent,Auvergne-Rhône-Alpes,Rhône (69),30,25,0,55,A,0,0,0,0,0,0,0,0,,,0.0670995670995671,0.9329004329004329,Toujours inscrit
7524427,Bac+3,"Digital, Informatique, multimédia","En recherche d'emploi, de stage / Jeune diplômé",Auvergne-Rhône-Alpes,Rhône (69),30,25,0,55,A,0,0,0,0,0,2,0,0,False,False,0.3822156073075352,0.6177843926924649,Toujours inscrit
5312059,Seconde Pro,Technologie industrielle,_ETUDIANT / ÉLÈVE,Auvergne-Rhône-Alpes,Rhône (69),30,25,0,55,A,0,0,0,0,0,239,0,0,True,True,0.27399201339688267,0.7260079866031174,Toujours inscrit
5329910,Terminale,"Energie, électricité",Parent,Auvergne-Rhône-Alpes,Rhône (69),30,25,0,55,A,0,0,0,0,0,2,0,0,False,False,0.1661087102075598,0.8338912897924402,Toujours inscrit
5153705,Bac+1,"Armée, défense, sécurité",_ETUDIANT / ÉLÈVE,Auvergne-Rhône-Alpes,Rhône (69),30,25,0,55,A,0,0,0,0,0,0,0,0,False,False,0.11952565457320653,0.8804743454267935,Toujours inscrit
8970910,3ème,"Commerce, vente, marketing",Collégien,Auvergne-Rhône-Alpes,Rhône (69),30,25,0,55,A,0,0,0,0,0,1,0,0,False,False,0.1736092544070727,0.8263907455929272,Toujours inscrit
5517304,Terminale,"Commerce, vente, marketing",_ETUDIANT / ÉLÈVE,Auvergne-Rhône-Alpes,Rhône (69),30,25,0,55,A,0,0,0,0,0,0,0,0,,,0.4162732574284921,0.5837267425715079,Toujours inscrit
5572752,Terminale,"Sciences de la matière (chimie, physique, matériaux, optique…)",Lycéen,Auvergne-Rhône-Alpes,Rhône (69),30,25,0,55,A,0,0,0,0,0,0,0,0,,,0.3338800801895389,0.666119919810461,Toujours inscrit
5313067,Bac +5 et au delà,"Communication, information, journalisme",_ETUDIANT / ÉLÈVE,Auvergne-Rhône-Alpes,Rhône (69),30,25,0,55,A,0,0,0,0,0,0,0,0,,,0.3065129190689729,0.6934870809310271,Toujours inscrit
5335333,Première,"Sciences de la vie (biologie, biotechnologies...)",Lycéen,Auvergne-Rhône-Alpes,Rhône (69),30,25,0,55,A,0,0,0,0,0,0,0,0,,,0.29559529122963624,0.7044047087703638,Toujours inscrit
5327326,Bac+2,"Communication, information, journalisme","En recherche d'emploi, de stage / Jeune diplômé",Auvergne-Rhône-Alpes,Rhône (69),30,25,0,55,A,0,0,0,0,0,1,0,0,False,False,0.1736092544070727,0.8263907455929272,Toujours inscrit
6855821,4ème,"Sciences de la vie (biologie, biotechnologies...)",Parent,Auvergne-Rhône-Alpes,Rhône (69),30,25,0,55,A,0,0,0,0,0,1,0,0,False,False,0.27399201339688267,0.7260079866031174,Toujours inscrit
6684594,Bac+1,"Banque, assurance, finance, immobilier",_ETUDIANT / ÉLÈVE,Auvergne-Rhône-Alpes,Rhône (69),30,25,0,55,A,0,0,0,0,0,1,0,0,False,False,0.19324523349129855,0.8067547665087015,Toujours inscrit
5569547,Seconde Générale et Technologique,"Tourisme, hôtellerie, restauration",Parent,Auvergne-Rhône-Alpes,Rhône (69),30,25,0,55,A,0,0,0,0,0,0,0,0,,,0.23341192320646684,0.7665880767935331,Toujours inscrit
8350103,Bac+3,"International, études à l'étranger",_ETUDIANT / ÉLÈVE,Auvergne-Rhône-Alpes,Rhône (69),30,25,0,55,A,0,0,0,0,0,142,0,0,True,True,0.2987736900780379,0.7012263099219621,Toujours inscrit
7226438,Terminale,(Vide),Parent,Auvergne-Rhône-Alpes,Rhône (69),30,15,10,55,A,1,1,1,3,0,44,0,0,True,False,0.24462818183333612,0.7553718181666639,Toujours inscrit
8971965,Bac +5 et au delà,"Cosmétique, esthétique, soins personnels","En recherche d'emploi, de stage / Jeune diplômé",Auvergne-Rhône-Alpes,Rhône (69),30,25,0,55,A,0,0,0,0,0,1,0,0,False,False,0.2398368762443003,0.7601631237556997,Toujours inscrit
6523412,CAP/BEP,"Action sociale, animation, sciences sociales",_ETUDIANT / ÉLÈVE,Auvergne-Rhône-Alpes,Rhône (69),30,25,0,55,A,0,0,0,0,0,1,0,0,False,False,0.1736092544070727,0.8263907455929272,Toujours inscrit
8355130,3ème,"Armée, défense, sécurité",Collégien,Auvergne-Rhône-Alpes,Rhône (69),30,25,0,55,A,0,0,0,0,0,1,0,0,True,False,0.20823095823095822,0.7917690417690417,Toujours inscrit
5300992,Seconde Générale et Technologique,"Sciences de la matière (chimie, physique, matériaux, optique…)",Parent,Auvergne-Rhône-Alpes,Rhône (69),30,25,0,55,A,0,0,0,0,0,0,0,0,,,0.13731935743968243,0.8626806425603175,Toujours inscrit
5353537,CAP/BEP,Technologie industrielle,_ETUDIANT / ÉLÈVE,Auvergne-Rhône-Alpes,Rhône (69),30,25,0,55,A,0,0,0,0,0,1,0,0,False,False,0.07769642951880737,0.9223035704811926,Toujours inscrit
6304994,Terminale technologique,Je ne sais pas quoi faire,Lycéen,Auvergne-Rhône-Alpes,Rhône (69),30,10,15,55,A,1,0,1,9,0,11,0,0,False,True,0.3593220338983051,0.6406779661016949,Toujours inscrit
4993681,Bac+3,"Arts, audiovisuel, culture",Etudiant,Auvergne-Rhône-Alpes,Rhône (69),30,25,0,55,A,0,0,0,0,0,2,0,0,False,False,0.07769642951880737,0.9223035704811926,Toujours inscrit
7486969,Terminale Pro,"Communication, information, journalisme",_ETUDIANT / ÉLÈVE,Auvergne-Rhône-Alpes,Rhône (69),30,25,0,55,A,0,0,0,0,0,2,0,0,False,False,0.2346128391793514,0.7653871608206486,Toujours inscrit
5329273,Terminale,"Energie, électricité",Parent,Auvergne-Rhône-Alpes,Rhône (69),30,25,0,55,A,0,0,0,0,0,1,0,0,False,False,0.23341192320646684,0.7665880767935331,Toujours inscrit
7224441,Seconde Générale et Technologique,Je ne sais pas quoi faire,Parent,Auvergne-Rhône-Alpes,Rhône (69),30,15,10,55,A,1,1,3,0,0,0,0,0,,,0.23540315106580167,0.7645968489341983,Toujours inscrit
6944857,Bac+1,Luxe,_ETUDIANT / ÉLÈVE,Auvergne-Rhône-Alpes,Rhône (69),30,25,0,55,A,0,0,0,0,0,1,0,0,False,False,0.28938773632641795,0.710612263673582,Toujours inscrit
5709400,3ème,"Action sociale, animation, sciences sociales",_ETUDIANT / ÉLÈVE,Auvergne-Rhône-Alpes,Rhône (69),30,25,0,55,A,0,0,0,0,0,1,0,0,False,False,0.13644782877135214,0.8635521712286479,Toujours inscrit
8642230,Bac+2,"Tourisme, hôtellerie, restauration",_ETUDIANT / ÉLÈVE,Auvergne-Rhône-Alpes,Rhône (69),30,25,0,55,A,0,0,0,0,0,1,0,0,False,False,0.11952565457320653,0.8804743454267935,Toujours inscrit
7107352,Bac+3,"Santé, paramédical","En recherche d'emploi, de stage / Jeune diplômé",Auvergne-Rhône-Alpes,Rhône (69),30,25,0,55,A,0,0,0,0,0,0,0,0,False,False,0.1736092544070727,0.8263907455929272,Toujours inscrit
5335379,Terminale technologique,"Communication, information, journalisme",_ETUDIANT / ÉLÈVE,Auvergne-Rhône-Alpes,Rhône (69),30,25,0,55,A,0,0,0,0,0,0,0,0,,,0.28938773632641795,0.710612263673582,Toujours inscrit
5313300,Première technologique,"Santé, paramédical",Parent,Auvergne-Rhône-Alpes,Rhône (69),30,25,0,55,A,0,0,0,0,0,0,0,0,,,0.23286858498961732,0.7671314150103826,Toujours inscrit
5174862,Terminale technologique,"Droit, science politique, administration publique",_ETUDIANT / ÉLÈVE,Auvergne-Rhône-Alpes,Rhône (69),30,25,0,55,A,0,0,0,0,0,0,0,0,False,False,,,Toujours inscrit
9066978,3ème,"Cosmétique, esthétique, soins personnels",Collégien,Pays de la Loire,Sarthe (72),30,25,0,55,A,0,0,0,0,0,5,0,0,True,True,0.09239798007370001,0.9076020199263,Toujours inscrit
9104085,3ème,"Comptabilité, gestion, ressources humaines",_ETUDIANT / ÉLÈVE,Pays de la Loire,Sarthe (72),30,25,0,55,A,0,0,0,0,0,0,0,0,False,False,0.13592089728453366,0.8640791027154664,Toujours inscrit
8806639,Bac+1,"Sciences de la matière (chimie, physique, matériaux, optique…)",Etudiant,Pays de la Loire,Sarthe (72),30,25,0,55,A,0,0,0,0,0,32,0,0,True,True,0.15125186734389004,0.8487481326561099,Toujours inscrit
9030709,Première technologique,Luxe,_ETUDIANT / ÉLÈVE,Pays de la Loire,Sarthe (72),30,25,0,55,A,0,0,0,0,0,1,0,0,True,True,0.12114244221227158,0.8788575577877284,Toujours inscrit
8075239,3ème,Technologie industrielle,_ETUDIANT / ÉLÈVE,Pays de la Loire,Sarthe (72),30,25,0,55,A,0,0,0,0,0,2,0,0,False,False,0.15957702475366498,0.840422975246335,Toujours inscrit
8702884,Seconde Générale et Technologique,"Lettres, langues et sciences humaines",Lycéen,Pays de la Loire,Sarthe (72),30,25,0,55,A,0,0,0,0,0,1,0,0,False,False,0.15125186734389004,0.8487481326561099,Toujours inscrit
7832331,Première,Je ne sais pas quoi faire,Lycéen,Pays de la Loire,Sarthe (72),30,15,10,55,A,1,1,1,1,0,1,0,0,False,False,0.15125186734389004,0.8487481326561099,Toujours inscrit
5171289,3ème,Economie,_ETUDIANT / ÉLÈVE,Pays de la Loire,Sarthe (72),30,25,0,55,A,0,0,0,0,0,1,0,0,False,False,0.15125186734389004,0.8487481326561099,Toujours inscrit
5110296,6ème,"International, études à l'étranger",_ETUDIANT / ÉLÈVE,Pays de la Loire,Sarthe (72),30,25,0,55,A,0,0,0,0,0,0,0,0,False,False,0.10844577711144428,0.8915542228885557,Toujours inscrit
5532479,Bac+3,"International, études à l'étranger",Etudiant,Pays de la Loire,Sarthe (72),30,25,0,55,A,0,0,0,0,0,1,0,0,False,False,0.15125186734389004,0.8487481326561099,Toujours inscrit
5133807,Bac +5 et au delà,"Lettres, langues et sciences humaines","En recherche d'emploi, de stage / Jeune diplômé",Auvergne-Rhône-Alpes,Savoie (73),30,25,0,55,A,0,0,0,0,0,0,0,0,False,False,0.16917204045980977,0.8308279595401902,Toujours inscrit
6618639,Bac+2,"Education, formation",_ETUDIANT / ÉLÈVE,Auvergne-Rhône-Alpes,Savoie (73),30,25,0,55,A,0,0,0,0,0,1,0,0,False,False,0.10910186859553948,0.8908981314044605,Toujours inscrit
5404852,Terminale technologique,"International, études à l'étranger",Lycéen,Auvergne-Rhône-Alpes,Savoie (73),30,25,0,55,A,0,0,0,0,0,0,0,0,True,True,0.14704790196806536,0.8529520980319346,Toujours inscrit
5421832,Terminale,"Lettres, langues et sciences humaines",Lycéen,Auvergne-Rhône-Alpes,Savoie (73),30,25,0,55,A,0,0,0,0,0,1,0,0,False,False,0.16917204045980977,0.8308279595401902,Toujours inscrit
7577271,Terminale technologique,"Santé, paramédical",_ETUDIANT / ÉLÈVE,Auvergne-Rhône-Alpes,Savoie (73),30,25,0,55,A,0,0,0,0,0,2,0,0,False,False,0.16917204045980977,0.8308279595401902,Toujours inscrit
8232556,Terminale,"Comptabilité, gestion, ressources humaines",Parent,Auvergne-Rhône-Alpes,Savoie (73),30,25,0,55,A,0,0,0,0,0,0,0,0,True,True,0.2130051773433274,0.7869948226566726,Toujours inscrit
6858470,Bac+1,"Architecture, géographie, aménagement",Parent,Normandie,Seine-Maritime (76),30,25,0,55,A,0,0,0,0,0,1,0,0,False,False,0.09638982749422016,0.9036101725057798,Toujours inscrit
5626426,Bac +5 et au delà,"Armée, défense, sécurité",_ETUDIANT / ÉLÈVE,Normandie,Seine-Maritime (76),30,25,0,55,A,0,0,0,0,0,1,0,0,False,False,0.19503981203498238,0.8049601879650177,Toujours inscrit
5382549,Terminale technologique,"Arts, audiovisuel, culture",_ETUDIANT / ÉLÈVE,Normandie,Seine-Maritime (76),30,25,0,55,A,0,0,0,0,0,0,0,0,,,0.12943441195343294,0.870565588046567,Toujours inscrit
5519325,Bac+1,Je ne sais pas quoi faire,Etudiant,Normandie,Seine-Maritime (76),30,10,15,55,A,0,0,0,19,2,383,0,0,True,True,0.1302442830562391,0.8697557169437609,Toujours inscrit
7149639,Bac +5 et au delà,"Sciences de la vie (biologie, biotechnologies...)",_ETUDIANT / ÉLÈVE,Normandie,Seine-Maritime (76),30,25,0,55,A,0,0,0,0,0,1,0,0,False,False,0.11209229454493662,0.8879077054550634,Toujours inscrit
5206907,Bac+2,"Armée, défense, sécurité",_ETUDIANT / ÉLÈVE,Normandie,Seine-Maritime (76),30,25,0,55,A,0,0,0,0,0,0,0,0,False,False,0.06751620836127878,0.9324837916387212,Toujours inscrit
5521622,Bac+1,Luxe,Etudiant,Normandie,Seine-Maritime (76),30,25,0,55,A,0,0,0,0,0,0,0,0,,,0.19503981203498238,0.8049601879650177,Toujours inscrit
8816543,3ème,"Sciences de la matière (chimie, physique, matériaux, optique…)",_ETUDIANT / ÉLÈVE,Normandie,Seine-Maritime (76),30,25,0,55,A,0,0,0,0,0,1,0,0,False,False,0.07038103070175439,0.9296189692982456,Toujours inscrit
6681990,Bac+1,"Communication, information, journalisme",_ETUDIANT / ÉLÈVE,Normandie,Seine-Maritime (76),30,25,0,55,A,0,0,0,0,0,1,0,0,False,False,0.19503981203498238,0.8049601879650177,Toujours inscrit
7686957,Première,"Santé, paramédical",Lycéen,Normandie,Seine-Maritime (76),30,25,0,55,A,0,0,0,0,0,2,0,0,False,False,0.13628652214891612,0.8637134778510839,Toujours inscrit
5118114,4ème,"Santé, paramédical",Collégien,Normandie,Seine-Maritime (76),30,25,0,55,A,0,0,0,0,0,0,0,0,False,False,0.132996632996633,0.867003367003367,Toujours inscrit
5479160,Bac+3,"Santé, paramédical",_ETUDIANT / ÉLÈVE,Normandie,Seine-Maritime (76),30,25,0,55,A,0,0,0,0,0,0,0,0,,,0.19503981203498238,0.8049601879650177,Toujours inscrit
7134335,3ème,"Tourisme, hôtellerie, restauration",_ETUDIANT / ÉLÈVE,Normandie,Seine-Maritime (76),30,25,0,55,A,0,0,0,0,0,1,0,0,False,False,0.19503981203498238,0.8049601879650177,Toujours inscrit
6608397,Terminale,Economie,_ETUDIANT / ÉLÈVE,Normandie,Seine-Maritime (76),30,25,0,55,A,0,0,0,0,0,1,0,0,False,False,0.09537888039077061,0.9046211196092294,Toujours inscrit
5093580,Première technologique,Technologie industrielle,Lycéen,Normandie,Seine-Maritime (76),30,25,0,55,A,0,0,0,0,0,0,0,0,False,False,0.19503981203498238,0.8049601879650177,Toujours inscrit
5568752,Terminale,"Education, formation",Lycéen,Normandie,Seine-Maritime (76),30,25,0,55,A,0,0,0,0,0,0,0,0,,,0.19503981203498238,0.8049601879650177,Toujours inscrit
8435194,Première,Sport,Lycéen,Normandie,Seine-Maritime (76),30,25,0,55,A,0,0,0,0,0,1,0,0,True,False,0.11982968369829684,0.8801703163017032,Toujours inscrit
6460492,3ème,"Banque, assurance, finance, immobilier",Collégien,Normandie,Seine-Maritime (76),30,25,0,55,A,0,0,0,0,0,1,0,0,False,False,0.10341798434754831,0.8965820156524517,Toujours inscrit
5580549,3ème,"Lettres, langues et sciences humaines",Collégien,Normandie,Seine-Maritime (76),30,25,0,55,A,0,0,0,0,0,1,0,0,False,False,0.10805121908437117,0.8919487809156288,Toujours inscrit
8227622,Bac +5 et au delà,"Transport, logistique",Etudiant,Île-de-France,Seine-St-Denis (93),30,25,0,55,A,0,0,0,0,0,2,0,0,False,False,0.18368323464322028,0.8163167653567797,Toujours inscrit
6970062,Bac+1,"Vétérinaire, soins aux animaux",_ETUDIANT / ÉLÈVE,Île-de-France,Seine-St-Denis (93),30,25,0,55,A,0,0,0,0,0,250,0,0,True,True,0.08166437496263526,0.9183356250373648,Toujours inscrit
5473450,Bac+4,"Santé, paramédical",Etudiant,Île-de-France,Seine-St-Denis (93),30,25,0,55,A,0,0,0,0,0,42,0,0,False,True,0.1989537354912539,0.8010462645087462,Toujours inscrit
5266418,Seconde Générale et Technologique,"Digital, Informatique, multimédia",Lycéen,Île-de-France,Seine-St-Denis (93),30,25,0,55,A,0,0,0,0,0,0,0,0,,,0.23049660411459877,0.7695033958854012,Toujours inscrit
5153447,Bac+3,"Digital, Informatique, multimédia","En recherche d'emploi, de stage / Jeune diplômé",Île-de-France,Seine-St-Denis (93),30,25,0,55,A,0,0,0,0,0,0,0,0,False,False,0.08166437496263526,0.9183356250373648,Toujours inscrit
6732701,5ème,"Cosmétique, esthétique, soins personnels",_ETUDIANT / ÉLÈVE,Île-de-France,Seine-St-Denis (93),30,25,0,55,A,0,0,0,0,0,1,0,0,False,False,0.2795056362895559,0.7204943637104441,Toujours inscrit
6490119,Bac+4,"Education, formation",_ETUDIANT / ÉLÈVE,Île-de-France,Seine-St-Denis (93),30,25,0,55,A,0,0,0,0,0,1,0,0,False,False,0.23049660411459877,0.7695033958854012,Toujours inscrit
5046566,Bac+1,"Digital, Informatique, multimédia",Etudiant,Île-de-France,Seine-St-Denis (93),30,25,0,55,A,0,0,0,0,0,0,0,0,True,True,0.08166437496263526,0.9183356250373648,Toujours inscrit
5055729,3ème,"Sciences de la vie (biologie, biotechnologies...)",Collégien,Île-de-France,Seine-St-Denis (93),30,25,0,55,A,0,0,0,0,0,0,0,0,True,True,0.09586626789147618,0.9041337321085238,Toujours inscrit
5171200,Bac+4,"Génie civil, bâtiment",_ETUDIANT / ÉLÈVE,Île-de-France,Seine-St-Denis (93),30,25,0,55,A,0,0,0,0,0,0,0,0,False,False,0.2602306957607817,0.7397693042392183,Toujours inscrit
6407758,Bac+1,Je ne sais pas quoi faire,Etudiant,Île-de-France,Seine-St-Denis (93),30,10,15,55,A,1,0,1,11,0,172,0,0,True,True,0.12273320760191499,0.877266792398085,Toujours inscrit
5082786,Bac+2,Economie,_ETUDIANT / ÉLÈVE,Île-de-France,Seine-St-Denis (93),30,25,0,55,A,0,0,0,0,0,0,0,0,True,True,0.12919448153093013,0.8708055184690698,Toujours inscrit
5899335,3ème,"Comptabilité, gestion, ressources humaines",_ETUDIANT / ÉLÈVE,Île-de-France,Seine-St-Denis (93),30,25,0,55,A,0,0,0,0,0,1,0,0,False,False,0.08904109589041095,0.910958904109589,Toujours inscrit
5202269,4ème,Economie,Etudiant,Île-de-France,Seine-St-Denis (93),30,25,0,55,A,0,0,0,0,0,0,0,0,False,False,0.23049660411459877,0.7695033958854012,Toujours inscrit
5153741,Bac +5 et au delà,"Commerce, vente, marketing",_ETUDIANT / ÉLÈVE,Île-de-France,Seine-St-Denis (93),30,25,0,55,A,0,0,0,0,0,0,0,0,False,True,0.1822481677177433,0.8177518322822567,Toujours inscrit
5396653,Terminale,"Droit, science politique, administration publique",Lycéen,Île-de-France,Seine-St-Denis (93),30,25,0,55,A,0,0,0,0,0,0,0,0,,,0.12307621839501649,0.8769237816049835,Toujours inscrit
5155701,Bac+3,"Arts, audiovisuel, culture",Etudiant,Île-de-France,Seine-St-Denis (93),30,25,0,55,A,0,0,0,0,0,0,0,0,True,True,0.08654767087505442,0.9134523291249456,Toujours inscrit
6564890,3ème,"Sciences de la matière (chimie, physique, matériaux, optique…)",_ETUDIANT / ÉLÈVE,Île-de-France,Seine-St-Denis (93),30,25,0,55,A,0,0,0,0,0,1,0,0,False,False,0.08654767087505442,0.9134523291249456,Toujours inscrit
8840539,3ème,Je ne sais pas quoi faire,Parent,Île-de-France,Seine-St-Denis (93),30,10,15,55,A,1,0,1,3,1,9,0,0,True,True,0.12828594843346153,0.8717140515665385,Toujours inscrit
5474348,Terminale,"International, études à l'étranger",Lycéen,Île-de-France,Seine-St-Denis (93),30,25,0,55,A,0,0,0,0,0,0,0,0,,,0.09048242393282463,0.9095175760671754,Toujours inscrit
9103451,3ème,"Vétérinaire, soins aux animaux",_ETUDIANT / ÉLÈVE,Île-de-France,Seine-et-Marne (77),30,25,0,55,A,0,0,0,0,0,0,0,0,True,True,0.11186696900982615,0.8881330309901738,Toujours inscrit
9107527,Terminale,"Sciences de la vie (biologie, biotechnologies...)",Lycéen,Île-de-France,Seine-et-Marne (77),30,25,0,55,A,0,0,0,0,0,0,0,0,True,False,0.17297654929059766,0.8270234507094023,Toujours inscrit
8035413,Bac+2,"Education, formation","En recherche d'emploi, de stage / Jeune diplômé",Île-de-France,Seine-et-Marne (77),30,25,0,55,A,0,0,0,0,0,2,0,0,False,False,0.11551970859893326,0.8844802914010668,Toujours inscrit
7364892,Seconde Générale et Technologique,"Architecture, géographie, aménagement",_ETUDIANT / ÉLÈVE,Île-de-France,Seine-et-Marne (77),30,25,0,55,A,0,0,0,0,0,178,0,0,True,True,0.13054266911209408,0.8694573308879059,Toujours inscrit
5649971,4ème,"Sciences de la matière (chimie, physique, matériaux, optique…)",_ETUDIANT / ÉLÈVE,Île-de-France,Seine-et-Marne (77),30,25,0,55,A,0,0,0,0,0,1,0,0,False,False,0.20193587416817907,0.798064125831821,Toujours inscrit
5299326,6ème,Technologie industrielle,Parent,Île-de-France,Seine-et-Marne (77),30,25,0,55,A,0,0,0,0,0,0,0,0,,,0.28374375899128373,0.7162562410087162,Toujours inscrit
6958093,Terminale Pro,"Electronique, automatique",Lycéen,Île-de-France,Seine-et-Marne (77),30,25,0,55,A,0,0,0,0,0,1,0,0,False,False,0.16420650657266653,0.8357934934273334,Toujours inscrit
7532292,Seconde Générale et Technologique,"Droit, science politique, administration publique","En recherche d'emploi, de stage / Jeune diplômé",Île-de-France,Seine-et-Marne (77),30,25,0,55,A,0,0,0,0,0,1,0,0,False,False,0.12293945462948698,0.877060545370513,Toujours inscrit
6849376,Terminale technologique,"Education, formation",_ETUDIANT / ÉLÈVE,Île-de-France,Seine-et-Marne (77),30,25,0,55,A,0,0,0,0,0,1,0,0,False,False,0.12293945462948698,0.877060545370513,Toujours inscrit
5277619,Terminale,"Santé, paramédical",Parent,Île-de-France,Seine-et-Marne (77),30,25,0,55,A,0,0,0,0,0,0,0,0,,,0.16021567494704408,0.8397843250529559,Toujours inscrit
5598044,Bac+2,"Digital, Informatique, multimédia",Etudiant,Île-de-France,Seine-et-Marne (77),30,25,0,55,A,0,0,0,0,0,1,0,0,False,False,0.11551970859893326,0.8844802914010668,Toujours inscrit
5219912,Terminale,Economie,Parent,Île-de-France,Seine-et-Marne (77),30,25,0,55,A,0,0,0,0,0,0,0,0,,,0.18789808917197454,0.8121019108280255,Toujours inscrit
5420124,Première,"Energie, électricité",Lycéen,Île-de-France,Seine-et-Marne (77),30,25,0,55,A,0,0,0,0,0,0,0,0,,,0.1129423170140572,0.8870576829859428,Toujours inscrit
6933263,Première technologique,Sport,_ETUDIANT / ÉLÈVE,Île-de-France,Seine-et-Marne (77),30,25,0,55,A,0,0,0,0,0,1,0,0,False,False,0.10535931790499391,0.8946406820950061,Toujours inscrit
7509951,Bac +5 et au delà,"Sciences de la vie (biologie, biotechnologies...)",_ETUDIANT / ÉLÈVE,Île-de-France,Seine-et-Marne (77),30,25,0,55,A,0,0,0,0,0,1,0,0,False,False,0.1662977897704878,0.8337022102295122,Toujours inscrit
8621035,4ème,"Electronique, automatique",Collégien,Île-de-France,Seine-et-Marne (77),30,25,0,55,A,0,0,0,0,0,33,0,0,True,True,0.20193587416817907,0.798064125831821,Toujours inscrit
5443168,Terminale technologique,"Digital, Informatique, multimédia",Lycéen,Île-de-France,Seine-et-Marne (77),30,25,0,55,A,0,0,0,0,0,0,0,0,True,True,0.2193146417445483,0.7806853582554517,Toujours inscrit
5210089,Terminale,"Sciences de la vie (biologie, biotechnologies...)",Lycéen,Île-de-France,Seine-et-Marne (77),30,25,0,55,A,0,0,0,0,0,0,0,0,,,0.21651295564339043,0.7834870443566095,Toujours inscrit
5433826,Terminale,Economie,Lycéen,Île-de-France,Seine-et-Marne (77),30,25,0,55,A,0,0,0,0,0,0,0,0,,,0.12003048393242728,0.8799695160675727,Toujours inscrit
7646269,Bac+1,Je ne sais pas quoi faire,_ETUDIANT / ÉLÈVE,Île-de-France,Seine-et-Marne (77),30,10,15,55,A,0,0,0,167,1,195,0,0,True,True,0.12589896509384318,0.8741010349061568,Toujours inscrit
5282026,Terminale technologique,"Commerce, vente, marketing",Lycéen,Île-de-France,Seine-et-Marne (77),30,25,0,55,A,0,0,0,0,0,0,0,0,,,0.1695438482472887,0.8304561517527114,Toujours inscrit
9070626,Seconde Pro,Luxe,Lycéen,Île-de-France,Seine-et-Marne (77),30,25,0,55,A,0,0,0,0,0,6,0,0,True,False,0.13054266911209408,0.8694573308879059,Toujours inscrit
5138710,Terminale,"Droit, science politique, administration publique",Lycéen,Hauts-de-France,Somme (80),30,25,0,55,A,0,0,0,0,0,0,0,0,True,True,0.12390082168084186,0.8760991783191582,Toujours inscrit
5171190,Terminale Pro,"Commerce, vente, marketing",_ETUDIANT / ÉLÈVE,Hauts-de-France,Somme (80),30,25,0,55,A,0,0,0,0,0,0,0,0,False,False,0.08133971291866028,0.9186602870813397,Toujours inscrit
7652663,3ème,"Vétérinaire, soins aux animaux",Collégien,Hauts-de-France,Somme (80),30,25,0,55,A,0,0,0,0,0,0,0,0,False,False,0.05374887082204156,0.9462511291779584,Toujours inscrit
6758614,Seconde Générale et Technologique,"Armée, défense, sécurité",Lycéen,Hauts-de-France,Somme (80),30,25,0,55,A,0,0,0,0,0,1,0,0,False,False,0.09346433148227254,0.9065356685177275,Toujours inscrit
6755402,Seconde Générale et Technologique,"Action sociale, animation, sciences sociales",Lycéen,Hauts-de-France,Somme (80),30,25,0,55,A,0,0,0,0,0,1,0,0,False,False,0.087248322147651,0.912751677852349,Toujours inscrit
8237458,Première,"Banque, assurance, finance, immobilier",_ETUDIANT / ÉLÈVE,Île-de-France,Val-D'Oise (95),30,25,0,55,A,0,0,0,0,0,2,0,0,False,False,0.08253983444183932,0.9174601655581607,Toujours inscrit
4974970,Bac +5 et au delà,"Tourisme, hôtellerie, restauration",Etudiant,Île-de-France,Val-D'Oise (95),30,25,0,55,A,0,0,0,0,0,0,0,0,False,False,0.2333804809052334,0.7666195190947667,Toujours inscrit
7068583,Bac+3,"Communication, information, journalisme",Etudiant,Île-de-France,Val-D'Oise (95),30,25,0,55,A,0,0,0,0,0,1,0,0,False,False,0.2136267644770479,0.7863732355229521,Toujours inscrit
5050232,Bac+1,"Arts, audiovisuel, culture",_ETUDIANT / ÉLÈVE,Île-de-France,Val-D'Oise (95),30,25,0,55,A,0,0,0,0,0,0,0,0,False,False,0.06557076956871934,0.9344292304312807,Toujours inscrit
5032348,Terminale,"Lettres, langues et sciences humaines",Lycéen,Île-de-France,Val-D'Oise (95),30,25,0,55,A,0,0,0,0,0,0,0,0,False,False,0.36109534619750283,0.6389046538024972,Toujours inscrit
6852651,Bac+2,"Droit, science politique, administration publique",_ETUDIANT / ÉLÈVE,Île-de-France,Val-D'Oise (95),30,25,0,55,A,0,0,0,0,0,0,0,0,False,False,0.24882038376848065,0.7511796162315193,Toujours inscrit
5195445,Terminale,"Commerce, vente, marketing",Parent,Île-de-France,Val-D'Oise (95),30,25,0,55,A,0,0,0,0,0,0,0,0,,,0.2644315262944437,0.7355684737055563,Toujours inscrit
7324971,Bac+3,"Mécanique, aéronautique, automobile",_ETUDIANT / ÉLÈVE,Île-de-France,Val-D'Oise (95),30,25,0,55,A,0,0,0,0,0,2,0,0,False,False,0.20614275640523388,0.7938572435947662,Toujours inscrit
7766196,3ème,"Commerce, vente, marketing",Collégien,Île-de-France,Val-D'Oise (95),30,25,0,55,A,0,0,0,0,0,2,0,0,False,False,0.24882038376848065,0.7511796162315193,Toujours inscrit
5248702,Bac+3,"Digital, Informatique, multimédia","En recherche d'emploi, de stage / Jeune diplômé",Île-de-France,Val-D'Oise (95),30,25,0,55,A,0,0,0,0,0,1,0,0,False,False,0.19616613418530351,0.8038338658146965,Toujours inscrit
6846496,Seconde Générale et Technologique,"Digital, Informatique, multimédia",Lycéen,Île-de-France,Val-D'Oise (95),30,25,0,55,A,0,0,0,0,0,1,0,0,False,False,0.20588541125090984,0.7941145887490901,Toujours inscrit
5173059,Terminale,"Droit, science politique, administration publique",Parent,Île-de-France,Val-D'Oise (95),30,25,0,55,A,0,0,0,0,0,0,0,0,,,0.22650231124807396,0.773497688751926,Toujours inscrit
5472810,Terminale technologique,"Arts, audiovisuel, culture",_ETUDIANT / ÉLÈVE,Île-de-France,Val-D'Oise (95),30,25,0,55,A,0,0,0,0,0,1,0,0,False,False,0.18775248477075987,0.8122475152292401,Toujours inscrit
5099498,Bac+1,"Arts, audiovisuel, culture",_ETUDIANT / ÉLÈVE,Île-de-France,Val-D'Oise (95),30,25,0,55,A,0,0,0,0,0,0,0,0,True,True,0.09240307026175949,0.9075969297382405,Toujours inscrit
5855679,3ème,"Génie civil, bâtiment","En recherche d'emploi, de stage / Jeune diplômé",Île-de-France,Val-D'Oise (95),30,25,0,55,A,0,0,0,0,0,1,0,0,False,False,0.09324067593240676,0.9067593240675932,Toujours inscrit
5676152,Terminale technologique,"Sciences de la vie (biologie, biotechnologies...)",Lycéen,Île-de-France,Val-D'Oise (95),30,25,0,55,A,0,0,0,0,0,1,0,0,False,False,0.178772496538994,0.821227503461006,Toujours inscrit
5088217,Terminale,"Droit, science politique, administration publique",_ETUDIANT / ÉLÈVE,Île-de-France,Val-D'Oise (95),30,25,0,55,A,0,0,0,0,0,0,0,0,True,True,0.13691020221638295,0.863089797783617,Toujours inscrit
5695968,Bac +5 et au delà,"Communication, information, journalisme",Etudiant,Île-de-France,Val-D'Oise (95),30,25,0,55,A,0,0,0,0,0,1,0,0,False,False,0.09233152594887684,0.9076684740511232,Toujours inscrit
5187542,Bac+1,"Tourisme, hôtellerie, restauration",_ETUDIANT / ÉLÈVE,Île-de-France,Val-D'Oise (95),30,25,0,55,A,0,0,0,0,0,1,0,0,False,False,0.13691020221638295,0.863089797783617,Toujours inscrit
5504276,Terminale Pro,"Banque, assurance, finance, immobilier",Lycéen,Île-de-France,Val-D'Oise (95),30,25,0,55,A,0,0,0,0,0,0,0,0,True,True,0.06557076956871934,0.9344292304312807,Toujours inscrit
5447078,Terminale,"Commerce, vente, marketing",_ETUDIANT / ÉLÈVE,Île-de-France,Val-D'Oise (95),30,25,0,55,A,0,0,0,0,0,0,0,0,True,True,0.25138794854434665,0.7486120514556533,Toujours inscrit
7516951,Seconde Pro,"Sciences de la vie (biologie, biotechnologies...)",_ETUDIANT / ÉLÈVE,Île-de-France,Val-D'Oise (95),30,25,0,55,A,0,0,0,0,0,37,0,0,True,True,0.15933476394849785,0.8406652360515021,Toujours inscrit
5164568,6ème,"Tourisme, hôtellerie, restauration",Parent,Île-de-France,Val-D'Oise (95),30,25,0,55,A,0,0,0,0,0,0,0,0,True,True,0.1805714708165453,0.8194285291834547,Toujours inscrit
4632473,Bac+1,"Sciences de la matière (chimie, physique, matériaux, optique…)",_ETUDIANT / ÉLÈVE,Île-de-France,Val-D'Oise (95),30,25,0,55,A,0,0,0,0,0,2,0,0,False,False,0.16332432192873603,0.836675678071264,Toujours inscrit
5224161,Première,Technologie industrielle,Etudiant,Île-de-France,Val-D'Oise (95),30,25,0,55,A,0,0,0,0,0,0,0,0,True,True,0.178772496538994,0.821227503461006,Toujours inscrit
5928747,Terminale Pro,"Secretariat, assistant de gestion",_ETUDIANT / ÉLÈVE,Île-de-France,Val-D'Oise (95),30,25,0,55,A,0,0,0,0,0,1,0,0,False,False,0.08062011204171057,0.9193798879582894,Toujours inscrit
5786648,Bac+4,"Digital, Informatique, multimédia",Etudiant,Île-de-France,Val-D'Oise (95),30,25,0,55,A,0,0,0,0,0,1,0,0,False,False,0.2644315262944437,0.7355684737055563,Toujours inscrit
5067123,Terminale Pro,"Commerce, vente, marketing",Lycéen,Île-de-France,Val-D'Oise (95),30,25,0,55,A,0,0,0,0,0,0,0,0,False,False,0.08253983444183932,0.9174601655581607,Toujours inscrit
5300715,Terminale,"Santé, paramédical",Lycéen,Île-de-France,Val-de-Marne (94),30,25,0,55,A,0,0,0,0,0,1,0,0,False,False,0.45192889103881967,0.5480711089611803,Toujours inscrit
6362347,Seconde Générale et Technologique,"Droit, science politique, administration publique",Lycéen,Île-de-France,Val-de-Marne (94),30,25,0,55,A,0,0,0,0,0,1,0,0,False,False,0.0848777741284662,0.9151222258715338,Toujours inscrit
5223381,Terminale,Technologie industrielle,"En recherche d'emploi, de stage / Jeune diplômé",Île-de-France,Val-de-Marne (94),30,25,0,55,A,0,0,0,0,0,0,0,0,False,False,0.1760579083689257,0.8239420916310742,Toujours inscrit
7531984,Bac+1,"Communication, information, journalisme",_ETUDIANT / ÉLÈVE,Île-de-France,Val-de-Marne (94),30,25,0,55,A,0,0,0,0,0,2,0,0,False,False,0.2696956274125166,0.7303043725874834,Toujours inscrit
7763443,Bac+2,(Vide),_ETUDIANT / ÉLÈVE,Île-de-France,Val-de-Marne (94),30,10,15,55,A,1,0,1,11,0,155,0,0,True,True,0.0976951531822062,0.9023048468177938,Toujours inscrit
8718479,Terminale,(Vide),_ETUDIANT / ÉLÈVE,Île-de-France,Val-de-Marne (94),30,10,15,55,A,1,0,1,1,1,38,0,0,True,True,0.21852039952598612,0.7814796004740139,Toujours inscrit
5954897,Bac+2,"Action sociale, animation, sciences sociales",_ETUDIANT / ÉLÈVE,Île-de-France,Val-de-Marne (94),30,25,0,55,A,0,0,0,0,0,1,0,0,False,False,0.0976951531822062,0.9023048468177938,Toujours inscrit
5806336,Bac+3,"Lettres, langues et sciences humaines",Etudiant,Île-de-France,Val-de-Marne (94),30,25,0,55,A,0,0,0,0,0,1,0,0,False,False,0.1760579083689257,0.8239420916310742,Toujours inscrit
5068677,Bac+4,"Communication, information, journalisme",_ETUDIANT / ÉLÈVE,Île-de-France,Val-de-Marne (94),30,25,0,55,A,0,0,0,0,0,0,0,0,False,False,0.4016652455233987,0.5983347544766013,Toujours inscrit
5103987,Première,"Commerce, vente, marketing",Lycéen,Île-de-France,Val-de-Marne (94),30,25,0,55,A,0,0,0,0,0,3,0,0,False,True,0.26089123006833714,0.7391087699316629,Toujours inscrit
5919496,Bac+3,"Santé, paramédical",_ETUDIANT / ÉLÈVE,Île-de-France,Val-de-Marne (94),30,25,0,55,A,0,0,0,0,0,1,0,0,False,False,0.1866706426121962,0.8133293573878038,Toujours inscrit
6497051,Terminale,"Sciences de la Terre (environnement, agriculture, agronomie ...)",Lycéen,Île-de-France,Val-de-Marne (94),30,25,0,55,A,0,0,0,0,0,3,0,0,False,False,0.45192889103881967,0.5480711089611803,Toujours inscrit
5016277,5ème,"Sciences de la vie (biologie, biotechnologies...)",_ETUDIANT / ÉLÈVE,Île-de-France,Val-de-Marne (94),30,25,0,55,A,0,0,0,0,0,0,0,0,False,False,0.2040369782834637,0.7959630217165363,Toujours inscrit
6870024,3ème,"Banque, assurance, finance, immobilier",Collégien,Île-de-France,Val-de-Marne (94),30,25,0,55,A,0,0,0,0,0,1,0,0,False,False,0.18308478610936077,0.8169152138906393,Toujours inscrit
4999835,Bac+2,"Energie, électricité",Etudiant,Île-de-France,Val-de-Marne (94),30,25,0,55,A,0,0,0,0,0,2,0,0,False,False,0.1492524649142159,0.8507475350857842,Toujours inscrit
7471757,Bac+4,"Droit, science politique, administration publique",Etudiant,Île-de-France,Val-de-Marne (94),30,25,0,55,A,0,0,0,0,0,2,0,0,False,False,0.25910356189285916,0.7408964381071408,Toujours inscrit
7256533,3ème,Sport,Collégien,Île-de-France,Val-de-Marne (94),30,25,0,55,A,0,0,0,0,0,2,0,0,False,False,0.15862438883502156,0.8413756111649784,Toujours inscrit
6248442,Terminale,"Commerce, vente, marketing",_ETUDIANT / ÉLÈVE,Provence-Alpes-Côte d'Azur,Var (83),30,25,0,55,A,0,0,0,0,0,3,0,0,False,False,0.20311933260790715,0.7968806673920928,Toujours inscrit
5051417,3ème,"Lettres, langues et sciences humaines",Collégien,Provence-Alpes-Côte d'Azur,Var (83),30,25,0,55,A,0,0,0,0,0,0,0,0,False,False,0.16150766526706375,0.8384923347329363,Toujours inscrit
5642067,Bac+1,"Cosmétique, esthétique, soins personnels",_ETUDIANT / ÉLÈVE,Provence-Alpes-Côte d'Azur,Var (83),30,25,0,55,A,0,0,0,0,0,1,0,0,False,False,0.17516865004168877,0.8248313499583112,Toujours inscrit
5053819,3ème,"Armée, défense, sécurité",Collégien,Provence-Alpes-Côte d'Azur,Var (83),30,25,0,55,A,0,0,0,0,0,0,0,0,True,True,,,Toujours inscrit
8509123,Bac+3,"Tourisme, hôtellerie, restauration","En recherche d'emploi, de stage / Jeune diplômé",Provence-Alpes-Côte d'Azur,Var (83),30,25,0,55,A,0,0,0,0,0,1,0,0,False,False,0.13570885518786763,0.8642911448121323,Toujours inscrit
6120440,Terminale technologique,Je ne sais pas quoi faire,Parent,Provence-Alpes-Côte d'Azur,Var (83),30,15,10,55,A,1,1,2,0,0,0,0,0,,,0.18733723958333334,0.8126627604166666,Toujours inscrit
5670820,Bac+3,"Communication, information, journalisme",Etudiant,Provence-Alpes-Côte d'Azur,Var (83),30,25,0,55,A,0,0,0,0,0,1,0,0,False,False,0.19733452794265877,0.8026654720573413,Toujours inscrit
5264988,Terminale,"Communication, information, journalisme",_ETUDIANT / ÉLÈVE,Provence-Alpes-Côte d'Azur,Vaucluse (84),30,25,0,55,A,0,0,0,0,0,0,0,0,True,True,0.28695652173913044,0.7130434782608696,Toujours inscrit
5358195,Première,"Sciences de la vie (biologie, biotechnologies...)",Lycéen,Provence-Alpes-Côte d'Azur,Vaucluse (84),30,25,0,55,A,0,0,0,0,0,0,0,0,,,0.2072492772959751,0.7927507227040249,Toujours inscrit
5351203,Terminale,Technologie industrielle,Parent,Provence-Alpes-Côte d'Azur,Vaucluse (84),30,25,0,55,A,0,0,0,0,0,0,0,0,,,0.14105580802184184,0.8589441919781582,Toujours inscrit
7916790,Bac+2,(Vide),Parent,Provence-Alpes-Côte d'Azur,Vaucluse (84),30,15,10,55,A,1,1,1,5,0,7,0,0,False,True,0.16778523489932887,0.8322147651006712,Toujours inscrit
9023530,3ème,"Mécanique, aéronautique, automobile",_ETUDIANT / ÉLÈVE,Pays de la Loire,Vendée (85),30,25,0,55,A,0,0,0,0,0,1,0,0,False,False,0.15706886045094454,0.8429311395490554,Toujours inscrit
5436103,Première,"Tourisme, hôtellerie, restauration",Parent,Pays de la Loire,Vendée (85),30,25,0,55,A,0,0,0,0,0,0,0,0,,,0.09789434798670114,0.9021056520132988,Toujours inscrit
5418332,Terminale,"Droit, science politique, administration publique",_ETUDIANT / ÉLÈVE,Pays de la Loire,Vendée (85),30,25,0,55,A,0,0,0,0,0,0,0,0,,,0.13931656027037176,0.8606834397296282,Toujours inscrit
5594351,Seconde Générale et Technologique,"International, études à l'étranger",_ETUDIANT / ÉLÈVE,Pays de la Loire,Vendée (85),30,25,0,55,A,0,0,0,0,0,1,0,0,False,False,0.13899951981470496,0.8610004801852951,Toujours inscrit
6682441,Bac+1,Economie,_ETUDIANT / ÉLÈVE,Pays de la Loire,Vendée (85),30,25,0,55,A,0,0,0,0,0,3,0,0,False,False,0.16793893129770993,0.8320610687022901,Toujours inscrit
7872863,Seconde Générale et Technologique,"Arts, audiovisuel, culture",Lycéen,Pays de la Loire,Vendée (85),30,25,0,55,A,0,0,0,0,0,2,0,0,False,False,0.11590226055141774,0.8840977394485823,Toujours inscrit
5329964,Bac+2,"Commerce, vente, marketing",Parent,Pays de la Loire,Vendée (85),30,25,0,55,A,0,0,0,0,0,0,0,0,,,0.10527950310559006,0.8947204968944099,Toujours inscrit
5162209,Bac+2,"Droit, science politique, administration publique",_ETUDIANT / ÉLÈVE,Pays de la Loire,Vendée (85),30,25,0,55,A,0,0,0,0,0,0,0,0,False,False,0.09559074854733964,0.9044092514526604,Toujours inscrit
5039805,Bac+1,"Arts, audiovisuel, culture",_ETUDIANT / ÉLÈVE,Pays de la Loire,Vendée (85),30,25,0,55,A,0,0,0,0,0,0,0,0,False,False,0.08835504885993485,0.9116449511400652,Toujours inscrit
5267828,Terminale,"Sciences de la matière (chimie, physique, matériaux, optique…)",_ETUDIANT / ÉLÈVE,Pays de la Loire,Vendée (85),30,25,0,55,A,0,0,0,0,0,0,0,0,,,0.10174198434738703,0.898258015652613,Toujours inscrit
5370606,Terminale technologique,"Sciences de la matière (chimie, physique, matériaux, optique…)",_ETUDIANT / ÉLÈVE,Pays de la Loire,Vendée (85),30,25,0,55,A,0,0,0,0,0,0,0,0,,,0.13931656027037176,0.8606834397296282,Toujours inscrit
6817452,Bac+1,"Education, formation",Etudiant,Pays de la Loire,Vendée (85),30,25,0,55,A,0,0,0,0,0,2,0,0,False,False,0.13911598537720174,0.8608840146227983,Toujours inscrit
6207676,Première,"International, études à l'étranger",Parent,Pays de la Loire,Vendée (85),30,25,0,55,A,0,0,0,0,0,0,0,0,,,0.13620050245244647,0.8637994975475536,Toujours inscrit
6603980,Bac +5 et au delà,"Lettres, langues et sciences humaines","En recherche d'emploi, de stage / Jeune diplômé",Nouvelle-Aquitaine,Vienne (86),30,25,0,55,A,0,0,0,0,0,1,0,0,False,False,0.16355086022751736,0.8364491397724827,Toujours inscrit
6756240,Première,"Communication, information, journalisme",Lycéen,Nouvelle-Aquitaine,Vienne (86),30,25,0,55,A,0,0,0,0,0,1,0,0,False,False,0.16355086022751736,0.8364491397724827,Toujours inscrit
5662809,Bac+2,"Education, formation",_ETUDIANT / ÉLÈVE,Nouvelle-Aquitaine,Vienne (86),30,25,0,55,A,0,0,0,0,0,1,0,0,False,False,0.16355086022751736,0.8364491397724827,Toujours inscrit
5594541,Bac+1,"Mécanique, aéronautique, automobile",Etudiant,Nouvelle-Aquitaine,Vienne (86),30,25,0,55,A,0,0,0,0,0,0,0,0,,,0.0983026874115983,0.9016973125884017,Toujours inscrit
5680763,Terminale,"Education, formation",_ETUDIANT / ÉLÈVE,Nouvelle-Aquitaine,Vienne (86),30,25,0,55,A,0,0,0,0,0,1,0,0,False,False,0.1760587431693989,0.823941256830601,Toujours inscrit
5480392,Terminale,"Communication, information, journalisme",Parent,Île-de-France,Yvelines (78),30,25,0,55,A,0,0,0,0,0,0,0,0,,,0.24343856979840242,0.7565614302015976,Toujours inscrit
7426618,Bac+2,"Commerce, vente, marketing",Etudiant,Île-de-France,Yvelines (78),30,25,0,55,A,0,0,0,0,0,2,0,0,False,False,0.17285766826038984,0.8271423317396102,Toujours inscrit
5046162,3ème,Technologie industrielle,Parent,Île-de-France,Yvelines (78),30,25,0,55,A,0,0,0,0,0,0,0,0,False,False,0.17285766826038984,0.8271423317396102,Toujours inscrit
5101154,Bac +5 et au delà,"International, études à l'étranger","En recherche d'emploi, de stage / Jeune diplômé",Île-de-France,Yvelines (78),30,25,0,55,A,0,0,0,0,0,0,0,0,True,True,0.3673042383394745,0.6326957616605254,Toujours inscrit
5554833,Terminale technologique,"Comptabilité, gestion, ressources humaines",Lycéen,Île-de-France,Yvelines (78),30,25,0,55,A,0,0,0,0,0,1,0,0,False,False,0.22200449960084187,0.7779955003991581,Toujours inscrit
5204766,Terminale,"Droit, science politique, administration publique",_ETUDIANT / ÉLÈVE,Île-de-France,Yvelines (78),30,25,0,55,A,0,0,0,0,0,0,0,0,,,0.3673042383394745,0.6326957616605254,Toujours inscrit
7101264,Bac +5 et au delà,"Transport, logistique","En recherche d'emploi, de stage / Jeune diplômé",Île-de-France,Yvelines (78),30,25,0,55,A,0,0,0,0,0,0,0,0,False,False,0.3673042383394745,0.6326957616605254,Toujours inscrit
5476187,Bac+2,"Digital, Informatique, multimédia",_ETUDIANT / ÉLÈVE,Île-de-France,Yvelines (78),30,25,0,55,A,0,0,0,0,0,0,0,0,,,0.3639374805920712,0.6360625194079288,Toujours inscrit
8028978,5ème,"Santé, paramédical",Collégien,Île-de-France,Yvelines (78),30,25,0,55,A,0,0,0,0,0,64,0,0,True,True,0.17572692793931732,0.8242730720606827,Toujours inscrit
8031050,Bac+3,"Communication, information, journalisme",_ETUDIANT / ÉLÈVE,Île-de-France,Yvelines (78),30,25,0,55,A,0,0,0,0,0,2,0,0,False,False,0.29101756711965526,0.7089824328803447,Toujours inscrit
5733765,Seconde Générale et Technologique,"Mécanique, aéronautique, automobile",Lycéen,Île-de-France,Yvelines (78),30,25,0,55,A,0,0,0,0,0,1,0,0,False,False,0.40724863600935307,0.5927513639906469,Toujours inscrit
4585756,Bac +5 et au delà,"Droit, science politique, administration publique",_ETUDIANT / ÉLÈVE,Île-de-France,Yvelines (78),30,25,0,55,A,0,0,0,0,0,0,0,0,False,False,0.3673042383394745,0.6326957616605254,Toujours inscrit
7859095,Bac +5 et au delà,"Digital, Informatique, multimédia","En recherche d'emploi, de stage / Jeune diplômé",Île-de-France,Yvelines (78),30,25,0,55,A,0,0,0,0,0,2,0,0,False,False,0.3673042383394745,0.6326957616605254,Toujours inscrit
5018382,Première,"Sciences de la vie (biologie, biotechnologies...)",Lycéen,Île-de-France,Yvelines (78),30,25,0,55,A,0,0,0,0,0,0,0,0,,,0.11216842105263158,0.8878315789473684,Toujours inscrit
5023087,Terminale technologique,Economie,_ETUDIANT / ÉLÈVE,Île-de-France,Yvelines (78),30,25,0,55,A,0,0,0,0,0,0,0,0,False,False,0.22100988058434867,0.7789901194156513,Toujours inscrit
5419581,Terminale,"Sciences de la matière (chimie, physique, matériaux, optique…)",_ETUDIANT / ÉLÈVE,Île-de-France,Yvelines (78),30,25,0,55,A,0,0,0,0,0,0,0,0,,,0.27299528301886794,0.7270047169811321,Toujours inscrit
8831527,3ème,"Sciences de la matière (chimie, physique, matériaux, optique…)",_ETUDIANT / ÉLÈVE,Île-de-France,Yvelines (78),30,25,0,55,A,0,0,0,0,0,1,0,0,False,False,0.23755984013351486,0.7624401598664852,Toujours inscrit
6602699,Bac+3,"Digital, Informatique, multimédia","En recherche d'emploi, de stage / Jeune diplômé",Île-de-France,Yvelines (78),30,25,0,55,A,0,0,0,0,0,1,0,0,False,False,0.2151991903578986,0.7848008096421014,Toujours inscrit
5126546,Bac+3,"Lettres, langues et sciences humaines",_ETUDIANT / ÉLÈVE,Île-de-France,Yvelines (78),30,25,0,55,A,0,0,0,0,0,0,0,0,False,False,0.10224277686607987,0.8977572231339201,Toujours inscrit
5191008,Terminale technologique,Economie,Lycéen,Île-de-France,Yvelines (78),30,25,0,55,A,0,0,0,0,0,0,0,0,True,True,0.3361720842829155,0.6638279157170844,Toujours inscrit
5235000,Bac+1,"Lettres, langues et sciences humaines",_ETUDIANT / ÉLÈVE,Île-de-France,Yvelines (78),30,25,0,55,A,0,0,0,0,0,0,0,0,False,False,0.4398608349900596,0.5601391650099403,Toujours inscrit
5816632,Terminale,"Santé, paramédical",Lycéen,Île-de-France,Yvelines (78),30,25,0,55,A,0,0,0,0,0,1,0,0,False,False,0.23034424139396514,0.7696557586060349,Toujours inscrit
7223537,Première,Je ne sais pas quoi faire,Lycéen,Île-de-France,Yvelines (78),30,15,10,55,A,1,1,1,4,0,71,0,0,True,True,0.20862239841427155,0.7913776015857285,Toujours inscrit
5237176,3ème,"Banque, assurance, finance, immobilier",Collégien,Île-de-France,Yvelines (78),30,25,0,55,A,0,0,0,0,0,0,0,0,,,0.14995099640640314,0.8500490035935969,Toujours inscrit
7095990,Bac +5 et au delà,Je ne sais pas quoi faire,Parent,Île-de-France,Yvelines (78),30,10,15,55,A,1,0,1,6,0,26,0,0,True,True,0.23337868906301318,0.7666213109369868,Toujours inscrit
5938812,5ème,"Droit, science politique, administration publique",Parent,Île-de-France,Yvelines (78),30,25,0,55,A,0,0,0,0,0,1,0,0,False,False,0.4229714470075819,0.5770285529924182,Toujours inscrit
9100033,Bac+2,"Tourisme, hôtellerie, restauration",_ETUDIANT / ÉLÈVE,Île-de-France,Yvelines (78),30,25,0,55,A,0,0,0,0,0,1,0,0,False,False,0.3673042383394745,0.6326957616605254,Toujours inscrit
5957993,Seconde Pro,"Commerce, vente, marketing",_ETUDIANT / ÉLÈVE,Île-de-France,Yvelines (78),30,25,0,55,A,0,0,0,0,0,33,0,0,True,True,0.10724684568100938,0.8927531543189906,Toujours inscrit
5096842,Bac+3,Economie,Parent,Île-de-France,Yvelines (78),30,25,0,55,A,0,0,0,0,0,0,0,0,False,False,0.36813154999710496,0.631868450002895,Toujours inscrit
5053736,3ème,"Sciences de la vie (biologie, biotechnologies...)",_ETUDIANT / ÉLÈVE,Île-de-France,Yvelines (78),30,25,0,55,A,0,0,0,0,0,161,0,0,True,False,0.3673042383394745,0.6326957616605254,Toujours inscrit
7810560,Bac+1,"Santé, paramédical",Etudiant,Île-de-France,Yvelines (78),30,25,0,55,A,0,0,0,0,0,9,0,0,True,True,0.3673042383394745,0.6326957616605254,Toujours inscrit
5134171,Terminale,"Santé, paramédical",_ETUDIANT / ÉLÈVE,Île-de-France,Yvelines (78),30,25,0,55,A,0,0,0,0,0,0,0,0,False,False,0.3673042383394745,0.6326957616605254,Toujours inscrit
5215459,Bac+3,Technologie industrielle,_ETUDIANT / ÉLÈVE,Île-de-France,Yvelines (78),30,25,0,55,A,0,0,0,0,0,0,0,0,,,0.41321862624607403,0.586781373753926,Toujours inscrit
5181547,3ème,Economie,Collégien,Île-de-France,Yvelines (78),30,25,0,55,A,0,0,0,0,0,0,0,0,False,False,0.3361720842829155,0.6638279157170844,Toujours inscrit
8023695,Seconde Générale et Technologique,"Architecture, géographie, aménagement",_ETUDIANT / ÉLÈVE,Île-de-France,Yvelines (78),30,25,0,55,A,0,0,0,0,0,1,0,0,True,False,0.46795074202715503,0.532049257972845,Toujours inscrit
5157823,Terminale,Economie,Lycéen,Île-de-France,Yvelines (78),30,25,0,55,A,0,0,0,0,0,0,0,0,True,False,0.3178568622829759,0.6821431377170242,Toujours inscrit
7816443,3ème,"Action sociale, animation, sciences sociales",Collégien,Île-de-France,Yvelines (78),30,25,0,55,A,0,0,0,0,0,1,0,0,True,False,0.37625054371465855,0.6237494562853415,Toujours inscrit
6865622,3ème,"Banque, assurance, finance, immobilier",Collégien,Île-de-France,Yvelines (78),30,25,0,55,A,0,0,0,0,0,1,0,0,False,False,0.25723558203873165,0.7427644179612684,Toujours inscrit
9102990,Terminale,Sport,Lycéen,Île-de-France,Yvelines (78),30,25,0,55,A,0,0,0,0,0,0,0,0,True,True,0.36648402770598576,0.6335159722940142,Toujours inscrit
8255492,Seconde Générale et Technologique,"Sciences de la matière (chimie, physique, matériaux, optique…)",_ETUDIANT / ÉLÈVE,Île-de-France,Yvelines (78),30,25,0,55,A,0,0,0,0,0,124,0,0,True,True,0.3673042383394745,0.6326957616605254,Toujours inscrit
6424566,Seconde Générale et Technologique,Je ne sais pas quoi faire,Lycéen,Pays de la Loire,Mayenne (53),30,15,5,50,B,1,1,1,0,0,0,0,0,,,0.08771929824561403,0.9122807017543859,Toujours inscrit
5704263,Bac+1,Je ne sais pas quoi faire,Etudiant,Bourgogne-Franche-Comté,Yonne (89),30,10,10,50,B,0,0,0,184,0,250,0,0,True,False,0.12458939465039888,0.8754106053496011,Toujours inscrit
5491151,(Vide),"Sciences de la vie (biologie, biotechnologies...)",_ETUDIANT / ÉLÈVE,Grand Est,Aube (10),30,15,5,50,B,0,0,0,1,0,1,0,0,False,False,0.08002462296091105,0.9199753770390889,Toujours inscrit
8996536,Seconde Générale et Technologique,Je ne sais pas quoi faire,_ETUDIANT / ÉLÈVE,Bourgogne-Franche-Comté,Côte-d'Or (21),30,10,10,50,B,0,0,0,16,0,16,0,0,True,True,0.17148373508073952,0.8285162649192604,Toujours inscrit
8545817,Terminale,(Vide),Parent,Bourgogne-Franche-Comté,Côte-d'Or (21),30,10,10,50,B,1,0,1,1,0,32,0,0,True,True,0.17950502706883217,0.8204949729311678,Toujours inscrit
8941091,Première,Je ne sais pas quoi faire,_ETUDIANT / ÉLÈVE,Occitanie,Aude (11),30,10,10,50,B,1,0,1,3,0,25,0,0,True,False,0.13700281237444756,0.8629971876255524,Toujours inscrit
6185784,Bac+2,Je ne sais pas quoi faire,Etudiant,,,30,10,10,50,B,0,0,0,90,0,129,0,0,False,False,,,Toujours inscrit
6103835,Seconde Pro,Je ne sais pas quoi faire,Lycéen,,,30,15,5,50,B,1,1,1,0,0,1,0,0,False,False,,,Toujours inscrit
6355902,Terminale,Je ne sais pas quoi faire,Lycéen,,,30,15,5,50,B,1,1,1,0,0,0,0,0,,,,,Toujours inscrit
5848449,Seconde Générale et Technologique,Je ne sais pas quoi faire,_ETUDIANT / ÉLÈVE,,,30,15,5,50,B,1,1,1,0,0,0,0,0,True,True,,,Toujours inscrit
5940415,Seconde Générale et Technologique,Je ne sais pas quoi faire,Lycéen,,,30,10,10,50,B,0,0,0,7,0,7,0,0,False,True,,,Toujours inscrit
5649070,3ème,Je ne sais pas quoi faire,_ETUDIANT / ÉLÈVE,,,30,10,10,50,B,0,0,0,50,0,94,0,0,True,True,,,Toujours inscrit
8508584,Bac+1,"Lettres, langues et sciences humaines",Etudiant,,,15,25,10,50,B,0,0,0,1,1,5,0,0,True,False,,,Désinscrit
8253680,Première,(Vide),Lycéen,,,30,10,10,50,B,1,0,1,4,0,4,0,0,False,True,,,Toujours inscrit
7026483,4ème,(Vide),_ETUDIANT / ÉLÈVE,,,30,15,5,50,B,1,1,1,0,0,57,0,0,True,True,,,Toujours inscrit
5724960,3ème,Je ne sais pas quoi faire,Collégien,,,30,10,10,50,B,0,0,0,90,0,94,0,0,True,False,,,Toujours inscrit
7461520,Seconde Générale et Technologique,Je ne sais pas quoi faire,Lycéen,Provence-Alpes-Côte d'Azur,Alpes-Maritimes (06),30,10,10,50,B,1,0,1,1,0,139,0,0,True,True,0.16983695652173914,0.8301630434782609,Toujours inscrit
7747187,Seconde Générale et Technologique,Je ne sais pas quoi faire,Lycéen,Provence-Alpes-Côte d'Azur,Alpes-Maritimes (06),30,10,10,50,B,1,0,1,4,0,119,0,0,True,False,0.1819503683598294,0.8180496316401706,Toujours inscrit
7903644,Bac+1,(Vide),Parent,Provence-Alpes-Côte d'Azur,Alpes-Maritimes (06),30,15,5,50,B,1,1,1,0,0,113,0,0,True,False,0.24250926946587834,0.7574907305341216,Toujours inscrit
7434091,Bac+1,"Architecture, géographie, aménagement",Etudiant,Grand Est,Bas-Rhin (67),15,25,10,50,B,1,0,1,1,0,2,0,0,False,False,0.1939254953201248,0.8060745046798752,Désinscrit
8569276,3ème,(Vide),_ETUDIANT / ÉLÈVE,Provence-Alpes-Côte d'Azur,Bouches-du-Rhône (13),30,10,10,50,B,1,0,1,1,0,18,0,0,True,False,0.1557799978043693,0.8442200021956306,Toujours inscrit
8910653,3ème,(Vide),_ETUDIANT / ÉLÈVE,Provence-Alpes-Côte d'Azur,Bouches-du-Rhône (13),30,15,5,50,B,1,1,1,0,0,8,0,0,True,False,0.24333360515371444,0.7566663948462856,Toujours inscrit
7856009,Terminale technologique,Economie,_ETUDIANT / ÉLÈVE,Provence-Alpes-Côte d'Azur,Bouches-du-Rhône (13),15,25,10,50,B,1,0,1,1,0,3,0,0,False,False,0.1982573726541555,0.8017426273458444,Désinscrit
8050276,Seconde Générale et Technologique,Je ne sais pas quoi faire,_ETUDIANT / ÉLÈVE,Provence-Alpes-Côte d'Azur,Bouches-du-Rhône (13),30,10,10,50,B,0,0,0,8,0,118,0,0,True,False,0.04354047424366312,0.9564595257563369,Toujours inscrit
8965921,Première,(Vide),Parent,Provence-Alpes-Côte d'Azur,Bouches-du-Rhône (13),30,10,10,50,B,1,0,1,1,0,1,0,0,False,True,0.1360741498919595,0.8639258501080405,Toujours inscrit
8501674,Première technologique,Je ne sais pas quoi faire,_ETUDIANT / ÉLÈVE,Provence-Alpes-Côte d'Azur,Bouches-du-Rhône (13),30,10,10,50,B,0,0,0,59,0,67,0,0,True,True,0.14451551764984602,0.855484482350154,Toujours inscrit
7918326,6ème,Je ne sais pas quoi faire,Collégien,Provence-Alpes-Côte d'Azur,Bouches-du-Rhône (13),30,15,5,50,B,1,1,1,0,0,1,0,0,False,True,0.2355715871254162,0.7644284128745837,Toujours inscrit
5459346,(Vide),"Tourisme, hôtellerie, restauration",_ETUDIANT / ÉLÈVE,Normandie,Calvados (14),30,15,5,50,B,0,0,0,1,0,2,0,0,False,False,0.12342264477095938,0.8765773552290406,Toujours inscrit
6229156,3ème,Je ne sais pas quoi faire,_ETUDIANT / ÉLÈVE,Normandie,Calvados (14),30,15,5,50,B,1,1,1,0,0,0,0,0,,,0.14313725490196078,0.8568627450980392,Toujours inscrit
6711757,3ème,Je ne sais pas quoi faire,_ETUDIANT / ÉLÈVE,Normandie,Calvados (14),30,15,5,50,B,1,1,1,0,0,2,0,0,False,False,0.11711522287636669,0.8828847771236333,Toujours inscrit
6335963,Première,Je ne sais pas quoi faire,_ETUDIANT / ÉLÈVE,Bretagne,Côtes d'Armor (22),30,15,5,50,B,1,1,1,0,0,0,0,0,,,0.15337931034482757,0.8466206896551725,Toujours inscrit
6563312,Terminale,Je ne sais pas quoi faire,Parent,Bourgogne-Franche-Comté,Doubs (25),30,10,10,50,B,1,0,1,1,0,2,0,0,False,False,0.10424354243542436,0.8957564575645757,Toujours inscrit
7983317,Première,(Vide),Parent,Île-de-France,Essonne (91),30,10,10,50,B,1,0,1,4,0,8,0,0,False,True,0.2839405658457155,0.7160594341542845,Toujours inscrit
6890575,Terminale,(Vide),Parent,Île-de-France,Essonne (91),30,15,5,50,B,1,1,1,0,0,1,0,0,False,False,0.2698044118960436,0.7301955881039565,Toujours inscrit
6582227,Bac+1,Je ne sais pas quoi faire,_ETUDIANT / ÉLÈVE,Île-de-France,Essonne (91),30,10,10,50,B,0,0,0,203,0,249,0,0,True,False,0.22219264386175075,0.7778073561382493,Toujours inscrit
8124628,Première,Je ne sais pas quoi faire,Parent,Nouvelle-Aquitaine,Gironde (33),30,10,10,50,B,0,0,0,3,1,66,0,0,True,False,0.23857588135345284,0.7614241186465471,Toujours inscrit
7521459,3ème,Je ne sais pas quoi faire,_ETUDIANT / ÉLÈVE,Nouvelle-Aquitaine,Gironde (33),30,10,10,50,B,0,0,0,7,0,87,0,0,True,True,0.15863109526095603,0.8413689047390439,Toujours inscrit
6476581,Seconde Générale et Technologique,(Vide),Parent,Nouvelle-Aquitaine,Gironde (33),30,10,10,50,B,1,0,1,1,0,16,0,0,True,False,0.23857588135345284,0.7614241186465471,Toujours inscrit
8894138,Terminale,(Vide),_ETUDIANT / ÉLÈVE,Nouvelle-Aquitaine,Gironde (33),30,10,10,50,B,0,0,0,32,0,32,0,0,True,True,0.1507954125046245,0.8492045874953755,Toujours inscrit
6430975,Bac+2,Je ne sais pas quoi faire,Etudiant,Nouvelle-Aquitaine,Gironde (33),30,15,5,50,B,1,1,1,0,0,0,0,0,,,0.23857588135345284,0.7614241186465471,Toujours inscrit
7254363,3ème,Je ne sais pas quoi faire,Parent,Nouvelle-Aquitaine,Gironde (33),30,10,10,50,B,1,0,1,2,0,3,0,0,False,False,0.10073919016157519,0.8992608098384248,Toujours inscrit
7782731,Terminale,(Vide),Parent,Occitanie,Haute-Garonne (31),30,15,5,50,B,1,1,1,0,0,6,0,0,False,True,0.2567321688500728,0.7432678311499272,Toujours inscrit
8605208,Seconde Générale et Technologique,(Vide),_ETUDIANT / ÉLÈVE,Auvergne-Rhône-Alpes,Haute-Savoie (74),30,15,5,50,B,1,1,1,0,0,34,0,0,True,True,0.16314569987733407,0.8368543001226659,Toujours inscrit
8716435,Première,(Vide),Lycéen,Île-de-France,Hauts-de-Seine (92),30,15,5,50,B,1,1,1,0,0,1,0,0,True,True,0.17129959610358755,0.8287004038964124,Toujours inscrit
6032393,Terminale,Je ne sais pas quoi faire,_ETUDIANT / ÉLÈVE,Île-de-France,Hauts-de-Seine (92),30,15,5,50,B,1,1,1,0,0,0,0,0,,,0.44393560921454345,0.5560643907854566,Toujours inscrit
7408767,3ème,Je ne sais pas quoi faire,_ETUDIANT / ÉLÈVE,Île-de-France,Hauts-de-Seine (92),30,10,10,50,B,1,0,1,3,0,6,0,0,False,True,0.37857869874990213,0.6214213012500979,Toujours inscrit
4790600,(Vide),"Banque, assurance, finance, immobilier",_ETUDIANT / ÉLÈVE,Île-de-France,Hauts-de-Seine (92),30,15,5,50,B,0,0,0,1,0,1,0,0,False,False,0.41144564106595394,0.5885543589340461,Toujours inscrit
7352672,5ème,Je ne sais pas quoi faire,_ETUDIANT / ÉLÈVE,Île-de-France,Hauts-de-Seine (92),30,10,10,50,B,0,0,0,6,0,42,0,0,True,False,0.3484385003912641,0.6515614996087359,Toujours inscrit
6408106,Première technologique,Je ne sais pas quoi faire,Parent,Île-de-France,Hauts-de-Seine (92),30,15,5,50,B,1,1,1,0,0,0,0,0,,,0.41394405295750586,0.5860559470424941,Toujours inscrit
8967138,Seconde Générale et Technologique,Je ne sais pas quoi faire,_ETUDIANT / ÉLÈVE,Occitanie,Hérault (34),30,15,5,50,B,1,1,1,0,0,25,0,0,True,True,0.2082126875493551,0.7917873124506449,Toujours inscrit
7669459,3ème,Je ne sais pas quoi faire,Collégien,Occitanie,Hérault (34),30,10,10,50,B,0,0,0,27,0,56,0,0,True,True,0.24783246631986128,0.7521675336801387,Toujours inscrit
9022016,Seconde Générale et Technologique,(Vide),Lycéen,Bretagne,Ille-et-Vilaine (35),30,10,10,50,B,1,0,1,1,0,1,0,0,False,True,0.15265430530861063,0.8473456946913894,Toujours inscrit
8684024,Première technologique,Je ne sais pas quoi faire,Lycéen,Auvergne-Rhône-Alpes,Isère (38),30,10,10,50,B,0,0,0,24,0,35,0,0,True,True,0.11827956989247312,0.8817204301075269,Toujours inscrit
5563824,Première,Je ne sais pas quoi faire,_ETUDIANT / ÉLÈVE,Auvergne-Rhône-Alpes,Isère (38),30,15,5,50,B,1,1,1,0,0,0,0,0,,,0.16861274772362078,0.8313872522763792,Toujours inscrit
6178357,Terminale technologique,Je ne sais pas quoi faire,Parent,Auvergne-Rhône-Alpes,Loire (42),30,15,5,50,B,1,1,1,0,0,0,0,0,,,0.056980703745743475,0.9430192962542565,Toujours inscrit
6525644,Bac +5 et au delà,Je ne sais pas quoi faire,_ETUDIANT / ÉLÈVE,Pays de la Loire,Loire-Atlantique (44),30,10,10,50,B,0,0,0,3,2,52,0,0,True,False,0.29200026036581395,0.707999739634186,Toujours inscrit
8504729,Terminale,Je ne sais pas quoi faire,_ETUDIANT / ÉLÈVE,Pays de la Loire,Loire-Atlantique (44),30,15,5,50,B,1,1,1,0,0,2,0,0,False,False,0.13387806411062225,0.8661219358893778,Toujours inscrit
8763794,3ème,(Vide),Collégien,Pays de la Loire,Loire-Atlantique (44),30,15,5,50,B,1,1,1,0,0,1,0,0,False,True,0.23244402813032358,0.7675559718696764,Toujours inscrit
7428576,Première Pro,(Vide),Parent,Pays de la Loire,Loire-Atlantique (44),30,15,5,50,B,1,1,1,0,0,4,0,0,True,True,0.13990267639902676,0.8600973236009732,Toujours inscrit
6248868,(Vide),"Arts, audiovisuel, culture",_ETUDIANT / ÉLÈVE,Pays de la Loire,Maine-et-Loire (49),30,15,5,50,B,0,0,0,1,0,1,0,0,False,False,0.1485512575378732,0.8514487424621268,Toujours inscrit
7999757,Terminale,(Vide),_ETUDIANT / ÉLÈVE,Normandie,Manche (50),30,15,5,50,B,1,1,1,0,0,1,0,0,True,False,0.10660229645093945,0.8933977035490606,Toujours inscrit
7065400,Bac+1,Je ne sais pas quoi faire,_ETUDIANT / ÉLÈVE,Bretagne,Morbihan (56),30,10,10,50,B,0,0,0,109,0,140,0,0,True,False,0.09646539027982327,0.9035346097201767,Toujours inscrit
7739668,3ème,(Vide),Collégien,Bretagne,Morbihan (56),30,10,10,50,B,1,0,1,2,0,23,0,0,True,True,0.13126434005554885,0.8687356599444511,Toujours inscrit
6945191,4ème,(Vide),Collégien,Bretagne,Morbihan (56),30,15,5,50,B,1,1,1,0,0,58,0,0,True,True,0.13436899423446508,0.8656310057655349,Toujours inscrit
8574173,Première,(Vide),Parent,Hauts-de-France,Nord (59),30,15,5,50,B,1,1,1,0,0,18,0,0,True,True,0.3021839841164792,0.6978160158835208,Toujours inscrit
6887909,5ème,(Vide),_ETUDIANT / ÉLÈVE,Hauts-de-France,Nord (59),30,15,5,50,B,1,1,1,0,0,1,0,0,True,True,0.2815750371471025,0.7184249628528975,Toujours inscrit
8360867,Bac+2,Je ne sais pas quoi faire,_ETUDIANT / ÉLÈVE,Hauts-de-France,Nord (59),30,10,10,50,B,1,0,1,5,0,14,0,0,False,True,0.14983050847457627,0.8501694915254238,Toujours inscrit
7145769,4ème,Je ne sais pas quoi faire,Parent,Hauts-de-France,Nord (59),30,15,5,50,B,1,1,1,0,0,2,0,0,False,False,0.11608736296422198,0.883912637035778,Toujours inscrit
8945037,3ème,(Vide),_ETUDIANT / ÉLÈVE,Hauts-de-France,Nord (59),30,15,5,50,B,1,1,1,0,0,1,0,0,True,False,0.21324309428281882,0.7867569057171812,Toujours inscrit
7300010,5ème,(Vide),Collégien,Hauts-de-France,Nord (59),30,10,10,50,B,1,0,1,2,0,16,0,0,True,True,0.36555674901539564,0.6344432509846044,Toujours inscrit
8524523,Terminale,Je ne sais pas quoi faire,Lycéen,Île-de-France,Paris (75),30,10,10,50,B,1,0,1,2,0,2,0,0,False,False,0.43072624678146854,0.5692737532185315,Toujours inscrit
6748585,Bac+2,Je ne sais pas quoi faire,_ETUDIANT / ÉLÈVE,Île-de-France,Paris (75),30,15,5,50,B,1,1,1,0,0,1,0,0,False,False,0.2834635001593879,0.7165364998406121,Toujours inscrit
6211342,6ème,Je ne sais pas quoi faire,Parent,Île-de-France,Paris (75),30,10,10,50,B,0,0,0,143,0,223,0,0,True,True,0.4251233327242828,0.5748766672757172,Toujours inscrit
8551160,Bac +5 et au delà,Je ne sais pas quoi faire,"En recherche d'emploi, de stage / Jeune diplômé",Île-de-France,Paris (75),30,15,5,50,B,1,1,1,0,0,2,0,0,False,False,0.47446373850868234,0.5255362614913177,Toujours inscrit
6900259,Terminale,Je ne sais pas quoi faire,Parent,Île-de-France,Paris (75),30,10,10,50,B,1,0,1,3,0,3,0,0,False,False,0.4251233327242828,0.5748766672757172,Toujours inscrit
7541947,Seconde Générale et Technologique,Je ne sais pas quoi faire,_ETUDIANT / ÉLÈVE,Île-de-France,Paris (75),30,10,10,50,B,1,0,1,1,0,2,0,0,False,False,0.4322079396718236,0.5677920603281764,Toujours inscrit
8742320,5ème,(Vide),Collégien,Hauts-de-France,Pas-de-Calais (62),30,15,5,50,B,1,1,1,0,0,11,0,0,True,True,0.07017843421838982,0.9298215657816101,Toujours inscrit
8139004,Bac+4,Je ne sais pas quoi faire,Etudiant,Auvergne-Rhône-Alpes,Puy-de-Dôme (63),30,10,10,50,B,1,0,1,3,0,12,0,0,True,True,0.28423574508864397,0.715764254911356,Toujours inscrit
8874204,Seconde Générale et Technologique,(Vide),Parent,Auvergne-Rhône-Alpes,Rhône (69),30,15,5,50,B,1,1,1,0,0,1,0,0,True,True,0.1936645657690104,0.8063354342309896,Toujours inscrit
5831692,3ème,Je ne sais pas quoi faire,_ETUDIANT / ÉLÈVE,Auvergne-Rhône-Alpes,Rhône (69),30,15,5,50,B,1,1,1,0,0,1,0,0,False,False,0.3338800801895389,0.666119919810461,Toujours inscrit
8901239,Seconde Générale et Technologique,Je ne sais pas quoi faire,Parent,Auvergne-Rhône-Alpes,Rhône (69),30,10,10,50,B,0,0,0,12,0,12,0,0,True,False,0.0670995670995671,0.9329004329004329,Toujours inscrit
9023772,Terminale,(Vide),Parent,Pays de la Loire,Sarthe (72),30,10,10,50,B,1,0,1,4,0,11,0,0,True,False,0.11755301245371928,0.8824469875462807,Toujours inscrit
6142069,Terminale Pro,Je ne sais pas quoi faire,_ETUDIANT / ÉLÈVE,Normandie,Seine-Maritime (76),30,10,10,50,B,0,0,0,62,0,196,0,0,True,False,0.15034965034965034,0.8496503496503497,Toujours inscrit
8323534,Seconde Générale et Technologique,Je ne sais pas quoi faire,Lycéen,Île-de-France,Seine-St-Denis (93),30,10,10,50,B,0,0,0,86,0,92,0,0,True,False,0.09754631593833969,0.9024536840616603,Toujours inscrit
8541689,Terminale,(Vide),_ETUDIANT / ÉLÈVE,Île-de-France,Seine-et-Marne (77),30,10,10,50,B,1,0,1,1,0,8,0,0,False,True,0.23891625615763548,0.7610837438423645,Toujours inscrit
6805789,Bac+2,Je ne sais pas quoi faire,Etudiant,Île-de-France,Seine-et-Marne (77),30,10,10,50,B,0,0,0,22,0,51,0,0,True,True,0.15477426050856252,0.8452257394914374,Toujours inscrit
7353387,Première technologique,(Vide),Lycéen,Île-de-France,Seine-et-Marne (77),30,15,5,50,B,1,1,1,0,0,1,0,0,True,True,0.10169036758787228,0.8983096324121277,Toujours inscrit
8970225,Seconde Générale et Technologique,(Vide),Parent,Hauts-de-France,Somme (80),30,10,10,50,B,1,0,1,5,0,5,0,0,True,True,0.14587525150905434,0.8541247484909457,Toujours inscrit
7173754,Première,Je ne sais pas quoi faire,Parent,Hauts-de-France,Somme (80),30,15,5,50,B,1,1,1,0,0,1,0,0,True,True,0.09772854739203589,0.9022714526079642,Toujours inscrit
8098481,Première,(Vide),Lycéen,Hauts-de-France,Somme (80),30,15,5,50,B,1,1,1,0,0,1,0,0,True,True,0.1558530724339169,0.8441469275660831,Toujours inscrit
8505630,Bac+1,Je ne sais pas quoi faire,_ETUDIANT / ÉLÈVE,Île-de-France,Val-D'Oise (95),30,10,10,50,B,1,0,1,2,0,2,0,0,False,False,0.09233152594887684,0.9076684740511232,Toujours inscrit
6901415,3ème,(Vide),_ETUDIANT / ÉLÈVE,Île-de-France,Val-de-Marne (94),30,15,5,50,B,1,1,1,0,0,1,0,0,False,False,0.45192889103881967,0.5480711089611803,Toujours inscrit
8463198,Terminale technologique,Je ne sais pas quoi faire,Lycéen,Île-de-France,Val-de-Marne (94),30,10,10,50,B,0,0,0,11,0,93,0,0,True,False,0.2321663379355687,0.7678336620644313,Toujours inscrit
6028769,Terminale,Je ne sais pas quoi faire,_ETUDIANT / ÉLÈVE,Île-de-France,Val-de-Marne (94),30,15,5,50,B,1,1,1,0,0,0,0,0,True,False,0.24060069723786537,0.7593993027621346,Toujours inscrit
8214077,Terminale,Je ne sais pas quoi faire,Parent,Provence-Alpes-Côte d'Azur,Var (83),30,15,5,50,B,1,1,1,0,0,5,0,0,False,True,0.16037735849056603,0.839622641509434,Toujours inscrit
7644993,3ème,Je ne sais pas quoi faire,Parent,Pays de la Loire,Vendée (85),30,10,10,50,B,0,0,0,2,1,2,0,0,False,False,0.10323952879581152,0.8967604712041884,Toujours inscrit
8764775,Bac+3,Je ne sais pas quoi faire,Etudiant,Pays de la Loire,Vendée (85),30,10,10,50,B,1,0,1,1,0,1,0,0,False,False,0.13899951981470496,0.8610004801852951,Toujours inscrit
6676685,Seconde Générale et Technologique,Je ne sais pas quoi faire,Lycéen,Nouvelle-Aquitaine,Vienne (86),30,10,10,50,B,0,0,0,8,0,14,0,0,True,False,0.16355086022751736,0.8364491397724827,Toujours inscrit
8636966,Première,(Vide),Parent,Île-de-France,Yvelines (78),30,10,10,50,B,1,0,1,1,0,14,0,0,True,False,0.2032728202505753,0.7967271797494248,Toujours inscrit
8765679,Terminale,Je ne sais pas quoi faire,Lycéen,Île-de-France,Yvelines (78),30,15,5,50,B,1,1,1,0,0,0,0,0,,,0.3673042383394745,0.6326957616605254,Toujours inscrit
6033760,Terminale,Je ne sais pas quoi faire,Lycéen,Île-de-France,Yvelines (78),30,15,5,50,B,1,1,1,0,0,0,0,0,,,0.2151991903578986,0.7848008096421014,Toujours inscrit
7520378,Bac +5 et au delà,Je ne sais pas quoi faire,"En recherche d'emploi, de stage / Jeune diplômé",Bourgogne-Franche-Comté,Côte-d'Or (21),30,10,5,45,B,0,0,0,2,0,3,0,0,False,False,0.17950502706883217,0.8204949729311678,Toujours inscrit
5133351,(Vide),"Tourisme, hôtellerie, restauration",_ETUDIANT / ÉLÈVE,Nouvelle-Aquitaine,Landes (40),30,15,0,45,B,0,0,0,0,0,0,0,0,True,True,0.13004772885718882,0.8699522711428112,Toujours inscrit
6759250,Terminale technologique,Je ne sais pas quoi faire,_ETUDIANT / ÉLÈVE,Grand Est,Haut-Rhin (68),30,10,5,45,B,0,0,0,1,0,1,0,0,False,False,0.10523355633177432,0.8947664436682257,Toujours inscrit
7418418,Terminale Pro,Je ne sais pas quoi faire,Lycéen,Occitanie,Tarn (81),30,10,5,45,B,0,0,0,2,0,2,0,0,False,False,0.142496230797441,0.857503769202559,Toujours inscrit
8826423,Seconde Pro,(Vide),Lycéen,Bourgogne-Franche-Comté,Haute-Saône (70),30,10,5,45,B,1,0,1,0,0,1,0,0,True,True,0.1494553376906318,0.8505446623093682,Toujours inscrit
7340307,Terminale,(Vide),_ETUDIANT / ÉLÈVE,Hauts-de-France,Aisne (02),30,10,5,45,B,1,0,1,0,0,1,0,0,True,True,0.10717689318964885,0.8928231068103512,Toujours inscrit
8788979,Bac+1,Je ne sais pas quoi faire,Etudiant,Nouvelle-Aquitaine,Haute-Vienne (87),30,10,5,45,B,0,0,0,1,0,1,0,0,False,False,0.1475714928659182,0.8524285071340818,Toujours inscrit
8277723,Bac+4,Je ne sais pas quoi faire,_ETUDIANT / ÉLÈVE,Grand Est,Aube (10),30,10,5,45,B,0,0,0,2,0,2,0,0,False,False,0.09743891669119811,0.9025610833088019,Toujours inscrit
7868132,Terminale,Je ne sais pas quoi faire,Lycéen,Grand Est,Meurthe-et-Moselle (54),30,10,5,45,B,0,0,0,2,0,2,0,0,False,False,0.1077726574500768,0.8922273425499232,Toujours inscrit
5902802,3ème,Je ne sais pas quoi faire,Collégien,Nouvelle-Aquitaine,Landes (40),30,10,5,45,B,0,0,0,1,0,1,0,0,False,False,0.14993328885923948,0.8500667111407605,Toujours inscrit
6484194,CAP/BEP,Je ne sais pas quoi faire,Parent,Nouvelle-Aquitaine,Lot-et-Garonne (47),30,10,5,45,B,0,0,0,1,0,55,0,0,True,True,0.1285134946161376,0.8714865053838624,Toujours inscrit
6160113,Première,Je ne sais pas quoi faire,Parent,Auvergne-Rhône-Alpes,Allier (03),30,10,5,45,B,1,0,1,0,0,0,0,0,,,0.10469409282700422,0.8953059071729957,Toujours inscrit
7616738,Bac+3,Je ne sais pas quoi faire,_ETUDIANT / ÉLÈVE,Grand Est,Haut-Rhin (68),30,10,5,45,B,0,0,0,1,0,3,0,0,False,True,0.21380933699489996,0.7861906630051,Toujours inscrit
8390907,4ème,Je ne sais pas quoi faire,Collégien,Occitanie,Ariège (09),30,10,5,45,B,0,0,0,2,0,2,0,0,False,False,0.13558712461787448,0.8644128753821255,Toujours inscrit
5153965,(Vide),"Armée, défense, sécurité",Etudiant,Nouvelle-Aquitaine,Haute-Vienne (87),30,15,0,45,B,0,0,0,0,0,0,0,0,False,False,0.1475714928659182,0.8524285071340818,Toujours inscrit
7551048,Bac+3,Je ne sais pas quoi faire,Etudiant,,,30,10,5,45,B,0,0,0,1,0,2,0,0,False,False,,,Toujours inscrit
6093688,3ème,Je ne sais pas quoi faire,_ETUDIANT / ÉLÈVE,,,30,10,5,45,B,0,0,0,1,0,1,0,0,False,False,,,Toujours inscrit
8040372,Terminale,(Vide),_ETUDIANT / ÉLÈVE,,,30,10,5,45,B,1,0,1,0,0,7,0,0,False,True,,,Toujours inscrit
7620688,Terminale,Je ne sais pas quoi faire,_ETUDIANT / ÉLÈVE,,,30,10,5,45,B,0,0,0,1,0,2,0,0,False,False,,,Toujours inscrit
8618872,Première,(Vide),_ETUDIANT / ÉLÈVE,,,30,10,5,45,B,1,0,1,0,0,1,0,0,False,True,,,Toujours inscrit
6725660,Bac+1,Je ne sais pas quoi faire,_ETUDIANT / ÉLÈVE,,,30,10,5,45,B,0,0,0,2,0,4,0,0,False,True,,,Toujours inscrit
6092590,Bac+1,Je ne sais pas quoi faire,_ETUDIANT / ÉLÈVE,,,30,10,5,45,B,0,0,0,3,0,3,0,0,False,False,,,Toujours inscrit
5784862,3ème,Je ne sais pas quoi faire,Collégien,,,30,10,5,45,B,0,0,0,1,0,13,0,0,False,True,,,Toujours inscrit
6672533,Bac+2,Je ne sais pas quoi faire,_ETUDIANT / ÉLÈVE,,,30,10,5,45,B,0,0,0,1,0,1,0,0,False,False,,,Toujours inscrit
3867984,(Vide),"Droit, science politique, administration publique",Parent,,,30,15,0,45,B,0,0,0,0,0,0,0,0,True,True,,,Toujours inscrit
6065726,Terminale Pro,Je ne sais pas quoi faire,"En recherche d'emploi, de stage / Jeune diplômé",,,30,10,5,45,B,0,0,0,4,0,53,0,0,True,False,,,Toujours inscrit
5738109,Terminale,Je ne sais pas quoi faire,Etudiant,,,30,10,5,45,B,0,0,0,1,0,1,0,0,False,False,,,Toujours inscrit
8709259,Première,(Vide),Parent,,,30,10,5,45,B,1,0,1,0,0,18,0,0,True,True,,,Toujours inscrit
6565926,Bac +5 et au delà,Je ne sais pas quoi faire,"En recherche d'emploi, de stage / Jeune diplômé",,,30,10,5,45,B,0,0,0,1,0,1,0,0,False,False,,,Toujours inscrit
7634592,Bac+1,Je ne sais pas quoi faire,_ETUDIANT / ÉLÈVE,,,30,10,5,45,B,0,0,0,1,0,2,0,0,False,False,,,Toujours inscrit
8423432,Bac+2,Je ne sais pas quoi faire,_ETUDIANT / ÉLÈVE,,,30,10,5,45,B,0,0,0,2,0,2,0,0,False,False,,,Toujours inscrit
8939207,Seconde Générale et Technologique,(Vide),Lycéen,,,30,10,5,45,B,1,0,1,0,0,1,0,0,True,True,,,Toujours inscrit
6738407,Bac+2,Je ne sais pas quoi faire,Etudiant,,,30,10,5,45,B,0,0,0,1,0,2,0,0,False,False,,,Toujours inscrit
6251187,Bac+3,Je ne sais pas quoi faire,_ETUDIANT / ÉLÈVE,,,30,10,5,45,B,0,0,0,1,0,1,0,0,False,False,,,Toujours inscrit
7110038,4ème,Je ne sais pas quoi faire,_ETUDIANT / ÉLÈVE,Auvergne-Rhône-Alpes,Ain (01),30,10,5,45,B,0,0,0,1,0,31,0,0,True,True,0.135800387760263,0.864199612239737,Toujours inscrit
8678647,4ème,Je ne sais pas quoi faire,Parent,Grand Est,Bas-Rhin (67),30,10,5,45,B,0,0,0,1,0,1,0,0,False,False,0.10679889386859921,0.8932011061314008,Toujours inscrit
7229817,Première technologique,(Vide),Lycéen,Provence-Alpes-Côte d'Azur,Bouches-du-Rhône (13),30,10,5,45,B,1,0,1,0,0,1,0,0,True,True,0.20042083114150447,0.7995791688584956,Toujours inscrit
8157196,Seconde Générale et Technologique,(Vide),_ETUDIANT / ÉLÈVE,Provence-Alpes-Côte d'Azur,Bouches-du-Rhône (13),30,10,5,45,B,0,0,0,2,0,118,0,0,True,True,0.2395397598656416,0.7604602401343584,Toujours inscrit
8675331,Bac+2,Je ne sais pas quoi faire,"En recherche d'emploi, de stage / Jeune diplômé",Normandie,Calvados (14),30,10,5,45,B,0,0,0,1,0,1,0,0,False,False,0.27268453220498357,0.7273154677950164,Toujours inscrit
8100590,Bac+1,Je ne sais pas quoi faire,_ETUDIANT / ÉLÈVE,Nouvelle-Aquitaine,Charente-Maritime (17),30,10,5,45,B,0,0,0,1,0,2,0,0,False,False,0.15893043933054393,0.841069560669456,Toujours inscrit
6705934,Bac+1,Je ne sais pas quoi faire,Etudiant,Bretagne,Côtes d'Armor (22),30,10,5,45,B,0,0,0,2,0,2,0,0,False,False,0.10264753734654637,0.8973524626534536,Toujours inscrit
7892066,Terminale,(Vide),Parent,Bretagne,Côtes d'Armor (22),30,10,5,45,B,1,0,1,0,0,125,0,0,True,True,0.22525597269624573,0.7747440273037542,Toujours inscrit
8460827,Terminale,Je ne sais pas quoi faire,Lycéen,Bourgogne-Franche-Comté,Doubs (25),30,10,5,45,B,0,0,0,1,0,2,0,0,False,False,0.10424354243542436,0.8957564575645757,Toujours inscrit
7908328,Première Pro,Je ne sais pas quoi faire,_ETUDIANT / ÉLÈVE,Auvergne-Rhône-Alpes,Drôme (26),30,10,5,45,B,0,0,0,1,0,2,0,0,False,False,0.11647780048300205,0.883522199516998,Toujours inscrit
7558745,Bac+1,Je ne sais pas quoi faire,Etudiant,Île-de-France,Essonne (91),30,10,5,45,B,0,0,0,1,0,3,0,0,False,False,0.1698328577252344,0.8301671422747656,Toujours inscrit
8084438,Terminale technologique,Je ne sais pas quoi faire,Lycéen,Normandie,Eure (27),30,10,5,45,B,0,0,0,2,0,2,0,0,False,False,0.15067178502879078,0.8493282149712092,Toujours inscrit
7394366,Terminale,Je ne sais pas quoi faire,Lycéen,Bretagne,Finistère (29),30,10,5,45,B,0,0,0,2,0,2,0,0,False,False,0.1579982126899017,0.8420017873100983,Toujours inscrit
7898277,Terminale,(Vide),Parent,Nouvelle-Aquitaine,Gironde (33),30,10,5,45,B,1,0,1,0,0,1,0,0,False,True,0.2323821535551001,0.7676178464448999,Toujours inscrit
6470423,Bac+1,Je ne sais pas quoi faire,_ETUDIANT / ÉLÈVE,Nouvelle-Aquitaine,Gironde (33),30,10,5,45,B,0,0,0,1,0,1,0,0,False,False,0.26416299872213544,0.7358370012778646,Toujours inscrit
7338727,Seconde Générale et Technologique,Je ne sais pas quoi faire,Lycéen,Nouvelle-Aquitaine,Gironde (33),30,10,5,45,B,0,0,0,2,0,2,0,0,False,False,0.14927553166627716,0.8507244683337228,Toujours inscrit
7248887,Bac+3,Je ne sais pas quoi faire,_ETUDIANT / ÉLÈVE,Nouvelle-Aquitaine,Gironde (33),30,10,5,45,B,0,0,0,1,0,2,0,0,False,False,0.09824046920821114,0.9017595307917888,Toujours inscrit
8521417,Première,Je ne sais pas quoi faire,_ETUDIANT / ÉLÈVE,Occitanie,Haute-Garonne (31),30,10,5,45,B,0,0,0,1,0,2,0,0,False,False,0.21911053219203572,0.7808894678079643,Toujours inscrit
7173030,Seconde Générale et Technologique,Je ne sais pas quoi faire,Parent,Occitanie,Haute-Garonne (31),30,10,5,45,B,1,0,1,0,0,1,0,0,False,False,0.24108351876927817,0.7589164812307219,Toujours inscrit
7787512,4ème,(Vide),_ETUDIANT / ÉLÈVE,Auvergne-Rhône-Alpes,Haute-Savoie (74),30,10,5,45,B,1,0,1,0,0,3,0,0,True,True,0.16246539414250327,0.8375346058574967,Toujours inscrit
7374291,4ème,Je ne sais pas quoi faire,_ETUDIANT / ÉLÈVE,Auvergne-Rhône-Alpes,Haute-Savoie (74),30,10,5,45,B,0,0,0,1,0,2,0,0,False,False,0.21303962922460032,0.7869603707753997,Toujours inscrit
6407500,Terminale technologique,Je ne sais pas quoi faire,_ETUDIANT / ÉLÈVE,Île-de-France,Hauts-de-Seine (92),30,10,5,45,B,1,0,1,0,0,1,0,0,True,True,0.3484385003912641,0.6515614996087359,Toujours inscrit
7362101,Seconde Générale et Technologique,Je ne sais pas quoi faire,_ETUDIANT / ÉLÈVE,Île-de-France,Hauts-de-Seine (92),30,10,5,45,B,0,0,0,2,0,2,0,0,True,True,0.10813891362422083,0.8918610863757792,Toujours inscrit
7841933,Première,(Vide),Lycéen,Île-de-France,Hauts-de-Seine (92),30,10,5,45,B,1,0,1,0,0,154,0,0,True,True,0.2586796350805346,0.7413203649194654,Toujours inscrit
6876867,Bac+3,Je ne sais pas quoi faire,Etudiant,Île-de-France,Hauts-de-Seine (92),30,10,5,45,B,0,0,0,1,0,1,0,0,False,False,0.4243122501763461,0.5756877498236539,Toujours inscrit
8325111,Première technologique,Je ne sais pas quoi faire,Lycéen,Occitanie,Hérault (34),30,10,5,45,B,0,0,0,2,0,99,0,0,True,True,0.15066946281658333,0.8493305371834167,Toujours inscrit
8946018,3ème,Je ne sais pas quoi faire,Parent,Occitanie,Hérault (34),30,10,5,45,B,1,0,1,0,0,1,0,0,True,False,0.16747690811861934,0.8325230918813806,Toujours inscrit
5445915,(Vide),"Digital, Informatique, multimédia",_ETUDIANT / ÉLÈVE,Occitanie,Hérault (34),30,15,0,45,B,0,0,0,0,0,0,0,0,True,True,0.17950108177149857,0.8204989182285014,Toujours inscrit
5172897,(Vide),"Commerce, vente, marketing",Etudiant,Bretagne,Ille-et-Vilaine (35),30,15,0,45,B,0,0,0,0,0,0,0,0,False,False,0.19435629127712498,0.805643708722875,Toujours inscrit
8292827,Bac+1,Je ne sais pas quoi faire,_ETUDIANT / ÉLÈVE,Bretagne,Ille-et-Vilaine (35),30,10,5,45,B,0,0,0,2,0,2,0,0,False,False,0.11504995165968418,0.8849500483403159,Toujours inscrit
5620411,Terminale,Je ne sais pas quoi faire,Lycéen,Bretagne,Ille-et-Vilaine (35),30,10,5,45,B,0,0,0,1,0,1,0,0,False,False,0.1385393390568035,0.8614606609431965,Toujours inscrit
7602491,3ème,Je ne sais pas quoi faire,Collégien,Bretagne,Ille-et-Vilaine (35),30,10,5,45,B,0,0,0,2,0,2,0,0,False,False,0.15265430530861063,0.8473456946913894,Toujours inscrit
6950272,3ème,(Vide),_ETUDIANT / ÉLÈVE,Bretagne,Ille-et-Vilaine (35),30,10,5,45,B,1,0,1,0,0,1,0,0,False,True,0.15061837455830387,0.8493816254416962,Toujours inscrit
8756558,Première,(Vide),_ETUDIANT / ÉLÈVE,Auvergne-Rhône-Alpes,Isère (38),30,10,5,45,B,1,0,1,0,0,1,0,0,True,True,0.23902151488358384,0.7609784851164162,Toujours inscrit
8147679,Terminale,Je ne sais pas quoi faire,_ETUDIANT / ÉLÈVE,La Réunion,La Réunion (974),30,10,5,45,B,0,0,0,2,0,2,0,0,False,False,0.12163867035225742,0.8783613296477426,Toujours inscrit
6971575,Terminale,Je ne sais pas quoi faire,Lycéen,Pays de la Loire,Loire-Atlantique (44),30,10,5,45,B,1,0,1,0,0,2,0,0,False,False,0.1648463296926594,0.8351536703073407,Toujours inscrit
6122078,Terminale,Je ne sais pas quoi faire,_ETUDIANT / ÉLÈVE,Pays de la Loire,Loire-Atlantique (44),30,10,5,45,B,1,0,1,0,0,0,0,0,,,0.19545709478407178,0.8045429052159282,Toujours inscrit
5518962,Terminale,Je ne sais pas quoi faire,_ETUDIANT / ÉLÈVE,Pays de la Loire,Loire-Atlantique (44),30,10,5,45,B,0,0,0,2,0,3,0,0,False,False,0.1324172235341406,0.8675827764658595,Toujours inscrit
7380895,CAP/BEP,Je ne sais pas quoi faire,_ETUDIANT / ÉLÈVE,Pays de la Loire,Loire-Atlantique (44),30,10,5,45,B,0,0,0,2,0,9,0,0,False,True,0.2488021502863153,0.7511978497136848,Toujours inscrit
7825432,3ème,Je ne sais pas quoi faire,_ETUDIANT / ÉLÈVE,Pays de la Loire,Loire-Atlantique (44),30,10,5,45,B,0,0,0,1,0,2,0,0,False,False,0.23244402813032358,0.7675559718696764,Toujours inscrit
4985083,(Vide),Economie,Etudiant,Centre-Val de Loire,Loiret (45),30,15,0,45,B,0,0,0,0,0,0,0,0,False,False,0.11834130781499203,0.8816586921850079,Toujours inscrit
6727477,Bac+1,Je ne sais pas quoi faire,_ETUDIANT / ÉLÈVE,Normandie,Manche (50),30,10,5,45,B,0,0,0,1,0,1,0,0,False,False,0.14249767008387698,0.8575023299161231,Toujours inscrit
5366991,(Vide),"Droit, science politique, administration publique",_ETUDIANT / ÉLÈVE,Bretagne,Morbihan (56),30,15,0,45,B,0,0,0,0,0,1,0,0,False,False,0.28686720469552457,0.7131327953044754,Toujours inscrit
7644512,Première,Je ne sais pas quoi faire,Lycéen,Bretagne,Morbihan (56),30,10,5,45,B,0,0,0,1,0,2,0,0,False,False,0.1393643031784841,0.8606356968215159,Toujours inscrit
9074015,Terminale technologique,Je ne sais pas quoi faire,Lycéen,Grand Est,Moselle (57),30,10,5,45,B,0,0,0,3,0,7,0,0,True,True,0.1188558277165872,0.8811441722834128,Toujours inscrit
7472413,Terminale,Je ne sais pas quoi faire,Lycéen,Hauts-de-France,Nord (59),30,10,5,45,B,0,0,0,2,0,2,0,0,False,False,0.14431934493346982,0.8556806550665302,Toujours inscrit
7352568,6ème,Je ne sais pas quoi faire,Parent,Hauts-de-France,Nord (59),30,10,5,45,B,1,0,1,0,0,2,0,0,False,False,0.33016476552598223,0.6698352344740177,Toujours inscrit
6447129,Bac+1,Je ne sais pas quoi faire,Parent,Hauts-de-France,Nord (59),30,10,5,45,B,1,0,1,0,0,0,0,0,,,0.33016476552598223,0.6698352344740177,Toujours inscrit
6466577,3ème,(Vide),Collégien,Hauts-de-France,Nord (59),30,10,5,45,B,1,0,1,0,0,143,0,0,True,False,0.21324309428281882,0.7867569057171812,Toujours inscrit
5828081,Terminale,Je ne sais pas quoi faire,_ETUDIANT / ÉLÈVE,Hauts-de-France,Nord (59),30,10,5,45,B,0,0,0,1,0,1,0,0,False,False,0.14876642531509787,0.8512335746849021,Toujours inscrit
7434991,Seconde Générale et Technologique,(Vide),_ETUDIANT / ÉLÈVE,Hauts-de-France,Nord (59),30,10,5,45,B,1,0,1,0,0,1,0,0,True,True,0.15645246946362187,0.8435475305363781,Toujours inscrit
8369685,Seconde Générale et Technologique,Je ne sais pas quoi faire,_ETUDIANT / ÉLÈVE,Île-de-France,Paris (75),30,10,5,45,B,0,0,0,1,0,2,0,0,False,False,0.3368189898567395,0.6631810101432605,Toujours inscrit
5905937,Bac+1,Je ne sais pas quoi faire,_ETUDIANT / ÉLÈVE,Île-de-France,Paris (75),30,10,5,45,B,0,0,0,1,0,1,0,0,False,False,0.3553023737555222,0.6446976262444778,Toujours inscrit
7631455,Première,Je ne sais pas quoi faire,Parent,Île-de-France,Paris (75),30,10,5,45,B,0,0,0,2,0,42,0,0,True,False,0.30719265481655644,0.6928073451834436,Toujours inscrit
8305597,Bac +5 et au delà,Je ne sais pas quoi faire,"En recherche d'emploi, de stage / Jeune diplômé",Île-de-France,Paris (75),30,10,5,45,B,0,0,0,4,0,4,0,0,False,True,0.43072624678146854,0.5692737532185315,Toujours inscrit
6880020,Seconde Générale et Technologique,(Vide),Lycéen,Hauts-de-France,Pas-de-Calais (62),30,10,5,45,B,1,0,1,0,0,9,0,0,False,True,0.0572026508545518,0.9427973491454482,Toujours inscrit
8315654,Terminale technologique,Je ne sais pas quoi faire,Lycéen,Hauts-de-France,Pas-de-Calais (62),30,10,5,45,B,0,0,0,2,0,2,0,0,False,False,0.14528539451594852,0.8547146054840515,Toujours inscrit
7561315,3ème,Je ne sais pas quoi faire,Collégien,Auvergne-Rhône-Alpes,Puy-de-Dôme (63),30,10,5,45,B,0,0,0,1,0,2,0,0,False,False,0.16474309471167578,0.8352569052883242,Toujours inscrit
7975916,Seconde Générale et Technologique,(Vide),Lycéen,Nouvelle-Aquitaine,Pyrénées-Atlantiques (64),30,10,5,45,B,0,0,0,1,0,105,0,0,True,True,0.17926813719240087,0.8207318628075991,Toujours inscrit
6463736,Terminale technologique,Je ne sais pas quoi faire,Lycéen,Auvergne-Rhône-Alpes,Rhône (69),30,10,5,45,B,0,0,0,1,0,1,0,0,False,False,0.19324523349129855,0.8067547665087015,Toujours inscrit
6677469,(Vide),(Vide),"En recherche d'emploi, de stage / Jeune diplômé",Auvergne-Rhône-Alpes,Rhône (69),30,0,15,45,B,1,0,2,2,0,1,0,0,False,False,0.1736092544070727,0.8263907455929272,Toujours inscrit
8352866,Bac+1,Je ne sais pas quoi faire,Etudiant,Auvergne-Rhône-Alpes,Rhône (69),30,10,5,45,B,0,0,0,1,0,2,0,0,False,False,0.29559529122963624,0.7044047087703638,Toujours inscrit
8833857,Première,(Vide),_ETUDIANT / ÉLÈVE,Normandie,Seine-Maritime (76),30,10,5,45,B,1,0,1,0,0,3,0,0,True,False,0.10551036773971818,0.8944896322602818,Toujours inscrit
6462009,Bac+2,Je ne sais pas quoi faire,Etudiant,Île-de-France,Seine-St-Denis (93),30,10,5,45,B,1,0,1,0,0,0,0,0,,,0.12828594843346153,0.8717140515665385,Toujours inscrit
8803103,Bac+3,(Vide),Parent,Île-de-France,Seine-St-Denis (93),30,10,5,45,B,1,0,1,0,0,12,0,0,True,True,0.12307621839501649,0.8769237816049835,Toujours inscrit
5056240,(Vide),"Tourisme, hôtellerie, restauration",_ETUDIANT / ÉLÈVE,Île-de-France,Seine-et-Marne (77),30,15,0,45,B,0,0,0,0,0,0,0,0,True,True,0.10089669203526486,0.8991033079647351,Toujours inscrit
6890611,Terminale Pro,(Vide),Lycéen,Île-de-France,Seine-et-Marne (77),30,10,5,45,B,1,0,1,0,0,1,0,0,False,False,0.24947959091320482,0.7505204090867952,Toujours inscrit
7067553,Bac+4,Je ne sais pas quoi faire,Etudiant,Île-de-France,Val-D'Oise (95),30,10,5,45,B,0,0,0,1,0,1,0,0,False,False,0.178772496538994,0.821227503461006,Toujours inscrit
5053194,(Vide),"Sciences de la vie (biologie, biotechnologies...)",_ETUDIANT / ÉLÈVE,Île-de-France,Val-de-Marne (94),30,15,0,45,B,0,0,0,0,0,0,0,0,True,False,0.15218622208241586,0.8478137779175842,Toujours inscrit
8880830,Terminale,Je ne sais pas quoi faire,Parent,Île-de-France,Val-de-Marne (94),30,10,5,45,B,0,0,0,1,0,1,0,0,False,False,0.35454545454545455,0.6454545454545455,Toujours inscrit
7951626,Seconde Générale et Technologique,Je ne sais pas quoi faire,_ETUDIANT / ÉLÈVE,Île-de-France,Val-de-Marne (94),30,10,5,45,B,0,0,0,2,0,2,0,0,False,False,0.2321663379355687,0.7678336620644313,Toujours inscrit
6415996,Terminale,(Vide),Parent,Île-de-France,Val-de-Marne (94),30,10,5,45,B,1,0,1,0,0,178,0,0,True,True,0.34788858049167326,0.6521114195083267,Toujours inscrit
9099113,Terminale Générale Agricole,Je ne sais pas quoi faire,Lycéen,Pays de la Loire,Vendée (85),30,10,5,45,B,0,0,0,2,0,2,0,0,True,True,0.10364869228285438,0.8963513077171457,Toujours inscrit
5046626,(Vide),"Lettres, langues et sciences humaines",_ETUDIANT / ÉLÈVE,Île-de-France,Yvelines (78),30,15,0,45,B,0,0,0,0,0,0,0,0,False,False,0.37367264738191136,0.6263273526180886,Toujours inscrit
7417763,3ème,Je ne sais pas quoi faire,_ETUDIANT / ÉLÈVE,Nouvelle-Aquitaine,Haute-Vienne (87),30,10,0,40,B,0,0,0,0,0,2,0,0,False,False,0.13366336633663367,0.8663366336633663,Toujours inscrit
5605490,Seconde Générale et Technologique,Je ne sais pas quoi faire,_ETUDIANT / ÉLÈVE,Bourgogne-Franche-Comté,Territoire de Belfort (90),30,10,0,40,B,0,0,0,0,0,9,0,0,False,True,0.15065354203646925,0.8493464579635307,Toujours inscrit
7582741,3ème,Je ne sais pas quoi faire,_ETUDIANT / ÉLÈVE,Grand Est,Meurthe-et-Moselle (54),30,10,0,40,B,0,0,0,0,0,2,0,0,False,False,0.20214788686222315,0.7978521131377768,Toujours inscrit
7065716,3ème,Je ne sais pas quoi faire,_ETUDIANT / ÉLÈVE,Hauts-de-France,Aisne (02),30,10,0,40,B,0,0,0,0,0,1,0,0,False,False,0.08764327648867766,0.9123567235113224,Toujours inscrit
6536193,5ème,Je ne sais pas quoi faire,Collégien,Grand Est,Meurthe-et-Moselle (54),30,10,0,40,B,0,0,0,0,0,1,0,0,False,False,0.12416940196941798,0.875830598030582,Toujours inscrit
7050831,Bac+2,Je ne sais pas quoi faire,_ETUDIANT / ÉLÈVE,Centre-Val de Loire,Loir-et-Cher (41),30,10,0,40,B,0,0,0,0,0,1,0,0,False,False,0.13073621657312645,0.8692637834268736,Toujours inscrit
7499316,Seconde Générale et Technologique,Je ne sais pas quoi faire,Lycéen,Nouvelle-Aquitaine,Dordogne (24),30,10,0,40,B,0,0,0,0,0,0,0,0,True,True,0.13245690189755674,0.8675430981024432,Toujours inscrit
5868415,Bac +5 et au delà,Je ne sais pas quoi faire,Parent,Guadeloupe,Guadeloupe (971),30,10,0,40,B,0,0,0,0,0,0,0,0,True,True,0.16864562216430157,0.8313543778356984,Toujours inscrit
8509508,Terminale technologique,Je ne sais pas quoi faire,_ETUDIANT / ÉLÈVE,Grand Est,Meuse (55),30,10,0,40,B,0,0,0,0,0,2,0,0,False,False,0.12523693474140266,0.8747630652585974,Toujours inscrit
5058428,Bac+1,Je ne sais pas quoi faire,_ETUDIANT / ÉLÈVE,Nouvelle-Aquitaine,Charente (16),30,10,0,40,B,0,0,0,0,0,2,0,0,False,False,0.11049723756906077,0.8895027624309392,Toujours inscrit
6732426,4ème,Je ne sais pas quoi faire,Collégien,Centre-Val de Loire,Indre (36),30,10,0,40,B,0,0,0,0,0,1,0,0,False,False,0.13914988814317675,0.8608501118568233,Toujours inscrit
8465649,Terminale,Je ne sais pas quoi faire,_ETUDIANT / ÉLÈVE,Centre-Val de Loire,Loir-et-Cher (41),30,10,0,40,B,0,0,0,0,0,1,0,0,False,False,0.14661856558259745,0.8533814344174026,Toujours inscrit
6714094,Seconde Générale et Technologique,Je ne sais pas quoi faire,Lycéen,Guadeloupe,Guadeloupe (971),30,10,0,40,B,0,0,0,0,0,2,0,0,False,False,0.12927181913774974,0.8707281808622502,Toujours inscrit
5538329,Bac+2,Je ne sais pas quoi faire,_ETUDIANT / ÉLÈVE,Nouvelle-Aquitaine,Dordogne (24),30,10,0,40,B,0,0,0,0,0,0,0,0,,,0.12736660929432014,0.8726333907056799,Toujours inscrit
6957012,Seconde Générale et Technologique,Je ne sais pas quoi faire,Lycéen,Martinique,Martinique (972),30,10,0,40,B,0,0,0,0,0,1,0,0,False,False,0.19819324430479182,0.8018067556952082,Toujours inscrit
6571396,Première,Je ne sais pas quoi faire,Lycéen,,Corse (20),30,10,0,40,B,0,0,0,0,0,1,0,0,False,False,0.13896089044751087,0.8610391095524892,Toujours inscrit
6513396,3ème,Je ne sais pas quoi faire,_ETUDIANT / ÉLÈVE,Normandie,Orne (61),30,10,0,40,B,0,0,0,0,0,1,0,0,False,False,0.10779029887310142,0.8922097011268986,Toujours inscrit
5667457,Bac+2,Je ne sais pas quoi faire,_ETUDIANT / ÉLÈVE,Occitanie,Tarn-et-Garonne (82),30,10,0,40,B,0,0,0,0,0,1,0,0,False,False,0.17146089204912734,0.8285391079508727,Toujours inscrit
7957343,3ème,Je ne sais pas quoi faire,Collégien,Grand Est,Meuse (55),30,10,0,40,B,0,0,0,0,0,1,0,0,False,False,0.10085978835978836,0.8991402116402116,Toujours inscrit
7916116,Terminale,Je ne sais pas quoi faire,_ETUDIANT / ÉLÈVE,Nouvelle-Aquitaine,Corrèze (19),30,10,0,40,B,0,0,0,0,0,2,0,0,False,False,0.08616422947131609,0.9138357705286839,Toujours inscrit
6487884,3ème,(Vide),_ETUDIANT / ÉLÈVE,,,30,10,0,40,B,0,0,0,0,0,129,0,0,True,False,,,Toujours inscrit
6092198,Première,Je ne sais pas quoi faire,_ETUDIANT / ÉLÈVE,,,30,10,0,40,B,0,0,0,0,0,1,0,0,False,False,,,Toujours inscrit
8385158,3ème,Je ne sais pas quoi faire,Collégien,,,30,10,0,40,B,0,0,0,0,0,54,0,0,True,True,,,Toujours inscrit
5924306,3ème,Je ne sais pas quoi faire,Collégien,,,30,10,0,40,B,0,0,0,0,0,0,0,0,True,True,,,Toujours inscrit
8973104,Terminale technologique,Je ne sais pas quoi faire,Lycéen,,,30,10,0,40,B,0,0,0,0,0,25,0,0,True,True,,,Toujours inscrit
5470759,Terminale Pro,(Vide),_ETUDIANT / ÉLÈVE,,,30,10,0,40,B,0,0,0,0,0,0,0,0,True,True,,,Toujours inscrit
5762842,Terminale,Je ne sais pas quoi faire,Lycéen,,,30,10,0,40,B,0,0,0,0,0,1,0,0,False,False,,,Toujours inscrit
5869919,Bac +5 et au delà,Je ne sais pas quoi faire,_ETUDIANT / ÉLÈVE,,,30,10,0,40,B,0,0,0,0,0,2,0,0,False,False,,,Toujours inscrit
8383313,3ème,Je ne sais pas quoi faire,Collégien,,,30,10,0,40,B,0,0,0,0,0,55,0,0,True,True,,,Toujours inscrit
6068830,Première,Je ne sais pas quoi faire,_ETUDIANT / ÉLÈVE,,,30,10,0,40,B,0,0,0,0,0,0,0,0,True,True,,,Toujours inscrit
5929555,Terminale Pro,Je ne sais pas quoi faire,"En recherche d'emploi, de stage / Jeune diplômé",,,30,10,0,40,B,0,0,0,0,0,0,0,0,True,True,,,Toujours inscrit
6084276,Bac+3,Je ne sais pas quoi faire,_ETUDIANT / ÉLÈVE,,,30,10,0,40,B,0,0,0,0,0,1,0,0,False,False,,,Toujours inscrit
5794806,CAP/BEP,Je ne sais pas quoi faire,Parent,,,30,10,0,40,B,0,0,0,0,0,0,0,0,True,True,,,Toujours inscrit
6098627,6ème,Je ne sais pas quoi faire,_ETUDIANT / ÉLÈVE,,,30,10,0,40,B,0,0,0,0,0,1,0,0,False,False,,,Toujours inscrit
5934412,Bac+2,Je ne sais pas quoi faire,_ETUDIANT / ÉLÈVE,,,30,10,0,40,B,0,0,0,0,0,1,0,0,False,False,,,Toujours inscrit
5770254,Bac+1,Je ne sais pas quoi faire,Parent,,,30,10,0,40,B,0,0,0,0,0,14,0,0,False,True,,,Toujours inscrit
8821812,Terminale,Je ne sais pas quoi faire,Lycéen,,,30,10,0,40,B,0,0,0,0,0,1,0,0,False,,,,Toujours inscrit
6055327,Bac+3,Je ne sais pas quoi faire,"En recherche d'emploi, de stage / Jeune diplômé",,,30,10,0,40,B,0,0,0,0,0,0,0,0,False,False,,,Toujours inscrit
6488690,Terminale,(Vide),_ETUDIANT / ÉLÈVE,,,30,10,0,40,B,0,0,0,0,0,251,0,0,True,False,,,Toujours inscrit
5906693,Première technologique,Je ne sais pas quoi faire,Etudiant,,,30,10,0,40,B,0,0,0,0,0,1,0,0,False,False,,,Toujours inscrit
5853630,3ème,Je ne sais pas quoi faire,Collégien,,,30,10,0,40,B,0,0,0,0,0,0,0,0,True,True,,,Toujours inscrit
6166027,Première,Je ne sais pas quoi faire,Lycéen,,,30,10,0,40,B,0,0,0,0,0,0,0,0,True,True,,,Toujours inscrit
5826261,Bac+1,Je ne sais pas quoi faire,Etudiant,,,30,10,0,40,B,0,0,0,0,0,1,0,0,False,False,,,Toujours inscrit
5807678,Première,Je ne sais pas quoi faire,Lycéen,,,30,10,0,40,B,0,0,0,0,0,1,0,0,False,False,,,Toujours inscrit
6081893,Seconde Générale et Technologique,Je ne sais pas quoi faire,_ETUDIANT / ÉLÈVE,,,30,10,0,40,B,0,0,0,0,0,1,0,0,False,False,,,Toujours inscrit
5896005,3ème,Je ne sais pas quoi faire,_ETUDIANT / ÉLÈVE,,,30,10,0,40,B,0,0,0,0,0,0,0,0,False,False,,,Toujours inscrit
5904164,6ème,Je ne sais pas quoi faire,Collégien,,,30,10,0,40,B,0,0,0,0,0,1,0,0,False,False,,,Toujours inscrit
5797857,5ème,Je ne sais pas quoi faire,_ETUDIANT / ÉLÈVE,,,30,10,0,40,B,0,0,0,0,0,1,0,0,False,False,,,Toujours inscrit
6081000,Bac+3,Je ne sais pas quoi faire,Parent,,,30,10,0,40,B,0,0,0,0,0,1,0,0,False,False,,,Toujours inscrit
5763123,Bac+2,Je ne sais pas quoi faire,"En recherche d'emploi, de stage / Jeune diplômé",,,30,10,0,40,B,0,0,0,0,0,1,0,0,False,False,,,Toujours inscrit
5917504,Terminale,Je ne sais pas quoi faire,Lycéen,Auvergne-Rhône-Alpes,Ain (01),30,10,0,40,B,0,0,0,0,0,1,0,0,False,False,0.2588582677165354,0.7411417322834646,Toujours inscrit
5643421,3ème,Je ne sais pas quoi faire,Collégien,Provence-Alpes-Côte d'Azur,Alpes-Maritimes (06),30,10,0,40,B,0,0,0,0,0,0,0,0,False,False,0.17853703145216993,0.8214629685478301,Toujours inscrit
6670610,3ème,Je ne sais pas quoi faire,_ETUDIANT / ÉLÈVE,Grand Est,Bas-Rhin (67),30,10,0,40,B,0,0,0,0,0,1,0,0,False,False,0.1939254953201248,0.8060745046798752,Toujours inscrit
6515902,Seconde Générale et Technologique,Je ne sais pas quoi faire,_ETUDIANT / ÉLÈVE,Provence-Alpes-Côte d'Azur,Bouches-du-Rhône (13),30,10,0,40,B,0,0,0,0,0,1,0,0,False,False,0.1982573726541555,0.8017426273458444,Toujours inscrit
7578110,Bac+3,Je ne sais pas quoi faire,_ETUDIANT / ÉLÈVE,Provence-Alpes-Côte d'Azur,Bouches-du-Rhône (13),30,10,0,40,B,0,0,0,0,0,3,0,0,False,False,0.14930092574955237,0.8506990742504477,Toujours inscrit
8502643,3ème,Je ne sais pas quoi faire,Collégien,Nouvelle-Aquitaine,Charente-Maritime (17),30,10,0,40,B,0,0,0,0,0,2,0,0,False,False,0.16440359306454982,0.8355964069354502,Toujours inscrit
6618775,Seconde Générale et Technologique,Je ne sais pas quoi faire,Lycéen,Bretagne,Côtes d'Armor (22),30,10,0,40,B,0,0,0,0,0,12,0,0,True,False,0.11952576820711348,0.8804742317928865,Toujours inscrit
7484721,Bac+3,Je ne sais pas quoi faire,_ETUDIANT / ÉLÈVE,Nouvelle-Aquitaine,Deux-Sèvres (79),30,10,0,40,B,0,0,0,0,0,2,0,0,False,False,0.19456501226646536,0.8054349877335346,Toujours inscrit
6619541,Terminale,Je ne sais pas quoi faire,Lycéen,Île-de-France,Essonne (91),30,10,0,40,B,0,0,0,0,0,1,0,0,False,False,0.22219264386175075,0.7778073561382493,Toujours inscrit
6791173,Terminale Pro,Je ne sais pas quoi faire,Lycéen,Normandie,Eure (27),30,10,0,40,B,0,0,0,0,0,1,0,0,False,False,0.17640613586559534,0.8235938641344047,Toujours inscrit
6717681,Bac+4,Je ne sais pas quoi faire,Lycéen,Bretagne,Finistère (29),30,10,0,40,B,0,0,0,0,0,1,0,0,False,False,0.1579982126899017,0.8420017873100983,Toujours inscrit
6634711,Terminale technologique,Je ne sais pas quoi faire,_ETUDIANT / ÉLÈVE,Occitanie,Gard (30),30,10,0,40,B,0,0,0,0,0,1,0,0,False,False,0.1750445632798574,0.8249554367201426,Toujours inscrit
8457644,Terminale,Je ne sais pas quoi faire,_ETUDIANT / ÉLÈVE,Occitanie,Gard (30),30,10,0,40,B,0,0,0,0,0,2,0,0,False,False,0.12460063897763578,0.8753993610223643,Toujours inscrit
8481962,3ème,Je ne sais pas quoi faire,_ETUDIANT / ÉLÈVE,Occitanie,Gard (30),30,10,0,40,B,0,0,0,0,0,2,0,0,False,False,0.13764118728657737,0.8623588127134226,Toujours inscrit
7127068,3ème,(Vide),_ETUDIANT / ÉLÈVE,Nouvelle-Aquitaine,Gironde (33),30,10,0,40,B,0,0,0,0,0,71,0,0,True,False,0.20372535917139994,0.7962746408286001,Toujours inscrit
9056403,Bac+1,Je ne sais pas quoi faire,Etudiant,Nouvelle-Aquitaine,Gironde (33),30,10,0,40,B,0,0,0,0,0,1,0,0,False,False,0.23037502911716748,0.7696249708828325,Toujours inscrit
5223793,6ème,(Vide),Parent,Nouvelle-Aquitaine,Gironde (33),30,10,0,40,B,0,0,0,0,0,0,0,0,False,False,0.12030651340996168,0.8796934865900383,Toujours inscrit
6772062,Terminale technologique,Je ne sais pas quoi faire,_ETUDIANT / ÉLÈVE,Nouvelle-Aquitaine,Gironde (33),30,10,0,40,B,0,0,0,0,0,1,0,0,False,False,0.23857588135345284,0.7614241186465471,Toujours inscrit
6861739,4ème,Je ne sais pas quoi faire,Collégien,Nouvelle-Aquitaine,Gironde (33),30,10,0,40,B,0,0,0,0,0,1,0,0,False,False,0.14613218930151495,0.853867810698485,Toujours inscrit
5446686,4ème,Je ne sais pas quoi faire,_ETUDIANT / ÉLÈVE,Nouvelle-Aquitaine,Gironde (33),30,10,0,40,B,0,0,0,0,0,0,0,0,True,True,0.17158469945355193,0.8284153005464481,Toujours inscrit
6804891,3ème,Je ne sais pas quoi faire,_ETUDIANT / ÉLÈVE,Nouvelle-Aquitaine,Gironde (33),30,10,0,40,B,0,0,0,0,0,1,0,0,False,False,0.17670888433600299,0.823291115663997,Toujours inscrit
7638374,Bac +5 et au delà,Je ne sais pas quoi faire,_ETUDIANT / ÉLÈVE,Nouvelle-Aquitaine,Gironde (33),30,10,0,40,B,0,0,0,0,0,2,0,0,False,False,0.23857588135345284,0.7614241186465471,Toujours inscrit
6534170,Bac+3,Je ne sais pas quoi faire,Etudiant,Occitanie,Haute-Garonne (31),30,10,0,40,B,0,0,0,0,0,1,0,0,False,False,0.24108351876927817,0.7589164812307219,Toujours inscrit
6666664,4ème,Je ne sais pas quoi faire,Collégien,Occitanie,Haute-Garonne (31),30,10,0,40,B,0,0,0,0,0,1,0,0,False,False,0.24108351876927817,0.7589164812307219,Toujours inscrit
7521363,3ème,Je ne sais pas quoi faire,Collégien,Auvergne-Rhône-Alpes,Haute-Savoie (74),30,10,0,40,B,0,0,0,0,0,2,0,0,False,False,0.20168259164795005,0.7983174083520499,Toujours inscrit
6595953,Bac+4,Je ne sais pas quoi faire,"En recherche d'emploi, de stage / Jeune diplômé",Île-de-France,Hauts-de-Seine (92),30,10,0,40,B,0,0,0,0,0,1,0,0,False,False,0.4648203592814371,0.5351796407185628,Toujours inscrit
7497645,Bac+1,Je ne sais pas quoi faire,Etudiant,Île-de-France,Hauts-de-Seine (92),30,10,0,40,B,0,0,0,0,0,2,0,0,False,False,0.36889922995955904,0.631100770040441,Toujours inscrit
8377636,4ème,Je ne sais pas quoi faire,_ETUDIANT / ÉLÈVE,Occitanie,Hérault (34),30,10,0,40,B,0,0,0,0,0,2,0,0,False,False,0.24725624304119612,0.7527437569588039,Toujours inscrit
8528620,Terminale,Je ne sais pas quoi faire,Lycéen,Bretagne,Ille-et-Vilaine (35),30,10,0,40,B,0,0,0,0,0,2,0,0,False,False,0.20305434804517694,0.796945651954823,Toujours inscrit
8648448,Bac +5 et au delà,Je ne sais pas quoi faire,_ETUDIANT / ÉLÈVE,Bretagne,Ille-et-Vilaine (35),30,10,0,40,B,0,0,0,0,0,1,0,0,False,False,0.11545226130653266,0.8845477386934674,Toujours inscrit
7397298,6ème,Je ne sais pas quoi faire,Parent,Bretagne,Ille-et-Vilaine (35),30,10,0,40,B,0,0,0,0,0,2,0,0,False,False,0.13616826179150668,0.8638317382084933,Toujours inscrit
5535060,Bac+4,Je ne sais pas quoi faire,Etudiant,Bretagne,Ille-et-Vilaine (35),30,10,0,40,B,0,0,0,0,0,0,0,0,,,0.3023343373493976,0.6976656626506024,Toujours inscrit
8022272,Terminale,Je ne sais pas quoi faire,Parent,Centre-Val de Loire,Indre-et-Loire (37),30,10,0,40,B,0,0,0,0,0,1,0,0,True,False,0.14821124361158433,0.8517887563884157,Toujours inscrit
8045607,Bac +5 et au delà,Je ne sais pas quoi faire,"En recherche d'emploi, de stage / Jeune diplômé",Pays de la Loire,Loire-Atlantique (44),30,10,0,40,B,0,0,0,0,0,2,0,0,False,False,0.23244402813032358,0.7675559718696764,Toujours inscrit
6857449,3ème,Je ne sais pas quoi faire,Collégien,Pays de la Loire,Loire-Atlantique (44),30,10,0,40,B,0,0,0,0,0,2,0,0,False,False,0.23244402813032358,0.7675559718696764,Toujours inscrit
9027463,Seconde Générale et Technologique,Je ne sais pas quoi faire,_ETUDIANT / ÉLÈVE,Centre-Val de Loire,Loiret (45),30,10,0,40,B,0,0,0,0,0,1,0,0,False,False,0.13083189335966428,0.8691681066403357,Toujours inscrit
5915487,3ème,Je ne sais pas quoi faire,_ETUDIANT / ÉLÈVE,Centre-Val de Loire,Loiret (45),30,10,0,40,B,0,0,0,0,0,1,0,0,False,False,0.1850961861164436,0.8149038138835564,Toujours inscrit
5719910,Bac+1,Je ne sais pas quoi faire,_ETUDIANT / ÉLÈVE,Centre-Val de Loire,Loiret (45),30,10,0,40,B,0,0,0,0,0,0,0,0,False,False,0.1850961861164436,0.8149038138835564,Toujours inscrit
7898040,Première,Je ne sais pas quoi faire,_ETUDIANT / ÉLÈVE,Pays de la Loire,Maine-et-Loire (49),30,10,0,40,B,0,0,0,0,0,2,0,0,False,False,0.13686131386861314,0.8631386861313869,Toujours inscrit
5663052,5ème,Je ne sais pas quoi faire,Etudiant,Normandie,Manche (50),30,10,0,40,B,0,0,0,0,0,1,0,0,False,False,0.10304287690179806,0.896957123098202,Toujours inscrit
5991086,CAP/BEP,Je ne sais pas quoi faire,Parent,Normandie,Manche (50),30,10,0,40,B,0,0,0,0,0,0,0,0,True,True,0.12996443078736347,0.8700355692126366,Toujours inscrit
7819079,Première technologique,Je ne sais pas quoi faire,Lycéen,Bretagne,Morbihan (56),30,10,0,40,B,0,0,0,0,0,4,0,0,True,True,0.11438763376932223,0.8856123662306777,Toujours inscrit
5197931,Terminale technologique,(Vide),Lycéen,Bretagne,Morbihan (56),30,10,0,40,B,0,0,0,0,0,0,0,0,False,False,,,Toujours inscrit
6702231,4ème,(Vide),_ETUDIANT / ÉLÈVE,Hauts-de-France,Nord (59),30,10,0,40,B,0,0,0,0,0,1,0,0,True,False,0.21324309428281882,0.7867569057171812,Toujours inscrit
7289309,Seconde Générale et Technologique,Je ne sais pas quoi faire,_ETUDIANT / ÉLÈVE,Hauts-de-France,Nord (59),30,10,0,40,B,0,0,0,0,0,2,0,0,False,False,0.21324309428281882,0.7867569057171812,Toujours inscrit
5471348,Seconde Générale et Technologique,Je ne sais pas quoi faire,Lycéen,Hauts-de-France,Nord (59),30,10,0,40,B,0,0,0,0,0,1,0,0,False,False,0.2027451628906896,0.7972548371093104,Toujours inscrit
5479502,Bac+2,Je ne sais pas quoi faire,_ETUDIANT / ÉLÈVE,Île-de-France,Paris (75),30,10,0,40,B,0,0,0,0,0,0,0,0,,,0.4251233327242828,0.5748766672757172,Toujours inscrit
5679300,3ème,Je ne sais pas quoi faire,_ETUDIANT / ÉLÈVE,Île-de-France,Paris (75),30,10,0,40,B,0,0,0,0,0,0,0,0,False,False,0.4487578747176988,0.5512421252823012,Toujours inscrit
6706219,Seconde Générale et Technologique,Je ne sais pas quoi faire,_ETUDIANT / ÉLÈVE,Île-de-France,Paris (75),30,10,0,40,B,0,0,0,0,0,1,0,0,False,False,0.3368189898567395,0.6631810101432605,Toujours inscrit
7396536,Bac+1,Je ne sais pas quoi faire,_ETUDIANT / ÉLÈVE,Île-de-France,Paris (75),30,10,0,40,B,0,0,0,0,0,56,0,0,False,True,0.4317053710158317,0.5682946289841683,Toujours inscrit
5624753,Terminale,Je ne sais pas quoi faire,Parent,Hauts-de-France,Pas-de-Calais (62),30,10,0,40,B,0,0,0,0,0,1,0,0,False,False,0.09041980624327234,0.9095801937567277,Toujours inscrit
5613808,Terminale,Je ne sais pas quoi faire,Parent,Auvergne-Rhône-Alpes,Puy-de-Dôme (63),30,10,0,40,B,0,0,0,0,0,0,0,0,,,0.16474309471167578,0.8352569052883242,Toujours inscrit
7821870,Terminale,Je ne sais pas quoi faire,_ETUDIANT / ÉLÈVE,Nouvelle-Aquitaine,Pyrénées-Atlantiques (64),30,10,0,40,B,0,0,0,0,0,2,0,0,False,False,0.14605614973262032,0.8539438502673797,Toujours inscrit
6694692,Bac+1,Je ne sais pas quoi faire,Etudiant,Auvergne-Rhône-Alpes,Rhône (69),30,10,0,40,B,0,0,0,0,0,0,0,0,False,False,0.19324523349129855,0.8067547665087015,Toujours inscrit
6695035,Terminale Pro,Je ne sais pas quoi faire,_ETUDIANT / ÉLÈVE,Auvergne-Rhône-Alpes,Rhône (69),30,10,0,40,B,0,0,0,0,0,1,0,0,False,False,0.3338800801895389,0.666119919810461,Toujours inscrit
5878329,Terminale,Je ne sais pas quoi faire,_ETUDIANT / ÉLÈVE,Île-de-France,Seine-St-Denis (93),30,10,0,40,B,0,0,0,0,0,0,0,0,,,0.1989537354912539,0.8010462645087462,Toujours inscrit
6745528,Première,Je ne sais pas quoi faire,Lycéen,Île-de-France,Seine-St-Denis (93),30,10,0,40,B,0,0,0,0,0,3,0,0,False,False,0.08654767087505442,0.9134523291249456,Toujours inscrit
6742922,(Vide),(Vide),Professionnel dans l'enseignement supérieur,Île-de-France,Seine-St-Denis (93),30,0,10,40,B,0,0,0,144,0,162,0,0,True,True,0.08166437496263526,0.9183356250373648,Toujours inscrit
5732957,Terminale,Je ne sais pas quoi faire,_ETUDIANT / ÉLÈVE,Île-de-France,Seine-et-Marne (77),30,10,0,40,B,0,0,0,0,0,1,0,0,False,False,0.12293945462948698,0.877060545370513,Toujours inscrit
6809238,Bac +5 et au delà,Je ne sais pas quoi faire,_ETUDIANT / ÉLÈVE,Île-de-France,Val-D'Oise (95),30,10,0,40,B,0,0,0,0,0,4,0,0,False,False,0.13691020221638295,0.863089797783617,Toujours inscrit
8357487,Bac+1,Je ne sais pas quoi faire,"En recherche d'emploi, de stage / Jeune diplômé",Provence-Alpes-Côte d'Azur,Var (83),30,10,0,40,B,0,0,0,0,0,2,0,0,False,False,0.19733452794265877,0.8026654720573413,Toujours inscrit
7347917,Bac+2,Je ne sais pas quoi faire,_ETUDIANT / ÉLÈVE,Provence-Alpes-Côte d'Azur,Var (83),30,10,0,40,B,0,0,0,0,0,2,0,0,False,False,0.16378863114207368,0.8362113688579264,Toujours inscrit
6657486,Seconde Générale et Technologique,(Vide),Lycéen,Provence-Alpes-Côte d'Azur,Vaucluse (84),30,10,0,40,B,0,0,0,0,0,206,0,0,True,False,0.20565202587674497,0.794347974123255,Toujours inscrit
8176107,Seconde Générale et Technologique,Je ne sais pas quoi faire,Lycéen,Pays de la Loire,Vendée (85),30,10,0,40,B,0,0,0,0,0,2,0,0,False,False,0.13899951981470496,0.8610004801852951,Toujours inscrit
8370836,Seconde Générale et Technologique,Je ne sais pas quoi faire,Lycéen,Pays de la Loire,Vendée (85),30,10,0,40,B,0,0,0,0,0,2,0,0,False,False,0.19415859564164648,0.8058414043583535,Toujours inscrit
8300284,5ème,Je ne sais pas quoi faire,Collégien,Pays de la Loire,Vendée (85),30,10,0,40,B,0,0,0,0,0,2,0,0,False,False,0.1434810740860563,0.8565189259139437,Toujours inscrit
6684103,CAP/BEP,Je ne sais pas quoi faire,Parent,Pays de la Loire,Vendée (85),30,10,0,40,B,0,0,0,0,0,1,0,0,False,False,0.13357649163856583,0.8664235083614342,Toujours inscrit
5613619,Terminale,Je ne sais pas quoi faire,Lycéen,Nouvelle-Aquitaine,Vienne (86),30,10,0,40,B,0,0,0,0,0,0,0,0,,,0.19453336616596897,0.805466633834031,Toujours inscrit
7814710,Bac+2,Je ne sais pas quoi faire,Etudiant,Île-de-France,Yvelines (78),30,10,0,40,B,0,0,0,0,0,9,0,0,True,True,0.3673042383394745,0.6326957616605254,Toujours inscrit
5839323,Bac +5 et au delà,Je ne sais pas quoi faire,_ETUDIANT / ÉLÈVE,Île-de-France,Yvelines (78),30,10,0,40,B,0,0,0,0,0,0,0,0,True,False,0.2835329846465328,0.7164670153534671,Toujours inscrit
8024809,Bac +5 et au delà,Je ne sais pas quoi faire,_ETUDIANT / ÉLÈVE,Île-de-France,Yvelines (78),30,10,0,40,B,0,0,0,0,0,2,0,0,False,False,0.3673042383394745,0.6326957616605254,Toujours inscrit
9033797,Terminale,Je ne sais pas quoi faire,_ETUDIANT / ÉLÈVE,Île-de-France,Yvelines (78),30,10,0,40,B,0,0,0,0,0,18,0,0,True,True,0.3673042383394745,0.6326957616605254,Toujours inscrit
7520837,Bac+1,Je ne sais pas quoi faire,_ETUDIANT / ÉLÈVE,Île-de-France,Yvelines (78),30,10,0,40,B,0,0,0,0,0,0,0,0,True,True,0.25723558203873165,0.7427644179612684,Toujours inscrit
7565151,(Vide),(Vide),Professionnel dans l'enseignement supérieur,Nouvelle-Aquitaine,Dordogne (24),30,0,5,35,B,0,0,0,1,0,1,0,0,False,False,0.1437285128091383,0.8562714871908617,Toujours inscrit
7376693,(Vide),(Vide),Professionnel de l'éducation dans le secondaire,,,30,0,5,35,B,0,0,0,1,0,1,0,0,False,False,,,Toujours inscrit
6056889,(Vide),(Vide),Professionnel dans l'enseignement supérieur,,,30,0,5,35,B,0,0,0,1,0,137,0,0,True,True,,,Toujours inscrit
6432789,(Vide),(Vide),_RECRUTEUR,,,30,0,5,35,B,0,0,0,3,0,11,0,0,True,True,,,Toujours inscrit
6801716,(Vide),(Vide),Recruteur entreprise,Normandie,Calvados (14),30,0,5,35,B,0,0,0,1,0,1,0,0,False,False,0.09878466812090994,0.9012153318790901,Toujours inscrit
8448352,(Vide),(Vide),Professionnel hors secteur de l'éducation,Auvergne-Rhône-Alpes,Rhône (69),30,0,5,35,B,0,0,0,1,0,1,0,0,False,False,0.3338800801895389,0.666119919810461,Toujours inscrit
6463589,(Vide),(Vide),_RECRUTEUR,Auvergne-Rhône-Alpes,Rhône (69),30,0,5,35,B,0,0,0,1,0,1,0,0,False,False,0.24462818183333612,0.7553718181666639,Toujours inscrit
7804084,(Vide),(Vide),Professionnel de l'éducation dans le secondaire,Provence-Alpes-Côte d'Azur,Var (83),30,0,5,35,B,0,0,0,3,0,77,0,0,True,False,0.09764309764309764,0.9023569023569024,Toujours inscrit
3475687,(Vide),(Vide),_RECRUTEUR,Grand Est,Ardennes (08),30,0,0,30,B,0,0,0,0,0,1,0,0,False,False,0.1137855579868709,0.8862144420131292,Toujours inscrit
5190043,(Vide),(Vide),Professionnel de l'éducation dans le secondaire,Occitanie,Aveyron (12),30,0,0,30,B,0,0,0,0,0,0,0,0,False,False,0.14859276508612038,0.8514072349138796,Toujours inscrit
5672004,(Vide),(Vide),_RECRUTEUR,,,30,0,0,30,B,0,0,0,0,0,1,0,0,False,False,,,Toujours inscrit
5855201,(Vide),(Vide),Professionnel dans l'enseignement supérieur,,,30,0,0,30,B,0,0,0,0,0,0,0,0,True,True,,,Toujours inscrit
7518073,(Vide),(Vide),Professionnel dans l'enseignement supérieur,Provence-Alpes-Côte d'Azur,Alpes-Maritimes (06),30,0,0,30,B,0,0,0,0,0,1,0,0,False,False,0.17853703145216993,0.8214629685478301,Toujours inscrit
7533271,(Vide),(Vide),Professionnel de l'éducation dans le secondaire,Bourgogne-Franche-Comté,Doubs (25),30,0,0,30,B,0,0,0,0,0,1,0,0,False,False,0.16174354412495748,0.8382564558750425,Toujours inscrit
5140349,(Vide),(Vide),Professionnel de l'éducation dans le secondaire,Nouvelle-Aquitaine,Gironde (33),30,0,0,30,B,0,0,0,0,0,0,0,0,True,True,0.15421357898328217,0.8457864210167179,Toujours inscrit
5488715,(Vide),(Vide),Professionnel de l'éducation dans le secondaire,Nouvelle-Aquitaine,Gironde (33),30,0,0,30,B,0,0,0,0,0,0,0,0,False,False,0.2089252625077208,0.7910747374922792,Toujours inscrit
5469560,(Vide),(Vide),Professionnel dans l'enseignement supérieur,Auvergne-Rhône-Alpes,Isère (38),30,0,0,30,B,0,0,0,0,0,215,0,0,True,True,0.23902151488358384,0.7609784851164162,Toujours inscrit
8754573,(Vide),(Vide),Professionnel dans l'enseignement supérieur,Pays de la Loire,Loire-Atlantique (44),30,0,0,30,B,0,0,0,0,0,0,0,0,False,False,0.23244402813032358,0.7675559718696764,Toujours inscrit
6527791,(Vide),(Vide),_RECRUTEUR,Pays de la Loire,Loire-Atlantique (44),30,0,0,30,B,0,0,0,0,0,70,0,0,True,False,0.23244402813032358,0.7675559718696764,Toujours inscrit
6731786,(Vide),(Vide),Professionnel dans l'enseignement supérieur,Centre-Val de Loire,Loiret (45),30,0,0,30,B,0,0,0,0,0,1,0,0,False,False,0.15424413904607923,0.8457558609539207,Toujours inscrit
7665661,(Vide),(Vide),Recruteur entreprise,Île-de-France,Paris (75),30,0,0,30,B,0,0,0,0,0,1,0,0,False,False,,,Toujours inscrit
5793422,(Vide),(Vide),Recruteur entreprise,Île-de-France,Paris (75),30,0,0,30,B,0,0,0,0,0,1,0,0,False,False,0.45829668438563614,0.5417033156143638,Toujours inscrit
5941061,(Vide),(Vide),Professionnel dans l'enseignement supérieur,Île-de-France,Paris (75),30,0,0,30,B,0,0,0,0,0,1,0,0,False,False,0.39740679705233045,0.6025932029476695,Toujours inscrit
5130936,(Vide),(Vide),_RECRUTEUR,Île-de-France,Paris (75),30,0,0,30,B,0,0,0,0,0,0,0,0,False,False,0.30719265481655644,0.6928073451834436,Toujours inscrit
7407770,(Vide),(Vide),_RECRUTEUR,Île-de-France,Paris (75),30,0,0,30,B,0,0,0,0,0,1,0,0,False,False,0.47446373850868234,0.5255362614913177,Toujours inscrit
5290537,(Vide),(Vide),_RECRUTEUR,Île-de-France,Paris (75),30,0,0,30,B,0,0,0,0,0,1,0,0,False,False,0.45829668438563614,0.5417033156143638,Toujours inscrit
4832593,(Vide),(Vide),Recruteur entreprise,Île-de-France,Paris (75),30,0,0,30,B,0,0,0,0,0,2,0,0,False,False,0.4910950884328588,0.5089049115671412,Toujours inscrit
7482933,(Vide),(Vide),Recruteur entreprise,Auvergne-Rhône-Alpes,Rhône (69),30,0,0,30,B,0,0,0,0,0,1,0,0,False,False,0.19384853168469862,0.8061514683153014,Toujours inscrit
5241585,(Vide),(Vide),_RECRUTEUR,Auvergne-Rhône-Alpes,Rhône (69),30,0,0,30,B,0,0,0,0,0,0,0,0,True,True,0.28938773632641795,0.710612263673582,Toujours inscrit
